1
                 Chemistry at HARvard Macromolecular Mechanics
           (CHARMM) - Developmental Version 48a1     August 15, 2022            
                            Git commit ID ffa759dc6                             
       Copyright(c) 1984-2020  President and Fellows of Harvard College
                              All Rights Reserved
  Current operating system: Linux-5.3.18-150300.59.90-default(x86_64)@x1002c7   
                 Created on  1/23/25 at 20:31:20 by user: dl66        

            Maximum number of ATOMS:    360720, and RESidues:      120240
 RDTITL> * GEN3.INP - WATER DYNAMICS TO RELAX
 RDTITL> * SBOUND ADD WATER SPHERE OF 25 A
 RDTITL> *
  
 CHARMM>     
  
 CHARMM>    bomblev -2
  
 CHARMM>     
  
 CHARMM>    stream datadir.def
 VOPEN> Attempting to open::datadir.def::
 OPNLGU> Unit 99 opened for READONLY access to datadir.def

                    INPUT STREAM SWITCHING TO UNIT    99
 RDTITL> * CHARMM TESTCASE DATA DIRECTORY ASSIGNMENT
 RDTITL> *
 Parameter: IN1 <- "" <empty>
  
 CHARMM>    faster on
 MISCOM> FAST option: EXPANDED (limited fast routines)
  
 CHARMM>    set 0 toppar/     ! input data directory
 Parameter: 0 <- "TOPPAR/"
  
 CHARMM>    set 9 scratch/  ! scratch directory
 Parameter: 9 <- "SCRATCH/"
  
 CHARMM>    return
 VCLOSE: Closing unit   99 with status "KEEP"

                    RETURNING TO INPUT STREAM     5
  
 CHARMM>     
  
 CHARMM>    !
 CHARMM>    ! Read topology and parameter files
 CHARMM>    ! -------------
 CHARMM>    stream toppar.str
 VOPEN> Attempting to open::toppar.str::
 OPNLGU> Unit 99 opened for READONLY access to toppar.str

                    INPUT STREAM SWITCHING TO UNIT    99
 RDTITL> * GENERATED BY CHARMM-GUI (HTTP://WWW.CHARMM-GUI.ORG) V3.7 ON JAN, 23. 2025. JOBID=3767440248
 RDTITL> * STREAM FILE FOR TOPOLOGY AND PARAMETER READING
 RDTITL> *
 Parameter: IN1 <- "" <empty>
  
 CHARMM>     
  
 CHARMM>    ! protein topology and parameter
 CHARMM>    open read card unit 10 name toppar/top_all36_prot.rtf
 VOPEN> Attempting to open::toppar/top_all36_prot.rtf::
 OPNLGU> Unit 10 opened for READONLY access to toppar/top_all36_prot.rtf
  
 CHARMM>    read  rtf card unit 10
 MAINIO> Residue topology file being read from unit  10.
 TITLE> *>>>>>>>>CHARMM36 ALL-HYDROGEN TOPOLOGY FILE FOR PROTEINS <<<<<<
 TITLE> *>>>>> INCLUDES PHI, PSI CROSS TERM MAP (CMAP) CORRECTION <<<<<<<
 TITLE> *>>>>>>>>>>>>>>>>>>>>>>>>>> MAY 2011 <<<<<<<<<<<<<<<<<<<<<<<<<<<<
 TITLE> * ALL COMMENTS TO THE CHARMM WEB SITE: WWW.CHARMM.ORG
 TITLE> *             PARAMETER SET DISCUSSION FORUM
 TITLE> *
  
 CHARMM>     
  
 CHARMM>    open read card unit 20 name toppar/par_all36_prot.prm
 VOPEN> Attempting to open::toppar/par_all36_prot.prm::
 OPNLGU> Unit 20 opened for READONLY access to toppar/par_all36_prot.prm
  
 CHARMM>    read para card unit 20 flex

          PARAMETER FILE BEING READ FROM UNIT 20
 TITLE> *>>>> CHARMM36 ALL-HYDROGEN PARAMETER FILE FOR PROTEINS <<<<<<<<<<
 TITLE> *>>>>> INCLUDES PHI, PSI CROSS TERM MAP (CMAP) CORRECTION <<<<<<<<
 TITLE> *>>>>>>>>>>>>>>>>>>>>>>>>>> FEB. 2012 <<<<<<<<<<<<<<<<<<<<<<<<<<<<
 TITLE> * ALL COMMENTS TO THE CHARMM WEB SITE: WWW.CHARMM.ORG
 TITLE> *             PARAMETER SET DISCUSSION FORUM
 TITLE> *
 PARMIO> NONBOND, HBOND lists and IMAGE atoms cleared.
  
 CHARMM>     
  
 CHARMM>    ! nucleic acids
 CHARMM>    open read card unit 10 name toppar/top_all36_na.rtf
 OPNLGU> Unit already open. The old file will be closed first.
 VCLOSE: Closing unit   10 with status "KEEP"
 VOPEN> Attempting to open::toppar/top_all36_na.rtf::
 OPNLGU> Unit 10 opened for READONLY access to toppar/top_all36_na.rtf
  
 CHARMM>    read  rtf card unit 10 append
 MAINIO> Residue topology file being read from unit  10.
 TITLE> *  \\\\ CHARMM36 ALL-HYDROGEN NUCLEIC ACID TOPOLOGY FILE ////
 TITLE> *   ALEXANDER D. MACKERELL JR. AND COWORKERS
 TITLE> *                      APRIL 2011
 TITLE> * ALL COMMENTS TO THE CHARMM WEB SITE: WWW.CHARMM.ORG
 TITLE> *           PARAMETER SET DISCUSSION FORUM
 TITLE> *
  
 CHARMM>     
  
 CHARMM>    open read card unit 20 name toppar/par_all36_na.prm
 OPNLGU> Unit already open. The old file will be closed first.
 VCLOSE: Closing unit   20 with status "KEEP"
 VOPEN> Attempting to open::toppar/par_all36_na.prm::
 OPNLGU> Unit 20 opened for READONLY access to toppar/par_all36_na.prm
  
 CHARMM>    read para card unit 20 append flex

          PARAMETER FILE BEING READ FROM UNIT 20
 TITLE> * \\\\ CHARMM36 ALL-HYDROGEN NUCLEIC ACID PARAMETER FILE ////
 TITLE> *         ALEXANDER D. MACKERELL JR. AND COWORKERS
 TITLE> *                        APRIL 2011
 TITLE> * ALL COMMENTS TO THE CHARMM WEB SITE: WWW.CHARMM.ORG PARAMETER
 TITLE> *                     SET DISCUSSION FORUM
 TITLE> *
 PARMIO> NONBOND, HBOND lists and IMAGE atoms cleared.
  
 CHARMM>     
  
 CHARMM>    ! carbohydrates
 CHARMM>    open read card unit 10 name toppar/top_all36_carb.rtf
 OPNLGU> Unit already open. The old file will be closed first.
 VCLOSE: Closing unit   10 with status "KEEP"
 VOPEN> Attempting to open::toppar/top_all36_carb.rtf::
 OPNLGU> Unit 10 opened for READONLY access to toppar/top_all36_carb.rtf
  
 CHARMM>    read  rtf card unit 10 append
 MAINIO> Residue topology file being read from unit  10.
 TITLE> * $ID: TOP_ALLXX_SUGAR.INP,V 1.106 2014/08/19 19:07:43 ALEX EXP $
 TITLE> *>>>>>>>>>>>> ALL-HYDROGEN TOPOLOGIES USED IN THE <<<<<<<<<<<<<<<<
 TITLE> *>>>>> DEVELOPMENT OF THE CHARMM CARBOHYDRATE  FORCE FIELD<<<<<<<<
 TITLE> *>>>>>>>>>>>>>>>>>>>>>>>>> JUNE 2009 <<<<<<<<<<<<<<<<<<<<<<<<<<<<<
 TITLE> *>>>>>>>> DIRECT COMMENTS TO ALEXANDER D. MACKERELL JR. <<<<<<<<<<
 TITLE> *>>>>>>>>>> VIA THE CHARMM WEB SITE: WWW.CHARMM.ORG <<<<<<<<<<<<<<
 TITLE> *>>>>>>>>>>>>>>> PARAMETER SET DISCUSSION FORUM <<<<<<<<<<<<<<<<<<
 TITLE> *
  
 CHARMM>     
  
 CHARMM>    open read card unit 20 name toppar/par_all36_carb.prm
 OPNLGU> Unit already open. The old file will be closed first.
 VCLOSE: Closing unit   20 with status "KEEP"
 VOPEN> Attempting to open::toppar/par_all36_carb.prm::
 OPNLGU> Unit 20 opened for READONLY access to toppar/par_all36_carb.prm
  
 CHARMM>    read para card unit 20 append flex

          PARAMETER FILE BEING READ FROM UNIT 20
 TITLE> * $ID: PAR_ALLXX_SUGAR.INP,V 1.132 2014/08/19 19:03:21 ALEX EXP $
 TITLE> *>>>>>>>>>>>> ALL-HYDROGEN PARAMETERS USED IN THE <<<<<<<<<<<<<<<<
 TITLE> *>>>>> DEVELOPMENT OF THE CHARMM CARBOHYDRATE  FORCE FIELD<<<<<<<<
 TITLE> *>>>>>>>>>>>>>>>>>>>>>>>>> JUNE 2009 <<<<<<<<<<<<<<<<<<<<<<<<<<<<<
 TITLE> *>>>>>>>> DIRECT COMMENTS TO ALEXANDER D. MACKERELL JR. <<<<<<<<<<
 TITLE> *>>>>>>>>>> VIA THE CHARMM WEB SITE: WWW.CHARMM.ORG <<<<<<<<<<<<<<
 TITLE> *>>>>>>>>>>>>>>> PARAMETER SET DISCUSSION FORUM <<<<<<<<<<<<<<<<<<
 TITLE> *
 PARMIO> NONBOND, HBOND lists and IMAGE atoms cleared.
  
 CHARMM>     
  
 CHARMM>    ! lipids
 CHARMM>    open read card unit 10 name toppar/top_all36_lipid.rtf
 OPNLGU> Unit already open. The old file will be closed first.
 VCLOSE: Closing unit   10 with status "KEEP"
 VOPEN> Attempting to open::toppar/top_all36_lipid.rtf::
 OPNLGU> Unit 10 opened for READONLY access to toppar/top_all36_lipid.rtf
  
 CHARMM>    read  rtf card unit 10 append
 MAINIO> Residue topology file being read from unit  10.
 TITLE> *  \\\\\\\ CHARMM36 ALL-HYDROGEN LIPID TOPOLOGY FILE ///////
 TITLE> *  ALL COMMENTS AND QUESTIONS SHOULD BE SUBMITTED TO THE
 TITLE> *  PARAMETER FORUM AT THE CHARMM WEBSITE: WWW.CHARMM.ORG
 TITLE> *
  
 CHARMM>     
  
 CHARMM>    open read card unit 20 name toppar/par_all36_lipid.prm
 OPNLGU> Unit already open. The old file will be closed first.
 VCLOSE: Closing unit   20 with status "KEEP"
 VOPEN> Attempting to open::toppar/par_all36_lipid.prm::
 OPNLGU> Unit 20 opened for READONLY access to toppar/par_all36_lipid.prm
  
 CHARMM>    read para card unit 20 append flex

          PARAMETER FILE BEING READ FROM UNIT 20
 TITLE> *  \\\\\\\ CHARMM36 ALL-HYDROGEN LIPID PARAMETER FILE ///////
 TITLE> *  ALL COMMENTS AND QUESTIONS SHOULD BE SUBMITTED TO THE
 TITLE> *  PARAMETER FORUM AT THE CHARMM WEBSITE: WWW.CHARMM.ORG
 TITLE> *
 PARMIO> NONBOND, HBOND lists and IMAGE atoms cleared.
  
 CHARMM>     
  
 CHARMM>    ! CGENFF
 CHARMM>    open read card unit 10 name toppar/top_all36_cgenff.rtf
 OPNLGU> Unit already open. The old file will be closed first.
 VCLOSE: Closing unit   10 with status "KEEP"
 VOPEN> Attempting to open::toppar/top_all36_cgenff.rtf::
 OPNLGU> Unit 10 opened for READONLY access to toppar/top_all36_cgenff.rtf
  
 CHARMM>    read  rtf card unit 10 append
 MAINIO> Residue topology file being read from unit  10.
 TITLE> *  --------------------------------------------------------------------------  *
 TITLE> *          CGENFF: TOPOLOGY FOR THE CHARMM GENERAL FORCE FIELD V. 4.6          *
 TITLE> *                    FOR SMALL MOLECULE DRUG DESIGN                            *
 TITLE> *  --------------------------------------------------------------------------  *
 TITLE> *

 DRUDES PARTICLES WILL BE GENERATED AUTOMATICALLY FOR ALL ATOMS WITH NON-ZERO ALPHA
 Thole-type dipole screening, Slater-Delta shape {S(u) = 1 - (1+u/2)*exp(-u)}, default radius =  1.300000
  
 CHARMM>     
  
 CHARMM>    open read card unit 20 name toppar/par_all36_cgenff.prm
 OPNLGU> Unit already open. The old file will be closed first.
 VCLOSE: Closing unit   20 with status "KEEP"
 VOPEN> Attempting to open::toppar/par_all36_cgenff.prm::
 OPNLGU> Unit 20 opened for READONLY access to toppar/par_all36_cgenff.prm
  
 CHARMM>    read para card unit 20 append flex

          PARAMETER FILE BEING READ FROM UNIT 20
 TITLE> *  --------------------------------------------------------------------------  *
 TITLE> *         CGENFF: PARAMETERS FOR THE CHARMM GENERAL FORCE FIELD V. 4.6         *
 TITLE> *                    FOR SMALL MOLECULE DRUG DESIGN                            *
 TITLE> *  --------------------------------------------------------------------------  *
 TITLE> *  2017/8: IF PROTEIN, NUCLEIC ACID AND CARBOHYDRATE TOPOLOGY AND PARAMETER FILES
 TITLE> *  ARE NOT READ PRIOR TO THE CGENFF FILES "WARNING: ATOMS IN NBFIX ' errors will
 TITLE> *  BE ENCOUNTERED.  THESE CAN BE PASSED BY SETTING BOMLEV ( -2) PRIOR TO READING
 TITLE> *  THIS FILE. IN ADDITION, WHEN GENERATING AROMATIC HALOGENS (CL, BR, I) WITH
 TITLE> *  PRE C41B/C42A VERSIONS OF CHARMM "MISSING PARAMETER" ERRORS WILL BE
 TITLE> *  ENCOUNTERED THAT ALSO REQUIRE SETTING BOMLEV ( -2).
 TITLE> *
 PARMIO> NONBOND, HBOND lists and IMAGE atoms cleared.
  
 CHARMM>     
  
 CHARMM>    ! Phosphates and Sulfates
 CHARMM>    stream toppar/toppar_all36_moreions.str
 VOPEN> Attempting to open::toppar/toppar_all36_moreions.str::
 OPNLGU> Unit 98 opened for READONLY access to toppar/toppar_all36_moreions.str

                    INPUT STREAM SWITCHING TO UNIT    98
 RDTITL> * ADDITIONAL IONS GENERATED USING CGENFF
 RDTITL> *
 Parameter: IN1 <- "" <empty>
  
 CHARMM>     
  
 CHARMM>    set nat ?NATC
 RDCMND substituted energy or value "?NATC" to "345"
 Parameter: NAT <- "345"
  
 CHARMM>    set app
 Parameter: APP <- "" <empty>
  
 CHARMM>     
  
 CHARMM>    if "@NAT" ne "?NATC" if @nat ne 0 set app append
 Parameter: NAT -> "345"
 Parameter: NAT -> "345"
 RDCMND: can not substitute energy "?NATC""
 Comparing ""345"" and ""?NATC"".
 IF test evaluated as true.  Performing command
 Comparing "345" and "0".
 IF test evaluated as true.  Performing command
 Parameter: APP <- "APPEND"
  
 CHARMM>     
  
 CHARMM>    read rtf card @app
 Parameter: APP -> "APPEND"
 MAINIO> Residue topology file being read from unit  98.
 RDTITL> * TOPOLOGIES GENERATED BY
 RDTITL> * CHARMM GENERAL FORCE FIELD (CGENFF) PROGRAM VERSION 2.4.0
 RDTITL> *
  
 CHARMM>     
  
 CHARMM>    read para card flex @app
 Parameter: APP -> "APPEND"

          PARAMETER FILE BEING READ FROM UNIT 98
 RDTITL> * PARAMETERS GENERATED BY ANALOGY BY
 RDTITL> * CHARMM GENERAL FORCE FIELD (CGENFF) PROGRAM VERSION 2.4.0
 RDTITL> *
 PARMIO> NONBOND, HBOND lists and IMAGE atoms cleared.
  
 CHARMM>     
  
 VCLOSE: Closing unit   98 with status "KEEP"

                    RETURNING TO INPUT STREAM    99
  
 CHARMM>     
  
 CHARMM>    ! Interface FF
 CHARMM>    open read card unit 10 name toppar/top_interface.rtf
 OPNLGU> Unit already open. The old file will be closed first.
 VCLOSE: Closing unit   10 with status "KEEP"
 VOPEN> Attempting to open::toppar/top_interface.rtf::
 OPNLGU> Unit 10 opened for READONLY access to toppar/top_interface.rtf
  
 CHARMM>    read  rtf card unit 10 append
 MAINIO> Residue topology file being read from unit  10.
 TITLE> * INTERFACE FF
 TITLE> * TOPOLOGY FOR NANOMATERIALS
 TITLE> *
*** WARNING **** residue TSHO already exists (old one deleted)

      ***** LEVEL  1 WARNING FROM <RTFRDR> *****
      ***** Residue already exists.
      ******************************************
      BOMLEV ( -2) IS NOT REACHED. WRNLEV IS  5

          PRES TSHO17      -1.050
*** WARNING **** residue TSHO already exists (old one deleted)

      ***** LEVEL  1 WARNING FROM <RTFRDR> *****
      ***** Residue already exists.
      ******************************************
      BOMLEV ( -2) IS NOT REACHED. WRNLEV IS  5

          PRES TSHO21      -1.050
 There were   2 warning(s) from RTFRDR.
  
 CHARMM>     
  
 CHARMM>    open read card unit 10 name toppar/par_interface.prm
 OPNLGU> Unit already open. The old file will be closed first.
 VCLOSE: Closing unit   10 with status "KEEP"
 VOPEN> Attempting to open::toppar/par_interface.prm::
 OPNLGU> Unit 10 opened for READONLY access to toppar/par_interface.prm
  
 CHARMM>    read para card unit 10 append flex

          PARAMETER FILE BEING READ FROM UNIT 10
 TITLE> * INTERFACE FF
 TITLE> * TOPOLOGY AND PARAMETER FOR CALY MINERALS, CEMENT MINERALS
 TITLE> *
 PARRDR> Error: Repeated DIHE parameter ( 10947): HGR6  ICG1  ICG1  ICGE is replaced
 PARMIO> NONBOND, HBOND lists and IMAGE atoms cleared.
  
 CHARMM>     
  
 CHARMM>    stream toppar/toppar_all36_nano_lig.str
 VOPEN> Attempting to open::toppar/toppar_all36_nano_lig.str::
 OPNLGU> Unit 98 opened for READONLY access to toppar/toppar_all36_nano_lig.str

                    INPUT STREAM SWITCHING TO UNIT    98
 RDTITL> READ RTF CARD APPEND
 RDTITL> No title read.
 Parameter: IN1 <- "" <empty>
  
 CHARMM>    read rtf card append
 MAINIO> Residue topology file being read from unit  98.
 RDTITL> * TOPOLOGY FOR NANO-LIGAND
 RDTITL> *
  
 CHARMM>     
  
 CHARMM>    read param card flex append

          PARAMETER FILE BEING READ FROM UNIT 98
 RDTITL> * SYNTHETIC POLYMER PARAMETER
 RDTITL> *
 PARMIO> NONBOND, HBOND lists and IMAGE atoms cleared.
  
 CHARMM>    RETURN
 VCLOSE: Closing unit   98 with status "KEEP"

                    RETURNING TO INPUT STREAM    99
  
 CHARMM>    stream toppar/toppar_all36_nano_lig_patch.str
 VOPEN> Attempting to open::toppar/toppar_all36_nano_lig_patch.str::
 OPNLGU> Unit 98 opened for READONLY access to toppar/toppar_all36_nano_lig_patch.str

                    INPUT STREAM SWITCHING TO UNIT    98
 RDTITL> READ RTF CARD APPEND
 RDTITL> No title read.
 Parameter: IN1 <- "" <empty>
  
 CHARMM>    read rtf card append
 MAINIO> Residue topology file being read from unit  98.
 RDTITL> * TOPOLOGY FOR SYNTHETIC_POLYMER
 RDTITL> *
  
 CHARMM>    RETURN
 VCLOSE: Closing unit   98 with status "KEEP"

                    RETURNING TO INPUT STREAM    99
  
 CHARMM>     
  
 CHARMM>    ! Additional topologies and parameters for synthetic polymer
 CHARMM>    stream toppar/toppar_all36_synthetic_polymer.str
 VOPEN> Attempting to open::toppar/toppar_all36_synthetic_polymer.str::
 OPNLGU> Unit 98 opened for READONLY access to toppar/toppar_all36_synthetic_polymer.str

                    INPUT STREAM SWITCHING TO UNIT    98
 RDTITL> READ RTF CARD APPEND
 RDTITL> No title read.
 Parameter: IN1 <- "" <empty>
  
 CHARMM>    read rtf card append
 MAINIO> Residue topology file being read from unit  98.
 RDTITL> * TOPOLOGY FOR SYNTHETIC_POLYMER
 RDTITL> *
  
 CHARMM>     
  
 CHARMM>    read param card flex append

          PARAMETER FILE BEING READ FROM UNIT 98
 RDTITL> * SYNTHETIC POLYMER PARAMETER
 RDTITL> *
 PARMIO> NONBOND, HBOND lists and IMAGE atoms cleared.
  
 CHARMM>    RETURN
 VCLOSE: Closing unit   98 with status "KEEP"

                    RETURNING TO INPUT STREAM    99
  
 CHARMM>    stream toppar/toppar_all36_synthetic_polymer_patch.str
 VOPEN> Attempting to open::toppar/toppar_all36_synthetic_polymer_patch.str::
 OPNLGU> Unit 98 opened for READONLY access to toppar/toppar_all36_synthetic_polymer_patch.str

                    INPUT STREAM SWITCHING TO UNIT    98
 RDTITL> READ RTF CARD APPEND
 RDTITL> No title read.
 Parameter: IN1 <- "" <empty>
  
 CHARMM>    read rtf card append
 MAINIO> Residue topology file being read from unit  98.
 RDTITL> * TOPOLOGY FOR SYNTHETIC_POLYMER
 RDTITL> *
  
 CHARMM>     
  
 CHARMM>    return
 VCLOSE: Closing unit   98 with status "KEEP"

                    RETURNING TO INPUT STREAM    99
  
 CHARMM>    stream toppar/toppar_all36_polymer_solvent.str
 VOPEN> Attempting to open::toppar/toppar_all36_polymer_solvent.str::
 OPNLGU> Unit 98 opened for READONLY access to toppar/toppar_all36_polymer_solvent.str

                    INPUT STREAM SWITCHING TO UNIT    98
 RDTITL> READ RTF CARD APPEND
 RDTITL> No title read.
 Parameter: IN1 <- "" <empty>
  
 CHARMM>    read rtf card append
 MAINIO> Residue topology file being read from unit  98.
 RDTITL> * TOPOLOGY FOR SYNTHETIC_POLYMER
 RDTITL> *
  
 CHARMM>    read param card flex append

          PARAMETER FILE BEING READ FROM UNIT 98
 RDTITL> * SYNTHETIC POLYMER PARAMETER
 RDTITL> *
 PARMIO> NONBOND, HBOND lists and IMAGE atoms cleared.
  
 CHARMM>     
  
 CHARMM>    RETURN
 VCLOSE: Closing unit   98 with status "KEEP"

                    RETURNING TO INPUT STREAM    99
  
 CHARMM>     
  
 CHARMM>    ! Additional topologies and parameters for water and ions
 CHARMM>    stream toppar/toppar_water_ions.str
 VOPEN> Attempting to open::toppar/toppar_water_ions.str::
 OPNLGU> Unit 98 opened for READONLY access to toppar/toppar_water_ions.str

                    INPUT STREAM SWITCHING TO UNIT    98
 RDTITL> * TOPLOGY AND PARAMETER INFORMATION FOR WATER AND IONS.
 RDTITL> *
 Parameter: IN1 <- "" <empty>
  
 CHARMM>     
  
 CHARMM>    !Testcase
 CHARMM>    !test_water_ions.inp
 CHARMM>     
  
 CHARMM>    ! IMPORTANT NOTE: this file contains NBFixes between carboxylates and sodium,
 CHARMM>    ! which will only apply if the main files containing carboxylate atom types
 CHARMM>    ! have been read in first!
 CHARMM>     
  
 CHARMM>    !references
 CHARMM>    !
 CHARMM>    !TIP3P water model
 CHARMM>    !
 CHARMM>    !W.L. Jorgensen; J.Chandrasekhar; J.D. Madura; R.W. Impey;
 CHARMM>    !M.L. Klein; "Comparison of simple potential functions for
 CHARMM>    !simulating liquid water", J. Chem. Phys. 79 926-935 (1983).
 CHARMM>    !
 CHARMM>    !IONS
 CHARMM>    !
 CHARMM>    !Ions from Roux and coworkers
 CHARMM>    !
 CHARMM>    !Beglov, D. and Roux, B., Finite Representation of an Infinite
 CHARMM>    !Bulk System: Solvent Boundary Potential for Computer Simulations,
 CHARMM>    !Journal of Chemical Physics, 1994, 100: 9050-9063
 CHARMM>    !
 CHARMM>    !ZINC
 CHARMM>    !
 CHARMM>    !Stote, R.H. and Karplus, M. Zinc Binding in Proteins and
 CHARMM>    !Solution: A Simple but Accurate Nonbonded Representation, PROTEINS:
 CHARMM>    !Structure, Function, and Genetics 23:12-31 (1995)
 CHARMM>     
  
 CHARMM>    !test "append" to determine if previous toppar files have been read and
 CHARMM>    !add append to "read rtf card" if true
 CHARMM>    set nat ?NATC
 RDCMND substituted energy or value "?NATC" to "468"
 Parameter: NAT <- "468"
  
 CHARMM>    set app
 Parameter: APP <- "" <empty>
  
 CHARMM>    !We're exploiting what is arguably a bug in the parser. On the left hand side,
 CHARMM>    !the quotes have priority, so NAT is correctly substituted. On the right hand
 CHARMM>    !side, the ? has priority and NATC" (sic) is not a valid substitution...
 CHARMM>    if "@NAT" ne "?NATC" if @nat ne 0 set app append
 Parameter: NAT -> "468"
 Parameter: NAT -> "468"
 RDCMND: can not substitute energy "?NATC""
 Comparing ""468"" and ""?NATC"".
 IF test evaluated as true.  Performing command
 Comparing "468" and "0".
 IF test evaluated as true.  Performing command
 Parameter: APP <- "APPEND"
  
 CHARMM>     
  
 CHARMM>    read rtf card @app
 Parameter: APP -> "APPEND"
 MAINIO> Residue topology file being read from unit  98.
 RDTITL> * TOPOLOGY FOR WATER AND IONS
 RDTITL> *
  
 CHARMM>     
  
 CHARMM>    read para card flex @app
 Parameter: APP -> "APPEND"

          PARAMETER FILE BEING READ FROM UNIT 98
 RDTITL> * PARAMETERS FOR WATER AND IONS
 RDTITL> *
 PARMIO> NONBOND, HBOND lists and IMAGE atoms cleared.
  
 CHARMM>     
  
 CHARMM>    ! The following section contains NBFixes for sodium interacting with
 CHARMM>    ! carboxylate oxygens of various CHARMM force fields. It will generate
 CHARMM>    ! level -1 warnings whenever any of these force fields have not been
 CHARMM>    ! read prior to the current stream file. Since we don't want to force
 CHARMM>    ! the user to always read all the force fields, we're suppressing the
 CHARMM>    ! warnings. The only side effect is that you will have "most severe
 CHARMM>    ! warning was at level 0" at the end of your output. Also note that
 CHARMM>    ! the user is responsible for reading the current file last if they
 CHARMM>    ! want the NBFixes to apply. A more elegant solution would require new
 CHARMM>    ! features to be added to CHARMM.
 CHARMM>    ! parallel fix, to avoid duplicated messages in the log
 CHARMM>    set para
 Parameter: PARA <- "" <empty>
  
 CHARMM>    if ?NUMNODE gt 1 set para node 0
 RDCMND substituted energy or value "?NUMNODE" to "1"
 Comparing "1" and "1".
 IF test evaluated as false.  Skipping command
  
 CHARMM>     
  
 CHARMM>    set wrn ?WRNLEV
 RDCMND substituted energy or value "?WRNLEV" to "5"
 Parameter: WRN <- "5"
  
 CHARMM>    ! Some versions of CHARMM don't seem to initialize wrnlev...
 CHARMM>    if "@WRN" eq "?WRNLEV" set wrn 5
 Parameter: WRN -> "5"
 RDCMND: can not substitute energy "?WRNLEV""
 Comparing ""5"" and ""?WRNLEV"".
 IF test evaluated as false.  Skipping command
  
 CHARMM>    set bom ?bomlev
 RDCMND substituted energy or value "?BOMLEV" to "-2"
 Parameter: BOM <- "-2"
  
 CHARMM>    WRNLEV -1 @PARA
 Parameter: PARA -> "" <empty>
  
 CHARMM>    BOMLEV -1 @PARA
 Parameter: PARA -> "" <empty>
  
 CHARMM>    read para card flex append

          PARAMETER FILE BEING READ FROM UNIT 98
 RDTITL> * NBFIX BETWEEN CARBOXYLATE AND SODIUM
 RDTITL> *
 PARMIO> NONBOND, HBOND lists and IMAGE atoms cleared.
  
 CHARMM>    BOMLEV @bom @PARA
 Parameter: BOM -> "-2"
 Parameter: PARA -> "" <empty>
  
 CHARMM>    WRNLEV @wrn @PARA
 Parameter: WRN -> "5"
 Parameter: PARA -> "" <empty>
  
 CHARMM>     
  
 CHARMM>    return
 VCLOSE: Closing unit   98 with status "KEEP"

                    RETURNING TO INPUT STREAM    99
  
 CHARMM>    stream toppar/toppar_dum_noble_gases.str
 VOPEN> Attempting to open::toppar/toppar_dum_noble_gases.str::
 OPNLGU> Unit 98 opened for READONLY access to toppar/toppar_dum_noble_gases.str

                    INPUT STREAM SWITCHING TO UNIT    98
 RDTITL> * TOPLOGY AND PARAMETER INFORMATION FOR HELIUM, NEON AND A DUMMY ATOM.
 RDTITL> *
 Parameter: IN1 <- "" <empty>
  
 CHARMM>     
  
 CHARMM>    !Testcase
 CHARMM>    !test_dum_nobel_gases.inp
 CHARMM>     
  
 CHARMM>    !test "append" to determine if previous	toppar files have been read and
 CHARMM>    !add append to "read rtf card" if true
 CHARMM>    set nat ?NATC
 RDCMND substituted energy or value "?NATC" to "485"
 Parameter: NAT <- "485"
  
 CHARMM>    set app
 Parameter: APP <- "" <empty>
  
 CHARMM>    !We're exploiting what is arguably a bug in the parser. On the left hand side,
 CHARMM>    !the quotes have proirity, so NAT is correctly substituted. On the right hand
 CHARMM>    !side, the ? has priority and NATC" (sic) is not a valid substitution...
 CHARMM>    if "@NAT" ne "?NATC" if @nat ne 0 set app append
 Parameter: NAT -> "485"
 Parameter: NAT -> "485"
 RDCMND: can not substitute energy "?NATC""
 Comparing ""485"" and ""?NATC"".
 IF test evaluated as true.  Performing command
 Comparing "485" and "0".
 IF test evaluated as true.  Performing command
 Parameter: APP <- "APPEND"
  
 CHARMM>     
  
 CHARMM>    read rtf card @app
 Parameter: APP -> "APPEND"
 MAINIO> Residue topology file being read from unit  98.
 RDTITL> * TOPOLOGY FOR HELIUM, NEON AND A DUMMY ATOM.
 RDTITL> *
  
 CHARMM>     
  
 CHARMM>    read para card flex @app
 Parameter: APP -> "APPEND"

          PARAMETER FILE BEING READ FROM UNIT 98
 RDTITL> * PARAMETERS FOR HELIUM, NEON AND A DUMMY ATOM.
 RDTITL> *
 PARMIO> NONBOND, HBOND lists and IMAGE atoms cleared.
  
 CHARMM>     
  
 CHARMM>    return
 VCLOSE: Closing unit   98 with status "KEEP"

                    RETURNING TO INPUT STREAM    99
  
 CHARMM>    stream toppar/toppar_ions_won.str
 VOPEN> Attempting to open::toppar/toppar_ions_won.str::
 OPNLGU> Unit 98 opened for READONLY access to toppar/toppar_ions_won.str

                    INPUT STREAM SWITCHING TO UNIT    98
 RDTITL> * TOP_IONS_WON.STR: GENERAL MODEL FOR MONO-, DI-, AND TRIVALENT CATIONS
 RDTITL> *
 Parameter: IN1 <- "" <empty>
  
 CHARMM>     
  
 CHARMM>    !This is a comprehensive set of ions developed using stochastic boundary
 CHARMM>    !conditions. It is strongly recommended that ion parameters in
 CHARMM>    !toppar_water_ions.str be used if available, as they are more highly
 CHARMM>    !optimized.  Accordingly, those ions have been commented in this
 CHARMM>    !file.
 CHARMM>    !
 CHARMM>    !reference
 CHARMM>    !Won, Y., "Force Field for Monovalent, Divalent, and Trivalent Cations
 CHARMM>    !Developed under the Solvent Boundary Potential," Journal of Physical
 CHARMM>    !Chemistry A., 116: 11763-11767, 2012.
 CHARMM>     
  
 CHARMM>     
  
 CHARMM>    !test "append" to determine if previous toppar files have been read and
 CHARMM>    !add append to "read rtf card" if true
 CHARMM>    set nat ?NATC
 RDCMND substituted energy or value "?NATC" to "488"
 Parameter: NAT <- "488"
  
 CHARMM>    set app
 Parameter: APP <- "" <empty>
  
 CHARMM>    !We're exploiting what is arguably a bug in the parser. On the left hand side,
 CHARMM>    !the quotes have priority, so NAT is correctly substituted. On the right hand
 CHARMM>    !side, the ? has priority and NATC" (sic) is not a valid substitution...
 CHARMM>    if "@NAT" ne "?NATC" if @nat ne 0 set app append
 Parameter: NAT -> "488"
 Parameter: NAT -> "488"
 RDCMND: can not substitute energy "?NATC""
 Comparing ""488"" and ""?NATC"".
 IF test evaluated as true.  Performing command
 Comparing "488" and "0".
 IF test evaluated as true.  Performing command
 Parameter: APP <- "APPEND"
  
 CHARMM>     
  
 CHARMM>    read rtf card @app
 Parameter: APP -> "APPEND"
 MAINIO> Residue topology file being read from unit  98.
 RDTITL> * TOPOLOGY FOR WATER AND IONS
 RDTITL> *
  
 CHARMM>     
  
 CHARMM>    read para card flex @app
 Parameter: APP -> "APPEND"

          PARAMETER FILE BEING READ FROM UNIT 98
 RDTITL> * PAR_CATION.PRM FOR MONO-, DI-, AND TRIVALENT CATIONS
 RDTITL> *
 PARMIO> NONBOND, HBOND lists and IMAGE atoms cleared.
  
 VCLOSE: Closing unit   98 with status "KEEP"

                    RETURNING TO INPUT STREAM    99
  
 CHARMM>    stream toppar/cam.str
 VOPEN> Attempting to open::toppar/cam.str::
 OPNLGU> Unit 98 opened for READONLY access to toppar/cam.str

                    INPUT STREAM SWITCHING TO UNIT    98
 RDTITL> READ RTF CARD APPEND
 RDTITL> No title read.
 Parameter: IN1 <- "" <empty>
  
 CHARMM>    read rtf card append
 MAINIO> Residue topology file being read from unit  98.
 RDTITL> * TOPOLOGY GENERATED BY PARMED
 RDTITL> *

      ***** LEVEL  1 WARNING FROM <rtfrdr> *****
      ***** No AUTOgen defaults specified in appended RTF. Potential conflict with prior RTF autogen options. Check.
      ******************************************
      BOMLEV ( -2) IS NOT REACHED. WRNLEV IS  5

  
 CHARMM>     
  
 CHARMM>    read para card flex append

          PARAMETER FILE BEING READ FROM UNIT 98
 RDTITL> * PARAMETERS GENERATED BY PARMED
 RDTITL> *
 PARMIO> NONBOND, HBOND lists and IMAGE atoms cleared.
  
 CHARMM>     
  
 CHARMM>    ! The following section contains NBFixes for CAM interacting with
 CHARMM>    ! water.
 CHARMM>    set para
 Parameter: PARA <- "" <empty>
  
 CHARMM>    if ?NUMNODE gt 1 set para node 0
 RDCMND substituted energy or value "?NUMNODE" to "1"
 Comparing "1" and "1".
 IF test evaluated as false.  Skipping command
  
 CHARMM>     
  
 CHARMM>    set wrn ?WRNLEV
 RDCMND substituted energy or value "?WRNLEV" to "5"
 Parameter: WRN <- "5"
  
 CHARMM>    ! Some versions of CHARMM don't seem to initialize wrnlev...
 CHARMM>    if "@WRN" eq "?WRNLEV" set wrn 5
 Parameter: WRN -> "5"
 RDCMND: can not substitute energy "?WRNLEV""
 Comparing ""5"" and ""?WRNLEV"".
 IF test evaluated as false.  Skipping command
  
 CHARMM>    set bom ?bomlev
 RDCMND substituted energy or value "?BOMLEV" to "-2"
 Parameter: BOM <- "-2"
  
 CHARMM>    WRNLEV -1 @PARA
 Parameter: PARA -> "" <empty>
  
 CHARMM>    BOMLEV -1 @PARA
 Parameter: PARA -> "" <empty>
  
 CHARMM>     
  
 CHARMM>    read para card flex append

          PARAMETER FILE BEING READ FROM UNIT 98
 RDTITL> * NBFIX BETWEEN CAM AND WATER
 RDTITL> *
 PARMIO> NONBOND, HBOND lists and IMAGE atoms cleared.
  
 CHARMM>    BOMLEV @bom @PARA
 Parameter: BOM -> "-2"
 Parameter: PARA -> "" <empty>
  
 CHARMM>    WRNLEV @wrn @PARA
 Parameter: WRN -> "5"
 Parameter: PARA -> "" <empty>
  
 CHARMM>     
  
 CHARMM>    return
 VCLOSE: Closing unit   98 with status "KEEP"

                    RETURNING TO INPUT STREAM    99
  
 CHARMM>     
  
 CHARMM>    ! Additional topologies and parameters for protein
 CHARMM>    stream toppar/toppar_all36_prot_arg0.str
 VOPEN> Attempting to open::toppar/toppar_all36_prot_arg0.str::
 OPNLGU> Unit 98 opened for READONLY access to toppar/toppar_all36_prot_arg0.str

                    INPUT STREAM SWITCHING TO UNIT    98
 RDTITL> *>>>>>> ALL-HYDROGEN TOPOLOGY FOR NEUTRAL ARG <<<<<<<<<<<<<<<<<<<<
 RDTITL> *>>>>>>>>>>>>>>>>>>>>>>> 2007 <<<<<<<<<<<<<<<<<<<<<<<<<<<<<<<<<<<<
 RDTITL> *>>>>>>>> DIRECT COMMENTS TO ALEXANDER D. MACKERELL JR. <<<<<<<<<<
 RDTITL> *>>>>>>>>>>>>>>> PARAMETER FORUM, WWW.CHARMM.ORG <<<<<<<<<<<<<<<<<
 RDTITL> *
 Parameter: IN1 <- "" <empty>
  
 CHARMM>     
  
 CHARMM>    ! Atom names include "R" (for Arg) as the second letter. The
 CHARMM>    ! only other atom types in the additive FF with this second
 CHARMM>    ! letter are histidine [HN]R[123] in the protein FF and CRL[12]
 CHARMM>    ! in toppar_all36_lipid_cholesterol.str , so no more conflicts.
 CHARMM>     
  
 CHARMM>    !Parent files that have to be read prior to streaming this file
 CHARMM>    !top_all36_prot.rtf
 CHARMM>    !par_all36_prot.rtf
 CHARMM>    !
 CHARMM>    !Testcase
 CHARMM>    !test_all36_prot_arg0.inp
 CHARMM>     
  
 CHARMM>    !Li, L., Vorobyov, I.V., MacKerell, Jr., A.D., Allen, T.W., "Is
 CHARMM>    !arginine charged in a membrane?" Biophysical Journal, 94: L11-L13,
 CHARMM>    !2008, PMCID: PMC2157258
 CHARMM>     
  
 CHARMM>    read rtf card append
 MAINIO> Residue topology file being read from unit  98.
 RDTITL> * TOPOLOGY FOR PROTEIN RELATED MODEL COMPOUNDS
 RDTITL> *
*** WARNING **** residue MGU1 already exists (old one deleted)

      ***** LEVEL  1 WARNING FROM <RTFRDR> *****
      ***** Residue already exists.
      ******************************************
      BOMLEV ( -2) IS NOT REACHED. WRNLEV IS  5

          RESI MGU1          0.00
*** WARNING **** residue MGU2 already exists (old one deleted)

      ***** LEVEL  1 WARNING FROM <RTFRDR> *****
      ***** Residue already exists.
      ******************************************
      BOMLEV ( -2) IS NOT REACHED. WRNLEV IS  5

          RESI MGU2          0.00
 There were   2 warning(s) from RTFRDR.
  
 CHARMM>     
  
 CHARMM>    read param card flex append

          PARAMETER FILE BEING READ FROM UNIT 98
 RDTITL>  
 RDTITL> No title read.
 PARMIO> NONBOND, HBOND lists and IMAGE atoms cleared.
  
 CHARMM>     
  
 CHARMM>    return
 VCLOSE: Closing unit   98 with status "KEEP"

                    RETURNING TO INPUT STREAM    99
  
 CHARMM>    stream toppar/toppar_all36_prot_c36_d_aminoacids.str
 VOPEN> Attempting to open::toppar/toppar_all36_prot_c36_d_aminoacids.str::
 OPNLGU> Unit 98 opened for READONLY access to toppar/toppar_all36_prot_c36_d_aminoacids.str

                    INPUT STREAM SWITCHING TO UNIT    98
 RDTITL> *>>>>>>CHARMM36 ALL-HYDROGEN TOPPAR FILE FOR D-PROTEINS <<<<<<<
 RDTITL> *>>>>>>>>>>>>>>>>>>>>>>>>>> FEB 2012 <<<<<<<<<<<<<<<<<<<<<<<<<<<<
 RDTITL> * ALL COMMENTS TO THE CHARMM WEB SITE: WWW.CHARMM.ORG
 RDTITL> *             PARAMETER SET DISCUSSION FORUM
 RDTITL> *
 Parameter: IN1 <- "" <empty>
  
 CHARMM>     
  
 CHARMM>    !NOTE: This version uses the original C36 protein parameters PRIOR
 CHARMM>    !to the 2016 Nature Methods modification
 CHARMM>     
  
 CHARMM>    !update 2016/2. use directly inverted CMAPs
 CHARMM>     
  
 CHARMM>    !toppar stream file for D-amino acids. Includes new residue
 CHARMM>    !names, inverted CMAP and additional parameters.
 CHARMM>     
  
 CHARMM>    !Parent files that have to be read prior to streaming this file
 CHARMM>    !top_all36_prot.rtf
 CHARMM>    !par_all36_prot.prm
 CHARMM>    !
 CHARMM>    !Testcase
 CHARMM>    !test_all36_d_amino_acid.inp
 CHARMM>     
  
 CHARMM>    !test "append" to determine if previous toppar files have been read and
 CHARMM>    !add append to "read rtf card" if true
 CHARMM>    set nat ?NATC
 RDCMND substituted energy or value "?NATC" to "554"
 Parameter: NAT <- "554"
  
 CHARMM>    set app
 Parameter: APP <- "" <empty>
  
 CHARMM>    !We're exploiting what is arguably a bug in the parser. On the left hand side,
 CHARMM>    !the quotes have priority, so NAT is correctly substituted. On the right hand
 CHARMM>    !side, the ? has priority and NATC" (sic) is not a valid substitution...
 CHARMM>    if "@NAT" ne "?NATC" if @nat ne 0 set app append
 Parameter: NAT -> "554"
 Parameter: NAT -> "554"
 RDCMND: can not substitute energy "?NATC""
 Comparing ""554"" and ""?NATC"".
 IF test evaluated as true.  Performing command
 Comparing "554" and "0".
 IF test evaluated as true.  Performing command
 Parameter: APP <- "APPEND"
  
 CHARMM>     
  
 CHARMM>    read rtf card @app
 Parameter: APP -> "APPEND"
 MAINIO> Residue topology file being read from unit  98.
 RDTITL> * TOPOLOGY FOR D- AMINOACIDS
 RDTITL> *
  
 CHARMM>     
  
 CHARMM>    read para card flex @app
 Parameter: APP -> "APPEND"

          PARAMETER FILE BEING READ FROM UNIT 98
 RDTITL> * PARAMETERS FOR D- AMINOACIDS
 RDTITL> *
 PARMIO> NONBOND, HBOND lists and IMAGE atoms cleared.
  
 VCLOSE: Closing unit   98 with status "KEEP"

                    RETURNING TO INPUT STREAM    99
  
 CHARMM>    stream toppar/toppar_all36_prot_fluoro_alkanes.str
 VOPEN> Attempting to open::toppar/toppar_all36_prot_fluoro_alkanes.str::
 OPNLGU> Unit 98 opened for READONLY access to toppar/toppar_all36_prot_fluoro_alkanes.str

                    INPUT STREAM SWITCHING TO UNIT    98
 RDTITL> * TOPOLOGY AND PARAMETERS FOR FLUORINATED ALKANES.
 RDTITL> *
 Parameter: IN1 <- "" <empty>
  
 CHARMM>     
  
 CHARMM>    !These parameters are maintained for historic reasons.  The CGenFF
 CHARMM>    !halogen parameters are a significant improvement over these
 CHARMM>    !parameters.
 CHARMM>     
  
 CHARMM>    !Parent files that have to be read prior to streaming this file
 CHARMM>    !top_all36_prot.rtf
 CHARMM>    !par_all36_prot.prm
 CHARMM>     
  
 CHARMM>    !Testcase
 CHARMM>    !test_all36_prot_fluoro_alkanes.inp
 CHARMM>     
  
 CHARMM>    !Reference
 CHARMM>    !Chen, I.-J., Yin, D. and MacKerell, Jr., A.D., "Combined Ab
 CHARMM>    !initio/Empirical Approach for Optimization of Lennard-Jones Parameters
 CHARMM>    !for Polar-Neutral Compounds," Journal of Computational Chemistry,
 CHARMM>    !2002, 23:199-213.
 CHARMM>    !
 CHARMM>    !Note that these parameters are higly optimized to reproduce the
 CHARMM>    !corresponding condensed phase properties and have not been incorporated
 CHARMM>    !into the CHARMM22 or CHARMM27 biomolecular force fields
 CHARMM>     
  
 CHARMM>    read rtf card append
 MAINIO> Residue topology file being read from unit  98.
 RDTITL> * TOPOLOGY FOR FLUOROALKANES
 RDTITL> *
*** WARNING **** residue ETHA already exists (old one deleted)

      ***** LEVEL  1 WARNING FROM <RTFRDR> *****
      ***** Residue already exists.
      ******************************************
      BOMLEV ( -2) IS NOT REACHED. WRNLEV IS  5

          RESI ETHA  0.0
*** WARNING **** residue FETH already exists (old one deleted)

      ***** LEVEL  1 WARNING FROM <RTFRDR> *****
      ***** Residue already exists.
      ******************************************
      BOMLEV ( -2) IS NOT REACHED. WRNLEV IS  5

          RESI FETH  0.0
*** WARNING **** residue DFET already exists (old one deleted)

      ***** LEVEL  1 WARNING FROM <RTFRDR> *****
      ***** Residue already exists.
      ******************************************
      BOMLEV ( -2) IS NOT REACHED. WRNLEV IS  5

          RESI DFET 0.0
*** WARNING **** residue TFET already exists (old one deleted)

      ***** LEVEL  1 WARNING FROM <RTFRDR> *****
      ***** Residue already exists.
      ******************************************
      BOMLEV ( -2) IS NOT REACHED. WRNLEV IS  5

          RESI TFET  0.0
*** WARNING **** residue TFE  already exists (old one deleted)

      ***** LEVEL  1 WARNING FROM <RTFRDR> *****
      ***** Residue already exists.
      ******************************************
      BOMLEV ( -2) IS NOT REACHED. WRNLEV IS  5

          RESI TFE   0.0
 There were   5 warning(s) from RTFRDR.
  
 CHARMM>     
  
 CHARMM>    read para card flex append

          PARAMETER FILE BEING READ FROM UNIT 98
 RDTITL> * FLUOROALKANE PARAMETERS
 RDTITL> *
 PARMIO> NONBOND, HBOND lists and IMAGE atoms cleared.
  
 CHARMM>     
  
 CHARMM>    return
 VCLOSE: Closing unit   98 with status "KEEP"

                    RETURNING TO INPUT STREAM    99
  
 CHARMM>    stream toppar/toppar_all36_prot_heme.str
 VOPEN> Attempting to open::toppar/toppar_all36_prot_heme.str::
 OPNLGU> Unit 98 opened for READONLY access to toppar/toppar_all36_prot_heme.str

                    INPUT STREAM SWITCHING TO UNIT    98
 RDTITL> * TOPOLOGY AND PARAMETER STREAM FILE FOR HEME AND RELATED
 RDTITL> * LIGANDS AND PATCHES.
 RDTITL> *
 Parameter: IN1 <- "" <empty>
  
 CHARMM>     
  
 CHARMM>    !updated 2016/2, allow for use of AUTOGENERATE ANGLE DIHEDRAl PATCH
 CHARMM>     
  
 CHARMM>    !Parent files that have to be read prior to streaming this file
 CHARMM>    !top_all36_prot.rtf
 CHARMM>    !par_all36_prot.prm
 CHARMM>     
  
 CHARMM>    !Testcase
 CHARMM>    !test_all36_prot_heme.inp
 CHARMM>     
  
 CHARMM>    read rtf card append
 MAINIO> Residue topology file being read from unit  98.
 RDTITL> * TOPOLOGY FOR HEME AND RELATED COMPOUNDS AND PATCHES
 RDTITL> *
*** WARNING **** residue CO2  already exists (old one deleted)

      ***** LEVEL  1 WARNING FROM <RTFRDR> *****
      ***** Residue already exists.
      ******************************************
      BOMLEV ( -2) IS NOT REACHED. WRNLEV IS  5

          RESI CO2             0.00
 There were   1 warning(s) from RTFRDR.
  
 CHARMM>     
  
 CHARMM>    read para card flex append

          PARAMETER FILE BEING READ FROM UNIT 98
 RDTITL> * ADDITIONAL PARAMETERS FOR HEME
 RDTITL> *
 PARMIO> NONBOND, HBOND lists and IMAGE atoms cleared.
  
 CHARMM>     
  
 CHARMM>    return
 VCLOSE: Closing unit   98 with status "KEEP"

                    RETURNING TO INPUT STREAM    99
  
 CHARMM>    stream toppar/toppar_all36_prot_na_combined.str
 VOPEN> Attempting to open::toppar/toppar_all36_prot_na_combined.str::
 OPNLGU> Unit 98 opened for READONLY access to toppar/toppar_all36_prot_na_combined.str

                    INPUT STREAM SWITCHING TO UNIT    98
 RDTITL> * TOPOLOGY AND PARAMETER STREAM FILE FOR PATCHES TO CREATE
 RDTITL> * MODEL COMPOUNDS AND PATCHES THAT REQUIRE BOTH PROTEIN AND
 RDTITL> * NUCLEIC ACID TOPOLOGY AND PARAMETER INFORMATION
 RDTITL> *
 Parameter: IN1 <- "" <empty>
  
 CHARMM>     
  
 CHARMM>    !Parent files that have to be read prior to streaming this file
 CHARMM>    !top_all36_prot.rtf
 CHARMM>    !par_all36_prot.prm
 CHARMM>    !top_all36_na.rtf
 CHARMM>    !par_all36_na.prm
 CHARMM>    !stream/toppar_all36_prot_fluoro_alkanes.str ! atom types an parameters for fluorinated compounds
 CHARMM>     
  
 CHARMM>    !Testcase
 CHARMM>    !test_all36_prot_na_combined.inp
 CHARMM>     
  
 CHARMM>    !all patches must be followed by AUTOGENERATE ANGLES DIHEDRALS
 CHARMM>     
  
 CHARMM>    !PHOSPHOTYROSINE
 CHARMM>    !
 CHARMM>    !Feng, M.-H., Philippopoulos, M., MacKerell, Jr., A.D. and Lim, C.
 CHARMM>    !Structural Characterization of the Phosphotyrosine Binding Region of a
 CHARMM>    !High-Affinity aSH2 Domain-Phosphopeptide Complex by Molecular Dynamics
 CHARMM>    !Simulation and Chemical Shift Calculations. Journal of the American
 CHARMM>    !Chemical Society, 1996, 118: 11265-11277.
 CHARMM>     
  
 CHARMM>    read rtf card append
 MAINIO> Residue topology file being read from unit  98.
 RDTITL> * TOPOLOGY FOR PHOSPHORYLATED AMINO ACIDS
 RDTITL> *
*** WARNING **** residue THFI already exists (old one deleted)

      ***** LEVEL  1 WARNING FROM <RTFRDR> *****
      ***** Residue already exists.
      ******************************************
      BOMLEV ( -2) IS NOT REACHED. WRNLEV IS  5

          RESI THFI       0.00
*** WARNING **** residue THMI already exists (old one deleted)

      ***** LEVEL  1 WARNING FROM <RTFRDR> *****
      ***** Residue already exists.
      ******************************************
      BOMLEV ( -2) IS NOT REACHED. WRNLEV IS  5

          RESI THMI       0.00
*** WARNING **** residue THFA already exists (old one deleted)

      ***** LEVEL  1 WARNING FROM <RTFRDR> *****
      ***** Residue already exists.
      ******************************************
      BOMLEV ( -2) IS NOT REACHED. WRNLEV IS  5

          RESI THFA        0.00
*** WARNING **** residue THAO already exists (old one deleted)

      ***** LEVEL  1 WARNING FROM <RTFRDR> *****
      ***** Residue already exists.
      ******************************************
      BOMLEV ( -2) IS NOT REACHED. WRNLEV IS  5

          RESI THAO         0.00
*** WARNING **** residue RNUS already exists (old one deleted)

      ***** LEVEL  1 WARNING FROM <RTFRDR> *****
      ***** Residue already exists.
      ******************************************
      BOMLEV ( -2) IS NOT REACHED. WRNLEV IS  5

          RESI RNUS         0.00
*** WARNING **** residue NUCL already exists (old one deleted)

      ***** LEVEL  1 WARNING FROM <RTFRDR> *****
      ***** Residue already exists.
      ******************************************
      BOMLEV ( -2) IS NOT REACHED. WRNLEV IS  5

          RESI NUCL        -1.00
*** WARNING **** residue PPH1 already exists (old one deleted)

      ***** LEVEL  1 WARNING FROM <RTFRDR> *****
      ***** Residue already exists.
      ******************************************
      BOMLEV ( -2) IS NOT REACHED. WRNLEV IS  5

          RESI PPH1      -1.00
*** WARNING **** residue BMPH already exists (old one deleted)

      ***** LEVEL  1 WARNING FROM <RTFRDR> *****
      ***** Residue already exists.
      ******************************************
      BOMLEV ( -2) IS NOT REACHED. WRNLEV IS  5

          RESI BMPH      -1.00
*** WARNING **** residue BMPD already exists (old one deleted)

      ***** LEVEL  1 WARNING FROM <RTFRDR> *****
      ***** Residue already exists.
      ******************************************
      BOMLEV ( -2) IS NOT REACHED. WRNLEV IS  5

          RESI BMPD      -2.00
*** WARNING **** residue BDFP already exists (old one deleted)

      ***** LEVEL  1 WARNING FROM <RTFRDR> *****
      ***** Residue already exists.
      ******************************************
      BOMLEV ( -2) IS NOT REACHED. WRNLEV IS  5

          RESI BDFP      -1.00
*** WARNING **** residue BDFD already exists (old one deleted)

      ***** LEVEL  1 WARNING FROM <RTFRDR> *****
      ***** Residue already exists.
      ******************************************
      BOMLEV ( -2) IS NOT REACHED. WRNLEV IS  5

          RESI BDFD -2.00
*** WARNING **** residue EP_2 already exists (old one deleted)

      ***** LEVEL  1 WARNING FROM <RTFRDR> *****
      ***** Residue already exists.
      ******************************************
      BOMLEV ( -2) IS NOT REACHED. WRNLEV IS  5

          RESI EP_2        -2.00
*** WARNING **** residue IP_2 already exists (old one deleted)

      ***** LEVEL  1 WARNING FROM <RTFRDR> *****
      ***** Residue already exists.
      ******************************************
      BOMLEV ( -2) IS NOT REACHED. WRNLEV IS  5

          RESI IP_2        -2.00
 There were  13 warning(s) from RTFRDR.
  
 CHARMM>     
  
 CHARMM>    read para card flex append

          PARAMETER FILE BEING READ FROM UNIT 98
 RDTITL> * ADDITIONAL PARAMETERS FOR PHOSPHORYLATED AMINO ACIDS
 RDTITL> *
 PARMIO> NONBOND, HBOND lists and IMAGE atoms cleared.
  
 VCLOSE: Closing unit   98 with status "KEEP"

                    RETURNING TO INPUT STREAM    99
  
 CHARMM>    stream toppar/toppar_all36_prot_retinol.str
 VOPEN> Attempting to open::toppar/toppar_all36_prot_retinol.str::
 OPNLGU> Unit 98 opened for READONLY access to toppar/toppar_all36_prot_retinol.str

                    INPUT STREAM SWITCHING TO UNIT    98
 RDTITL> * TOPPAR STREAM FILE FOR RETINOL AND RETINAL PARAMETERS
 RDTITL> * A. LOCCISANO, A.M.W., J. EVANSECK AND A.D. MACKERELL, JR.
 RDTITL> * APRIL, 2005
 RDTITL> *
 Parameter: IN1 <- "" <empty>
  
 CHARMM>     
  
 CHARMM>    !use with c36 protein force fields
 CHARMM>    !top_all36_prot.rtf
 CHARMM>    !par_all36_prot.prm
 CHARMM>     
  
 CHARMM>    read rtf card append
 MAINIO> Residue topology file being read from unit  98.
 RDTITL> * RETINAL/RETINOL AND RELATED MODEL COMPOUNDS
 RDTITL> *
*** WARNING **** residue BTE2 already exists (old one deleted)

      ***** LEVEL  1 WARNING FROM <RTFRDR> *****
      ***** Residue already exists.
      ******************************************
      BOMLEV ( -2) IS NOT REACHED. WRNLEV IS  5

          RESI BTE2       0.00
*** WARNING **** residue 13DB already exists (old one deleted)

      ***** LEVEL  1 WARNING FROM <RTFRDR> *****
      ***** Residue already exists.
      ******************************************
      BOMLEV ( -2) IS NOT REACHED. WRNLEV IS  5

          RESI 13DB       0.00
*** WARNING **** residue 13DP already exists (old one deleted)

      ***** LEVEL  1 WARNING FROM <RTFRDR> *****
      ***** Residue already exists.
      ******************************************
      BOMLEV ( -2) IS NOT REACHED. WRNLEV IS  5

          RESI 13DP       0.00
*** WARNING **** residue DMB1 already exists (old one deleted)

      ***** LEVEL  1 WARNING FROM <RTFRDR> *****
      ***** Residue already exists.
      ******************************************
      BOMLEV ( -2) IS NOT REACHED. WRNLEV IS  5

          RESI DMB1       0.00
*** WARNING **** residue DMP1 already exists (old one deleted)

      ***** LEVEL  1 WARNING FROM <RTFRDR> *****
      ***** Residue already exists.
      ******************************************
      BOMLEV ( -2) IS NOT REACHED. WRNLEV IS  5

          RESI DMP1       0.00
*** WARNING **** residue DMP2 already exists (old one deleted)

      ***** LEVEL  1 WARNING FROM <RTFRDR> *****
      ***** Residue already exists.
      ******************************************
      BOMLEV ( -2) IS NOT REACHED. WRNLEV IS  5

          RESI DMP2       0.00
*** WARNING **** residue CROT already exists (old one deleted)

      ***** LEVEL  1 WARNING FROM <RTFRDR> *****
      ***** Residue already exists.
      ******************************************
      BOMLEV ( -2) IS NOT REACHED. WRNLEV IS  5

          RESI CROT       0.00
*** WARNING **** residue PACP already exists (old one deleted)

      ***** LEVEL  1 WARNING FROM <RTFRDR> *****
      ***** Residue already exists.
      ******************************************
      BOMLEV ( -2) IS NOT REACHED. WRNLEV IS  5

          RESI PACP       0.00
*** WARNING **** residue MECH already exists (old one deleted)

      ***** LEVEL  1 WARNING FROM <RTFRDR> *****
      ***** Residue already exists.
      ******************************************
      BOMLEV ( -2) IS NOT REACHED. WRNLEV IS  5

          RESI MECH       0.00
*** WARNING **** residue TMCH already exists (old one deleted)

      ***** LEVEL  1 WARNING FROM <RTFRDR> *****
      ***** Residue already exists.
      ******************************************
      BOMLEV ( -2) IS NOT REACHED. WRNLEV IS  5

          RESI TMCH       0.00
*** WARNING **** residue FRET already exists (old one deleted)

      ***** LEVEL  1 WARNING FROM <RTFRDR> *****
      ***** Residue already exists.
      ******************************************
      BOMLEV ( -2) IS NOT REACHED. WRNLEV IS  5

          RESI FRET       0.00
*** WARNING **** residue RTOL already exists (old one deleted)

      ***** LEVEL  1 WARNING FROM <RTFRDR> *****
      ***** Residue already exists.
      ******************************************
      BOMLEV ( -2) IS NOT REACHED. WRNLEV IS  5

          RESI RTOL       0.00
*** WARNING **** residue RTAL already exists (old one deleted)

      ***** LEVEL  1 WARNING FROM <RTFRDR> *****
      ***** Residue already exists.
      ******************************************
      BOMLEV ( -2) IS NOT REACHED. WRNLEV IS  5

          RESI RTAL       0.00
*** WARNING **** residue RTAC already exists (old one deleted)

      ***** LEVEL  1 WARNING FROM <RTFRDR> *****
      ***** Residue already exists.
      ******************************************
      BOMLEV ( -2) IS NOT REACHED. WRNLEV IS  5

          RESI RTAC      -1.00
*** WARNING **** residue PRAC already exists (old one deleted)

      ***** LEVEL  1 WARNING FROM <RTFRDR> *****
      ***** Residue already exists.
      ******************************************
      BOMLEV ( -2) IS NOT REACHED. WRNLEV IS  5

          RESI PRAC      -1.00
*** WARNING **** residue PROL already exists (old one deleted)

      ***** LEVEL  1 WARNING FROM <RTFRDR> *****
      ***** Residue already exists.
      ******************************************
      BOMLEV ( -2) IS NOT REACHED. WRNLEV IS  5

          RESI PROL       0.00
*** WARNING **** residue PRAL already exists (old one deleted)

      ***** LEVEL  1 WARNING FROM <RTFRDR> *****
      ***** Residue already exists.
      ******************************************
      BOMLEV ( -2) IS NOT REACHED. WRNLEV IS  5

          RESI PRAL       0.00
*** WARNING **** residue SCH1 already exists (old one deleted)

      ***** LEVEL  1 WARNING FROM <RTFRDR> *****
      ***** Residue already exists.
      ******************************************
      BOMLEV ( -2) IS NOT REACHED. WRNLEV IS  5

          RESI SCH1       0.00
*** WARNING **** residue SCH2 already exists (old one deleted)

      ***** LEVEL  1 WARNING FROM <RTFRDR> *****
      ***** Residue already exists.
      ******************************************
      BOMLEV ( -2) IS NOT REACHED. WRNLEV IS  5

          RESI SCH2       1.00
*** WARNING **** residue SCH3 already exists (old one deleted)

      ***** LEVEL  1 WARNING FROM <RTFRDR> *****
      ***** Residue already exists.
      ******************************************
      BOMLEV ( -2) IS NOT REACHED. WRNLEV IS  5

          RESI SCH3       1.00
 There were  20 warning(s) from RTFRDR.
  
 CHARMM>     
  
 CHARMM>    read para card flex append

          PARAMETER FILE BEING READ FROM UNIT 98
 RDTITL> * RETINAL/RETINOL AND RELATED PARAMETERS
 RDTITL> *
 PARMIO> NONBOND, HBOND lists and IMAGE atoms cleared.
  
 CHARMM>     
  
 VCLOSE: Closing unit   98 with status "KEEP"

                    RETURNING TO INPUT STREAM    99
  
 CHARMM>    stream toppar/toppar_all36_prot_model.str
 VOPEN> Attempting to open::toppar/toppar_all36_prot_model.str::
 OPNLGU> Unit 98 opened for READONLY access to toppar/toppar_all36_prot_model.str

                    INPUT STREAM SWITCHING TO UNIT    98
 RDTITL> *>> ALL-HYDROGEN TOPOLOGY FOR SMALL MODEL COMPOUNDS USED IN THE <<
 RDTITL> *>> DEVELOPMENT OF THE CHARMM22 PROTEIN ALL-HYDROGEN PARAMETERS <<
 RDTITL> *>>>>>>>>>>>>>>>>>>>>>>> JULY 1997 <<<<<<<<<<<<<<<<<<<<<<<<<<<<<<<
 RDTITL> *>>>>>>>> DIRECT COMMENTS TO ALEXANDER D. MACKERELL JR. <<<<<<<<<<
 RDTITL> *>>>>>>>>>>>>>>> PARAMETER FORUM, WWW.CHARMM.ORG <<<<<<<<<<<<<<<<<
 RDTITL> *CONVERTED TO STREAM FORMAT, DECEMBER 2003
 RDTITL> *CONVERTED TO CHARMM36 PROTEIN ATOM TYPES, MAY 2011
 RDTITL> *
 Parameter: IN1 <- "" <empty>
  
 CHARMM>     
  
 CHARMM>    !Parent files that have to be read prior to streaming this file
 CHARMM>    !top_all36_prot.rtf
 CHARMM>    !par_all36_prot.prm
 CHARMM>    !
 CHARMM>    !Testcase
 CHARMM>    !test_all36_prot_model.inp
 CHARMM>     
  
 CHARMM>    !changes after 9/98
 CHARMM>    !
 CHARMM>    !change alkene HA1 and HA2 to HE1 and HE2
 CHARMM>    !
 CHARMM>    !improper atom ordering corrected
 CHARMM>    !
 CHARMM>    !version b5i to be consistent with protein toppar files
 CHARMM>    !
 CHARMM>    !Heme vinyl groups upgraded based on new butene parameters
 CHARMM>    !
 CHARMM>     
  
 CHARMM>    ! references
 CHARMM>    !
 CHARMM>    !PROTEINS
 CHARMM>    !
 CHARMM>    !MacKerell, Jr., A. D.; Bashford, D.; Bellott, M.; Dunbrack Jr., R.L.;
 CHARMM>    !Evanseck, J.D.; Field, M.J.; Fischer, S.; Gao, J.; Guo, H.; Ha, S.;
 CHARMM>    !Joseph-McCarthy, D.; Kuchnir, L.; Kuczera, K.; Lau, F.T.K.; Mattos,
 CHARMM>    !C.; Michnick, S.; Ngo, T.; Nguyen, D.T.; Prodhom, B.; Reiher, III,
 CHARMM>    !W.E.; Roux, B.; Schlenkrich, M.; Smith, J.C.; Stote, R.; Straub, J.;
 CHARMM>    !Watanabe, M.; Wiorkiewicz-Kuczera, J.; Yin, D.; Karplus, M.  All-atom
 CHARMM>    !empirical potential for molecular modeling and dynamics Studies of
 CHARMM>    !proteins.  Journal of Physical Chemistry B, 1998, 102, 3586-3616.
 CHARMM>     
  
 CHARMM>    read rtf card append
 MAINIO> Residue topology file being read from unit  98.
 RDTITL> * TOPOLOGY FOR PROTEIN RELATED MODEL COMPOUNDS
 RDTITL> *
*** WARNING **** residue ACET already exists (old one deleted)

      ***** LEVEL  1 WARNING FROM <RTFRDR> *****
      ***** Residue already exists.
      ******************************************
      BOMLEV ( -2) IS NOT REACHED. WRNLEV IS  5

          RESI ACET       -1.00
*** WARNING **** residue PROA already exists (old one deleted)

      ***** LEVEL  1 WARNING FROM <RTFRDR> *****
      ***** Residue already exists.
      ******************************************
      BOMLEV ( -2) IS NOT REACHED. WRNLEV IS  5

          RESI PROA       -1.00
*** WARNING **** residue GUAN already exists (old one deleted)

      ***** LEVEL  1 WARNING FROM <RTFRDR> *****
      ***** Residue already exists.
      ******************************************
      BOMLEV ( -2) IS NOT REACHED. WRNLEV IS  5

          RESI GUAN        1.00
*** WARNING **** residue MGUA already exists (old one deleted)

      ***** LEVEL  1 WARNING FROM <RTFRDR> *****
      ***** Residue already exists.
      ******************************************
      BOMLEV ( -2) IS NOT REACHED. WRNLEV IS  5

          RESI MGUA        1.00
*** WARNING **** residue GLYN already exists (old one deleted)

      ***** LEVEL  1 WARNING FROM <RTFRDR> *****
      ***** Residue already exists.
      ******************************************
      BOMLEV ( -2) IS NOT REACHED. WRNLEV IS  5

          RESI GLYN         0.00
*** WARNING **** residue MAMM already exists (old one deleted)

      ***** LEVEL  1 WARNING FROM <RTFRDR> *****
      ***** Residue already exists.
      ******************************************
      BOMLEV ( -2) IS NOT REACHED. WRNLEV IS  5

          RESI MAMM        1.00
*** WARNING **** residue EAMM already exists (old one deleted)

      ***** LEVEL  1 WARNING FROM <RTFRDR> *****
      ***** Residue already exists.
      ******************************************
      BOMLEV ( -2) IS NOT REACHED. WRNLEV IS  5

          RESI EAMM        1.00
*** WARNING **** residue ACEH already exists (old one deleted)

      ***** LEVEL  1 WARNING FROM <RTFRDR> *****
      ***** Residue already exists.
      ******************************************
      BOMLEV ( -2) IS NOT REACHED. WRNLEV IS  5

          RESI ACEH        0.00
*** WARNING **** residue MEOH already exists (old one deleted)

      ***** LEVEL  1 WARNING FROM <RTFRDR> *****
      ***** Residue already exists.
      ******************************************
      BOMLEV ( -2) IS NOT REACHED. WRNLEV IS  5

          RESI MEOH        0.00
*** WARNING **** residue METO already exists (old one deleted)

      ***** LEVEL  1 WARNING FROM <RTFRDR> *****
      ***** Residue already exists.
      ******************************************
      BOMLEV ( -2) IS NOT REACHED. WRNLEV IS  5

          RESI METO       -1.00
*** WARNING **** residue ETOH already exists (old one deleted)

      ***** LEVEL  1 WARNING FROM <RTFRDR> *****
      ***** Residue already exists.
      ******************************************
      BOMLEV ( -2) IS NOT REACHED. WRNLEV IS  5

          RESI ETOH        0.00
*** WARNING **** residue ETO  already exists (old one deleted)

      ***** LEVEL  1 WARNING FROM <RTFRDR> *****
      ***** Residue already exists.
      ******************************************
      BOMLEV ( -2) IS NOT REACHED. WRNLEV IS  5

          RESI ETO        -1.00
*** WARNING **** residue PRO2 already exists (old one deleted)

      ***** LEVEL  1 WARNING FROM <RTFRDR> *****
      ***** Residue already exists.
      ******************************************
      BOMLEV ( -2) IS NOT REACHED. WRNLEV IS  5

          RESI PRO2        0.00
*** WARNING **** residue FORM already exists (old one deleted)

      ***** LEVEL  1 WARNING FROM <RTFRDR> *****
      ***** Residue already exists.
      ******************************************
      BOMLEV ( -2) IS NOT REACHED. WRNLEV IS  5

          RESI FORM        0.00
*** WARNING **** residue ACEM already exists (old one deleted)

      ***** LEVEL  1 WARNING FROM <RTFRDR> *****
      ***** Residue already exists.
      ******************************************
      BOMLEV ( -2) IS NOT REACHED. WRNLEV IS  5

          RESI ACEM        0.00
*** WARNING **** residue NMA  already exists (old one deleted)

      ***** LEVEL  1 WARNING FROM <RTFRDR> *****
      ***** Residue already exists.
      ******************************************
      BOMLEV ( -2) IS NOT REACHED. WRNLEV IS  5

          RESI NMA         0.00
*** WARNING **** residue MESH already exists (old one deleted)

      ***** LEVEL  1 WARNING FROM <RTFRDR> *****
      ***** Residue already exists.
      ******************************************
      BOMLEV ( -2) IS NOT REACHED. WRNLEV IS  5

          RESI MESH        0.00
*** WARNING **** residue MES1 already exists (old one deleted)

      ***** LEVEL  1 WARNING FROM <RTFRDR> *****
      ***** Residue already exists.
      ******************************************
      BOMLEV ( -2) IS NOT REACHED. WRNLEV IS  5

          RESI MES1       -1.00
*** WARNING **** residue ETSH already exists (old one deleted)

      ***** LEVEL  1 WARNING FROM <RTFRDR> *****
      ***** Residue already exists.
      ******************************************
      BOMLEV ( -2) IS NOT REACHED. WRNLEV IS  5

          RESI ETSH        0.00
*** WARNING **** residue ES1  already exists (old one deleted)

      ***** LEVEL  1 WARNING FROM <RTFRDR> *****
      ***** Residue already exists.
      ******************************************
      BOMLEV ( -2) IS NOT REACHED. WRNLEV IS  5

          RESI ES1        -1.00
*** WARNING **** residue DMDS already exists (old one deleted)

      ***** LEVEL  1 WARNING FROM <RTFRDR> *****
      ***** Residue already exists.
      ******************************************
      BOMLEV ( -2) IS NOT REACHED. WRNLEV IS  5

          RESI DMDS        0.00
*** WARNING **** residue DEDS already exists (old one deleted)

      ***** LEVEL  1 WARNING FROM <RTFRDR> *****
      ***** Residue already exists.
      ******************************************
      BOMLEV ( -2) IS NOT REACHED. WRNLEV IS  5

          RESI DEDS        0.00
*** WARNING **** residue EMS  already exists (old one deleted)

      ***** LEVEL  1 WARNING FROM <RTFRDR> *****
      ***** Residue already exists.
      ******************************************
      BOMLEV ( -2) IS NOT REACHED. WRNLEV IS  5

          RESI EMS         0.00
*** WARNING **** residue IMIA already exists (old one deleted)

      ***** LEVEL  1 WARNING FROM <RTFRDR> *****
      ***** Residue already exists.
      ******************************************
      BOMLEV ( -2) IS NOT REACHED. WRNLEV IS  5

          RESI IMIA        0.00
*** WARNING **** residue MIMI already exists (old one deleted)

      ***** LEVEL  1 WARNING FROM <RTFRDR> *****
      ***** Residue already exists.
      ******************************************
      BOMLEV ( -2) IS NOT REACHED. WRNLEV IS  5

          RESI MIMI        0.00
*** WARNING **** residue EIMI already exists (old one deleted)

      ***** LEVEL  1 WARNING FROM <RTFRDR> *****
      ***** Residue already exists.
      ******************************************
      BOMLEV ( -2) IS NOT REACHED. WRNLEV IS  5

          RESI EIMI        0.00
*** WARNING **** residue IMIM already exists (old one deleted)

      ***** LEVEL  1 WARNING FROM <RTFRDR> *****
      ***** Residue already exists.
      ******************************************
      BOMLEV ( -2) IS NOT REACHED. WRNLEV IS  5

          RESI IMIM        1.00
*** WARNING **** residue EIMM already exists (old one deleted)

      ***** LEVEL  1 WARNING FROM <RTFRDR> *****
      ***** Residue already exists.
      ******************************************
      BOMLEV ( -2) IS NOT REACHED. WRNLEV IS  5

          RESI EIMM        1.00
*** WARNING **** residue BENZ already exists (old one deleted)

      ***** LEVEL  1 WARNING FROM <RTFRDR> *****
      ***** Residue already exists.
      ******************************************
      BOMLEV ( -2) IS NOT REACHED. WRNLEV IS  5

          RESI BENZ        0.00
*** WARNING **** residue EBEN already exists (old one deleted)

      ***** LEVEL  1 WARNING FROM <RTFRDR> *****
      ***** Residue already exists.
      ******************************************
      BOMLEV ( -2) IS NOT REACHED. WRNLEV IS  5

          RESI EBEN         0.00
*** WARNING **** residue PHEN already exists (old one deleted)

      ***** LEVEL  1 WARNING FROM <RTFRDR> *****
      ***** Residue already exists.
      ******************************************
      BOMLEV ( -2) IS NOT REACHED. WRNLEV IS  5

          RESI PHEN        0.00
*** WARNING **** residue EPHE already exists (old one deleted)

      ***** LEVEL  1 WARNING FROM <RTFRDR> *****
      ***** Residue already exists.
      ******************************************
      BOMLEV ( -2) IS NOT REACHED. WRNLEV IS  5

          RESI EPHE        0.00
*** WARNING **** residue PHEO already exists (old one deleted)

      ***** LEVEL  1 WARNING FROM <RTFRDR> *****
      ***** Residue already exists.
      ******************************************
      BOMLEV ( -2) IS NOT REACHED. WRNLEV IS  5

          RESI PHEO       -1.00
*** WARNING **** residue INDO already exists (old one deleted)

      ***** LEVEL  1 WARNING FROM <RTFRDR> *****
      ***** Residue already exists.
      ******************************************
      BOMLEV ( -2) IS NOT REACHED. WRNLEV IS  5

          RESI INDO        0.00
*** WARNING **** residue EIND already exists (old one deleted)

      ***** LEVEL  1 WARNING FROM <RTFRDR> *****
      ***** Residue already exists.
      ******************************************
      BOMLEV ( -2) IS NOT REACHED. WRNLEV IS  5

          RESI EIND        0.00
*** WARNING **** residue PDIP already exists (old one deleted)

      ***** LEVEL  1 WARNING FROM <RTFRDR> *****
      ***** Residue already exists.
      ******************************************
      BOMLEV ( -2) IS NOT REACHED. WRNLEV IS  5

          RESI PDIP        0.00
*** WARNING **** residue ETHA already exists (old one deleted)

      ***** LEVEL  1 WARNING FROM <RTFRDR> *****
      ***** Residue already exists.
      ******************************************
      BOMLEV ( -2) IS NOT REACHED. WRNLEV IS  5

          RESI ETHA        0.00
*** WARNING **** residue PRPA already exists (old one deleted)

      ***** LEVEL  1 WARNING FROM <RTFRDR> *****
      ***** Residue already exists.
      ******************************************
      BOMLEV ( -2) IS NOT REACHED. WRNLEV IS  5

          RESI PRPA        0.00
*** WARNING **** residue IBUT already exists (old one deleted)

      ***** LEVEL  1 WARNING FROM <RTFRDR> *****
      ***** Residue already exists.
      ******************************************
      BOMLEV ( -2) IS NOT REACHED. WRNLEV IS  5

          RESI IBUT        0.00
*** WARNING **** residue OCOH already exists (old one deleted)

      ***** LEVEL  1 WARNING FROM <RTFRDR> *****
      ***** Residue already exists.
      ******************************************
      BOMLEV ( -2) IS NOT REACHED. WRNLEV IS  5

          RESI OCOH    0.0
*** WARNING **** residue CO3  already exists (old one deleted)

      ***** LEVEL  1 WARNING FROM <RTFRDR> *****
      ***** Residue already exists.
      ******************************************
      BOMLEV ( -2) IS NOT REACHED. WRNLEV IS  5

          RESI CO3  -2.0
*** WARNING **** residue C3   already exists (old one deleted)

      ***** LEVEL  1 WARNING FROM <RTFRDR> *****
      ***** Residue already exists.
      ******************************************
      BOMLEV ( -2) IS NOT REACHED. WRNLEV IS  5

          RESI C3    0.00
 There were  42 warning(s) from RTFRDR.
  
 CHARMM>     
  
 CHARMM>    read para card flex append

          PARAMETER FILE BEING READ FROM UNIT 98
 RDTITL>  
 RDTITL> No title read.
 PARMIO> NONBOND, HBOND lists and IMAGE atoms cleared.
  
 CHARMM>     
  
 CHARMM>    return
 VCLOSE: Closing unit   98 with status "KEEP"

                    RETURNING TO INPUT STREAM    99
  
 CHARMM>    stream toppar/toppar_all36_prot_modify_res.str
 VOPEN> Attempting to open::toppar/toppar_all36_prot_modify_res.str::
 OPNLGU> Unit 98 opened for READONLY access to toppar/toppar_all36_prot_modify_res.str

                    INPUT STREAM SWITCHING TO UNIT    98
 RDTITL> * TOPPAR FILE FOR VARIOUS MODIFIED RESIDUES AND PATCHES, INCLUDING
 RDTITL> * PATCHES TO COVALENTLY LINK RESIDUES TO IONS TO WORK WITH THE
 RDTITL> * ADDITIVE C36 PROTEIN FORCE FIELD
 RDTITL> * REQUIRES CGENFF PARAMETER FILE
 RDTITL> *
 Parameter: IN1 <- "" <empty>
  
 CHARMM>     
  
 CHARMM>    !Acetyllysine (ALY)
 CHARMM>    !Norleucine (NLE) and
 CHARMM>    ! residues and patches for Zn-protein interactions modeled using
 CHARMM>    ! bond and angles between the protein and Zn.
 CHARMM>     
  
 CHARMM>    !non-standard amino acids: 2021
 CHARMM>    !Croitoru, A., Park, S.-J., Kumar, A., Lee, J., Im, Wonpil; MacKerell,
 CHARMM>    !A.D., Jr., and Aleksandrov, A. Additive CHARMM36 Force Field for
 CHARMM>    !Nonstandard Amino Acids, Journal of Chemical Theory and Computation,
 CHARMM>    !17:3554-3570, doi: 10.1021/acs.jctc.1c00254.
 CHARMM>     
  
 CHARMM>    read rtf card append
 MAINIO> Residue topology file being read from unit  98.
 RDTITL> * TOPPAR FILE PROTEIN MODIFICATIONS
 RDTITL> *
*** WARNING **** residue CGU  already exists (old one deleted)

      ***** LEVEL  1 WARNING FROM <RTFRDR> *****
      ***** Residue already exists.
      ******************************************
      BOMLEV ( -2) IS NOT REACHED. WRNLEV IS  5

          RESI CGU              -2.000
*** WARNING **** residue CME  already exists (old one deleted)

      ***** LEVEL  1 WARNING FROM <RTFRDR> *****
      ***** Residue already exists.
      ******************************************
      BOMLEV ( -2) IS NOT REACHED. WRNLEV IS  5

          RESI CME               0.000
*** WARNING **** residue HIC  already exists (old one deleted)

      ***** LEVEL  1 WARNING FROM <RTFRDR> *****
      ***** Residue already exists.
      ******************************************
      BOMLEV ( -2) IS NOT REACHED. WRNLEV IS  5

          RESI HIC               0.000
*** WARNING **** residue HICP already exists (old one deleted)

      ***** LEVEL  1 WARNING FROM <RTFRDR> *****
      ***** Residue already exists.
      ******************************************
      BOMLEV ( -2) IS NOT REACHED. WRNLEV IS  5

          RESI HICP              1.000
*** WARNING **** residue CGUP already exists (old one deleted)

      ***** LEVEL  1 WARNING FROM <RTFRDR> *****
      ***** Residue already exists.
      ******************************************
      BOMLEV ( -2) IS NOT REACHED. WRNLEV IS  5

          RESI CGUP             -1.000
 There were   5 warning(s) from RTFRDR.
  
 CHARMM>     
  
 CHARMM>    read para card append flex

          PARAMETER FILE BEING READ FROM UNIT 98
 RDTITL>  
 RDTITL> No title read.
 PARMIO> NONBOND, HBOND lists and IMAGE atoms cleared.
  
 CHARMM>     
  
 CHARMM>    return
 VCLOSE: Closing unit   98 with status "KEEP"

                    RETURNING TO INPUT STREAM    99
  
 CHARMM>     
  
 CHARMM>    ! Additional topologies and parameters for nucleic acids
 CHARMM>    stream toppar/toppar_all36_na_nad_ppi.str
 VOPEN> Attempting to open::toppar/toppar_all36_na_nad_ppi.str::
 OPNLGU> Unit 98 opened for READONLY access to toppar/toppar_all36_na_nad_ppi.str

                    INPUT STREAM SWITCHING TO UNIT    98
 RDTITL> * CHARMM36 ALL-HYDROGEN NUCLEIC ACID FORCE TOPPAR STREAM FILE
 RDTITL> * NAD+, NADH, ADP, ATP, PPI AND RELATED ANALOGS
 RDTITL> * A.D. MACKERELL, JR., JULY 2001
 RDTITL> * STREAM FOLLOWING RTF AND PARAM READ OF
 RDTITL> *
 Parameter: IN1 <- "" <empty>
  
 CHARMM>     
  
 CHARMM>    !Update, 2015/1, nomenclature for NAD+ etc. consistent with PDB
 CHARMM>     
  
 CHARMM>    !Parent files that have to be read prior to streaming this file
 CHARMM>    !top_all36_na.rtf
 CHARMM>    !par_all36_na.prm
 CHARMM>     
  
 CHARMM>    !Testcase
 CHARMM>    !test_all36_na_nad_ppi.inp
 CHARMM>     
  
 CHARMM>    !Reference
 CHARMM>    !Pavelites, J.J., Bash, P.A., Gao, J., and MacKerell, Jr.,
 CHARMM>    !A.D. A Molecular Mechanics Force Field for NAD+, NADH and the
 CHARMM>    !Pyrophosphate Groups of Nucleotides, Journal of Computational
 CHARMM>    !Chemistry, 1997, 18: 221-239.
 CHARMM>     
  
 CHARMM>    read rtf card append
 MAINIO> Residue topology file being read from unit  98.
 RDTITL> * NAD, PPI TOPOLOGY
 RDTITL> *
*** WARNING **** residue NIC  already exists (old one deleted)

      ***** LEVEL  1 WARNING FROM <RTFRDR> *****
      ***** Residue already exists.
      ******************************************
      BOMLEV ( -2) IS NOT REACHED. WRNLEV IS  5

          RESI NIC         1.00
*** WARNING **** residue NICH already exists (old one deleted)

      ***** LEVEL  1 WARNING FROM <RTFRDR> *****
      ***** Residue already exists.
      ******************************************
      BOMLEV ( -2) IS NOT REACHED. WRNLEV IS  5

          RESI NICH         0.00
*** WARNING **** residue PPI1 already exists (old one deleted)

      ***** LEVEL  1 WARNING FROM <RTFRDR> *****
      ***** Residue already exists.
      ******************************************
      BOMLEV ( -2) IS NOT REACHED. WRNLEV IS  5

          RESI PPI1        -3.00
*** WARNING **** residue PPI2 already exists (old one deleted)

      ***** LEVEL  1 WARNING FROM <RTFRDR> *****
      ***** Residue already exists.
      ******************************************
      BOMLEV ( -2) IS NOT REACHED. WRNLEV IS  5

          RESI PPI2        -2.00
*** WARNING **** residue AMP  already exists (old one deleted)

      ***** LEVEL  1 WARNING FROM <RTFRDR> *****
      ***** Residue already exists.
      ******************************************
      BOMLEV ( -2) IS NOT REACHED. WRNLEV IS  5

          RESI AMP         -2.00
*** WARNING **** residue ADP  already exists (old one deleted)

      ***** LEVEL  1 WARNING FROM <RTFRDR> *****
      ***** Residue already exists.
      ******************************************
      BOMLEV ( -2) IS NOT REACHED. WRNLEV IS  5

          RESI ADP         -3.00
*** WARNING **** residue ATP  already exists (old one deleted)

      ***** LEVEL  1 WARNING FROM <RTFRDR> *****
      ***** Residue already exists.
      ******************************************
      BOMLEV ( -2) IS NOT REACHED. WRNLEV IS  5

          RESI ATP         -4.00
*** WARNING **** residue 5DP  already exists (old one deleted)

      ***** LEVEL  1 WARNING FROM <RTFRDR> *****
      ***** Residue already exists.
      ******************************************
      BOMLEV ( -2) IS NOT REACHED. WRNLEV IS  5

          PRES 5DP         -3.00
*** WARNING **** residue NAD  already exists (old one deleted)

      ***** LEVEL  1 WARNING FROM <RTFRDR> *****
      ***** Residue already exists.
      ******************************************
      BOMLEV ( -2) IS NOT REACHED. WRNLEV IS  5

          RESI NAD         -1.00
*** WARNING **** residue NADH already exists (old one deleted)

      ***** LEVEL  1 WARNING FROM <RTFRDR> *****
      ***** Residue already exists.
      ******************************************
      BOMLEV ( -2) IS NOT REACHED. WRNLEV IS  5

          RESI NADH        -2.00
*** WARNING **** residue NADP already exists (old one deleted)

      ***** LEVEL  1 WARNING FROM <RTFRDR> *****
      ***** Residue already exists.
      ******************************************
      BOMLEV ( -2) IS NOT REACHED. WRNLEV IS  5

          RESI NADP        -2.00
*** WARNING **** residue NDPH already exists (old one deleted)

      ***** LEVEL  1 WARNING FROM <RTFRDR> *****
      ***** Residue already exists.
      ******************************************
      BOMLEV ( -2) IS NOT REACHED. WRNLEV IS  5

          RESI NDPH        -3.00
 There were  12 warning(s) from RTFRDR.
  
 CHARMM>     
  
 CHARMM>    read para card flex append

          PARAMETER FILE BEING READ FROM UNIT 98
 RDTITL> * NAD, PPI PARAMETERS
 RDTITL> *
 PARMIO> NONBOND, HBOND lists and IMAGE atoms cleared.
  
 CHARMM>     
  
 CHARMM>     
  
 VCLOSE: Closing unit   98 with status "KEEP"

                    RETURNING TO INPUT STREAM    99
  
 CHARMM>    stream toppar/toppar_all36_na_rna_modified.str
 VOPEN> Attempting to open::toppar/toppar_all36_na_rna_modified.str::
 OPNLGU> Unit 98 opened for READONLY access to toppar/toppar_all36_na_rna_modified.str

                    INPUT STREAM SWITCHING TO UNIT    98
 RDTITL> * ADDITIVE CHARMM FORCE FIELD FOR MODIFIED RIBONUCLEIC ACIDS, INCLUDING
 RDTITL> * THOSE FOUNDS IN TRNA. YOU XU, KAROLINSKA INSTITUTET, 2015.
 RDTITL> * |
 RDTITL> * WARNING: PARAMETERS AND ATOM TYPE ASSIGNMENTS IN THIS FILE ARE SPECIFIC
 RDTITL> * FOR THESE COMPOUNDS AND SHOULD UNDER NO CIRCUMSTANCES BE APPLIED TO
 RDTITL> * OTHER ORGANIC MOLECULES
 RDTITL> *
 Parameter: IN1 <- "" <empty>
  
 CHARMM>     
  
 CHARMM>    ! Xu, Y., Vanommeslaeghe, K., Aleksandrov, A., MacKerell, A.D.,
 CHARMM>    ! Jr. Nilsson, L., “Additive CHARMM force field for naturally
 CHARMM>    ! occurring modified ribonucleotides,” Journal of Computational
 CHARMM>    !  Chemistry, DOI: 10.1002/jcc.24307, 2016
 CHARMM>     
  
 CHARMM>    ! Should be used with parent files CGenFF: top_all36_cgenff.inp and par_all36_cgenff.inp
 CHARMM>    !                                    NA36: top_all36_na.inp and par_all36_na.inp
 CHARMM>    !                              and Carb36: top_all36_carb.inp and par_all36_carb.inp
 CHARMM>    !
 CHARMM>     
  
 CHARMM>    read rtf card append
 MAINIO> Residue topology file being read from unit  98.
 RDTITL> * TOPOLOGIES OF MODIFIED NUCLEOTIDES
 RDTITL> *
*** WARNING **** residue BUG  already exists (old one deleted)

      ***** LEVEL  1 WARNING FROM <RTFRDR> *****
      ***** Residue already exists.
      ******************************************
      BOMLEV ( -2) IS NOT REACHED. WRNLEV IS  5

          RESI BUG           -1.00
 There were   1 warning(s) from RTFRDR.
  
 CHARMM>     
  
 CHARMM>    read param card flex append

          PARAMETER FILE BEING READ FROM UNIT 98
 RDTITL> * ADDITIVE CHARMM PARAMETERS FOR MODIFIED NUCLEIC ACIDS, BETA VERSION
 RDTITL> * YOU XU, KAROLINSKA INSTITUTET, 2015.
 RDTITL> *
 PARMIO> NONBOND, HBOND lists and IMAGE atoms cleared.
  
 CHARMM>    RETURN
 VCLOSE: Closing unit   98 with status "KEEP"

                    RETURNING TO INPUT STREAM    99
  
 CHARMM>     
  
 CHARMM>    ! Additional topologies and parameters for lipids
 CHARMM>    stream toppar/toppar_all36_lipid_sphingo.str
 VOPEN> Attempting to open::toppar/toppar_all36_lipid_sphingo.str::
 OPNLGU> Unit 98 opened for READONLY access to toppar/toppar_all36_lipid_sphingo.str

                    INPUT STREAM SWITCHING TO UNIT    98
 RDTITL> * TOPPAR STREAM FOR CERAMIDES AND SPINGOMYELINS; REQUIRES FLEX FORMAT FILES
 RDTITL> * TOP_ALL36_LIPID.RTF AND PAR_ALL36_LIPID.PRM
 RDTITL> *
 Parameter: IN1 <- "" <empty>
  
 CHARMM>     
  
 CHARMM>    ! REFERENCES
 CHARMM>    !
 CHARMM>    ! PSM and SSM Lipids
 CHARMM>    !
 CHARMM>    ! Venable, R. M.; Sodt, A. J.; Rogaski, B.; Rui, H.; Hatcher, E.; MacKerell, A. D.;
 CHARMM>    ! Pastor, R. W.; Klauda, J. B., CHARMM All-Atom Additive Force Field for Sphingomyelin:
 CHARMM>    ! Elucidation of Hydrogen Bonding and of Positive Curvature. Biophys. J. 2014, 107 (1), 134-145
 CHARMM>    !
 CHARMM>    ! Ceramide
 CHARMM>    !
 CHARMM>    ! Submited by Sam Tonddast-Navaei of U. Cincinnati. Advised by Russell Devane
 CHARMM>    ! Tested by Eric Wang of U. Maryland. Advised by Jeffery Klauda
 CHARMM>    !
 CHARMM>    !
 CHARMM>    ! CerAP/Cer6, CerNP/Cer3, and CerEOS/Cer1
 CHARMM>    !
 CHARMM>    ! Wang, E.; Klauda, J. B., Structure and Permeability of Ceramide Bilayers and Multilayers.
 CHARMM>    ! J. Phys. Chem. B., 2019, 123, 11, 2525-2535
 CHARMM>    ! Wang, E.; Klauda, J. B., Molecular Structure of the Long Periodicity Phase in the Stratum Corneum.
 CHARMM>    ! J. Amer. Chem. Soc., 2019. 141, 42, 16930-16943
 CHARMM>     
  
 CHARMM>    set nat ?NATC
 RDCMND substituted energy or value "?NATC" to "585"
 Parameter: NAT <- "585"
  
 CHARMM>    set app
 Parameter: APP <- "" <empty>
  
 CHARMM>    !We're exploiting what is arguably a bug in the parser. On the left hand side,
 CHARMM>    !the quotes have proirity, so NAT is correctly substituted. On the right hand
 CHARMM>    !side, the ? has priority and NATC" (sic) is not a valid substitution...
 CHARMM>    if "@NAT" ne "?NATC" if @nat ne 0 set app append
 Parameter: NAT -> "585"
 Parameter: NAT -> "585"
 RDCMND: can not substitute energy "?NATC""
 Comparing ""585"" and ""?NATC"".
 IF test evaluated as true.  Performing command
 Comparing "585" and "0".
 IF test evaluated as true.  Performing command
 Parameter: APP <- "APPEND"
  
 CHARMM>     
  
 CHARMM>    read rtf card @app
 Parameter: APP -> "APPEND"
 MAINIO> Residue topology file being read from unit  98.
 RDTITL> * CER/SM RESIDUES
 RDTITL> *
  
 CHARMM>     
  
 CHARMM>    read para card flex @app
 Parameter: APP -> "APPEND"

          PARAMETER FILE BEING READ FROM UNIT 98
 RDTITL> * NEW PARAMETERS
 RDTITL> *
 PARRDR> Error: Repeated DIHE parameter ( 14758): NHL   C     CTO1  HAL1 is replaced
 PARRDR> Error: Repeated DIHE parameter ( 14779): O     C     CTO1  HAL1 is replaced
 PARMIO> NONBOND, HBOND lists and IMAGE atoms cleared.
  
 CHARMM>     
  
 CHARMM>    return
 VCLOSE: Closing unit   98 with status "KEEP"

                    RETURNING TO INPUT STREAM    99
  
 CHARMM>    stream toppar/toppar_all36_lipid_archaeal.str
 VOPEN> Attempting to open::toppar/toppar_all36_lipid_archaeal.str::
 OPNLGU> Unit 98 opened for READONLY access to toppar/toppar_all36_lipid_archaeal.str

                    INPUT STREAM SWITCHING TO UNIT    98
 RDTITL> * TOPPAR STREAM FILE FOR ARCHAEAL LIPIDS.
 RDTITL> *
 Parameter: IN1 <- "" <empty>
  
 CHARMM>     
  
 CHARMM>    ! This is an on-going file of archaeal lipids
 CHARMM>    ! I am adding meanquinone-7 now
 CHARMM>     
  
 CHARMM>    read rtf card append
 MAINIO> Residue topology file being read from unit  98.
 RDTITL> * ARCHAEAL LIPIDS
 RDTITL> *
  
 CHARMM>     
  
 CHARMM>    read param card flex append

          PARAMETER FILE BEING READ FROM UNIT 98
 RDTITL> * PARAMETERS GENERATED BY ANALOGY BY CGENFF
 RDTITL> *
 PARMIO> NONBOND, HBOND lists and IMAGE atoms cleared.
  
 CHARMM>     
  
 CHARMM>    RETURN
 VCLOSE: Closing unit   98 with status "KEEP"

                    RETURNING TO INPUT STREAM    99
  
 CHARMM>    stream toppar/toppar_all36_lipid_bacterial.str
 VOPEN> Attempting to open::toppar/toppar_all36_lipid_bacterial.str::
 OPNLGU> Unit 98 opened for READONLY access to toppar/toppar_all36_lipid_bacterial.str

                    INPUT STREAM SWITCHING TO UNIT    98
 RDTITL> * TOPPAR STREAM FILE FOR BRANCHED AND CYCLIC CHAINED LIPIDS.  FOLLOWING READING OF
 RDTITL> * TOP_ALL36_LIPID.RTF
 RDTITL> * AND
 RDTITL> * PAR_ALL36_LIPID.RTF
 RDTITL> *
 Parameter: IN1 <- "" <empty>
  
 CHARMM>     
  
 CHARMM>    ! REFERENCES
 CHARMM>    !
 CHARMM>    ! Branched Lipids
 CHARMM>    !
 CHARMM>    ! Lim, J.B. & Klauda, J.B. Branching at the Iso- and Anteiso- Positions in Complex Chlamydia
 CHARMM>    ! Membranes: A Molecular Dynamics Study. Biochimica et Biophysica Acta (BBA) - Biomembranes
 CHARMM>    ! 1808:323-331 (2011).
 CHARMM>    !
 CHARMM>    ! Cyclic-replacement of double bond
 CHARMM>    !
 CHARMM>    ! Pandit, K.R. & Klauda, J.B. Membrane models of E. coli containing cyclic moieties in
 CHARMM>    ! the aliphatic lipid chain. Biochimica et Biophysica Acta (BBA) - Biomembranes
 CHARMM>    ! 1818:1205-1210 (2012).
 CHARMM>    !
 CHARMM>     
  
 CHARMM>    set nat ?NATC
 RDCMND substituted energy or value "?NATC" to "590"
 Parameter: NAT <- "590"
  
 CHARMM>    set app
 Parameter: APP <- "" <empty>
  
 CHARMM>    !We're exploiting what is arguably a bug in the parser. On the left hand side,
 CHARMM>    !the quotes have proirity, so NAT is correctly substituted. On the right hand
 CHARMM>    !side, the ? has priority and NATC" (sic) is not a valid substitution...
 CHARMM>    if "@NAT" ne "?NATC" if @nat ne 0 set app append
 Parameter: NAT -> "590"
 Parameter: NAT -> "590"
 RDCMND: can not substitute energy "?NATC""
 Comparing ""590"" and ""?NATC"".
 IF test evaluated as true.  Performing command
 Comparing "590" and "0".
 IF test evaluated as true.  Performing command
 Parameter: APP <- "APPEND"
  
 CHARMM>     
  
 CHARMM>    read rtf card @app
 Parameter: APP -> "APPEND"
 MAINIO> Residue topology file being read from unit  98.
 RDTITL> * CHOLESTEROL RESIDUES
 RDTITL> *
  
 CHARMM>     
  
 CHARMM>    read para card flex @app
 Parameter: APP -> "APPEND"

          PARAMETER FILE BEING READ FROM UNIT 98
 RDTITL> * NEW PARAMETERS
 RDTITL> *
 PARMIO> NONBOND, HBOND lists and IMAGE atoms cleared.
  
 CHARMM>     
  
 CHARMM>    return
 VCLOSE: Closing unit   98 with status "KEEP"

                    RETURNING TO INPUT STREAM    99
  
 CHARMM>    stream toppar/toppar_all36_lipid_cardiolipin.str
 VOPEN> Attempting to open::toppar/toppar_all36_lipid_cardiolipin.str::
 OPNLGU> Unit 98 opened for READONLY access to toppar/toppar_all36_lipid_cardiolipin.str

                    INPUT STREAM SWITCHING TO UNIT    98
 RDTITL> READ RTF CARD APPEND FLEX
 RDTITL> No title read.
 Parameter: IN1 <- "" <empty>
  
 CHARMM>    read rtf card append flex
 MAINIO> Residue topology file being read from unit  98.
 RDTITL>  
 RDTITL> No title read.
 WARNING from DECODI -- Zero length string being converted to 0
 RTFRDR> WARNING: Version number is NOT specified.
  
 CHARMM>     
  
 CHARMM>    return
 VCLOSE: Closing unit   98 with status "KEEP"

                    RETURNING TO INPUT STREAM    99
  
 CHARMM>    stream toppar/toppar_all36_lipid_cholesterol.str
 VOPEN> Attempting to open::toppar/toppar_all36_lipid_cholesterol.str::
 OPNLGU> Unit 98 opened for READONLY access to toppar/toppar_all36_lipid_cholesterol.str

                    INPUT STREAM SWITCHING TO UNIT    98
 RDTITL> * TOPPAR STREAM FILE FOR CHOLESTEROL.  STREAM FOLLOWING READING OF
 RDTITL> * TOP_ALL36_LIPID.RTF
 RDTITL> * PAR_ALL36_LIPID.RTF
 RDTITL> * TOP_ALL36_CGENFF.RTF
 RDTITL> * AND PAR_ALL36_CGENFF.PRM
 RDTITL> *
 Parameter: IN1 <- "" <empty>
  
 CHARMM>     
  
 CHARMM>    !topology and parameters are included for two cholesterol models. the
 CHARMM>    !model may be selected by setting variable chol_model to 1 or 2, as
 CHARMM>    !specified below
 CHARMM>    !
 CHARMM>     
  
 CHARMM>    set chol_model 1 !2 for original Suits et al. model
 Parameter: CHOL_MODEL <- "1"
  
 CHARMM>     
  
 CHARMM>    !
 CHARMM>    !1) Revised model of Lim et al.  This contains a number of NBFIXes that
 CHARMM>    !makes it unsuitable for ANTON (set chol_model 1)
 CHARMM>    !
 CHARMM>    !2) Original model of Suits et al., which is used on ANTON as well as
 CHARMM>    !being suitable for other systems (set chol_model 2 (or anything but 1....))
 CHARMM>    !
 CHARMM>    !references
 CHARMM>    !
 CHARMM>    !Lim, J.B., Rogaski, B. and Klauda, J.B.. "Update of the Cholesterol Force Field
 CHARMM>    !Parameters in CHARMM" 116: 203-210 (2012).
 CHARMM>    !
 CHARMM>    !Suits, F., Pitman, M., MacKerell, A.D., Jr., Feller, S.E. "Molecular Level
 CHARMM>    !Organization of Saturated and Polyunsaturated Fatty Acids in a
 CHARMM>    !Phosphatidylcholine Bilayer Containing Cholesterol" Biochemistry,
 CHARMM>    !43(49):15318-28, 2004
 CHARMM>    !
 CHARMM>     
  
 CHARMM>    !test "append"
 CHARMM>    set nat ?NATC
 RDCMND substituted energy or value "?NATC" to "590"
 Parameter: NAT <- "590"
  
 CHARMM>    set app
 Parameter: APP <- "" <empty>
  
 CHARMM>    !We're exploiting what is arguably a bug in the parser. On the left hand side,
 CHARMM>    !the quotes have priority, so NAT is correctly substituted. On the right hand
 CHARMM>    !side, the ? has priority and NATC" (sic) is not a valid substitution...
 CHARMM>    if "@NAT" ne "?NATC" if @nat ne 0 set app append
 Parameter: NAT -> "590"
 Parameter: NAT -> "590"
 RDCMND: can not substitute energy "?NATC""
 Comparing ""590"" and ""?NATC"".
 IF test evaluated as true.  Performing command
 Comparing "590" and "0".
 IF test evaluated as true.  Performing command
 Parameter: APP <- "APPEND"
  
 CHARMM>     
  
 CHARMM>    if chol_model eq 1 then
 Comparing "1" and "1".
 IF test evaluated as true.  Performing command
  
 CHARMM>     
  
 CHARMM>    ! reference
 CHARMM>    ! Lim, J.B., Rogaski, B. and Klauda, J.B.. "Update of the Cholesterol Force Field
 CHARMM>    ! Parameters in CHARMM" 116: 203-210 (2012).
 CHARMM>    !
 CHARMM>     
  
 CHARMM>    read rtf card @app
 Parameter: APP -> "APPEND"
 MAINIO> Residue topology file being read from unit  98.
 RDTITL> * TOPOLOGY FOR CHOLESTEROL
 RDTITL> *
  
 CHARMM>     
  
 CHARMM>    read param card flex @app
 Parameter: APP -> "APPEND"

          PARAMETER FILE BEING READ FROM UNIT 98
 RDTITL> * CHOLESTEROL PARAMETERS
 RDTITL> *
 PARRDR> Error: Repeated DIHE parameter ( 15118): OG31  CG30  CG3C  CG3C is replaced
 PARRDR> Error: Repeated DIHE parameter ( 15119): OG31  CG30  CG3C  CG3R is replaced
 PARRDR> Error: Repeated DIHE parameter ( 15120): OG31  CG30  CG3C  HGA1 is replaced
 PARRDR> Error: Repeated DIHE parameter ( 15118): OG31  CG30  CG3C  CG3C is replaced
 PARRDR> Error: Repeated DIHE parameter ( 15119): OG31  CG30  CG3C  CG3R is replaced
 PARRDR> Error: Repeated DIHE parameter ( 15120): OG31  CG30  CG3C  HGA1 is replaced
 PARMIO> NONBOND, HBOND lists and IMAGE atoms cleared.
  
 CHARMM>     
  
 CHARMM>    return
 VCLOSE: Closing unit   98 with status "KEEP"

                    RETURNING TO INPUT STREAM    99
  
 CHARMM>    stream toppar/toppar_all36_lipid_dag.str
 VOPEN> Attempting to open::toppar/toppar_all36_lipid_dag.str::
 OPNLGU> Unit 98 opened for READONLY access to toppar/toppar_all36_lipid_dag.str

                    INPUT STREAM SWITCHING TO UNIT    98
 RDTITL> READ RTF CARD APPEND
 RDTITL> No title read.
 Parameter: IN1 <- "" <empty>
  
 CHARMM>    read rtf card append
 MAINIO> Residue topology file being read from unit  98.
 RDTITL> * TOPOLOGY FOR LIPIDA FROM DAG
 RDTITL> *
  
 VCLOSE: Closing unit   98 with status "KEEP"

                    RETURNING TO INPUT STREAM    99
  
 CHARMM>    stream toppar/toppar_all36_lipid_inositol.str
 VOPEN> Attempting to open::toppar/toppar_all36_lipid_inositol.str::
 OPNLGU> Unit 98 opened for READONLY access to toppar/toppar_all36_lipid_inositol.str

                    INPUT STREAM SWITCHING TO UNIT    98
 RDTITL> READ RTF CARD APPEND
 RDTITL> No title read.
 Parameter: IN1 <- "" <empty>
  
 CHARMM>    read rtf card append
 MAINIO> Residue topology file being read from unit  98.
 RDTITL> * TOPOLOGY FOR INOSITOL-BASED LIPIDS
 RDTITL> *
  
 CHARMM>     
  
 CHARMM>    RETURN
 VCLOSE: Closing unit   98 with status "KEEP"

                    RETURNING TO INPUT STREAM    99
  
 CHARMM>    stream toppar/toppar_all36_lipid_lnp.str
 VOPEN> Attempting to open::toppar/toppar_all36_lipid_lnp.str::
 OPNLGU> Unit 98 opened for READONLY access to toppar/toppar_all36_lipid_lnp.str

                    INPUT STREAM SWITCHING TO UNIT    98
 RDTITL> READ RTF CARD APPEND
 RDTITL> No title read.
 Parameter: IN1 <- "" <empty>
  
 CHARMM>    read rtf card append
 MAINIO> Residue topology file being read from unit  98.
 RDTITL> * LNP
 RDTITL> *

      ***** LEVEL  1 WARNING FROM <DECODF> *****
      ***** Zero length string
      ******************************************
      BOMLEV ( -2) IS NOT REACHED. WRNLEV IS  5

 WARNING from DECODF -- Zero length string being converted to 0.
 **** WARNING from RTFRDR **** The total charge of the residue, DAGP,  -0.0100000,
 does not equal the expected charge,   0.0000000.

      ***** LEVEL  1 WARNING FROM <DECODF> *****
      ***** Zero length string
      ******************************************
      BOMLEV ( -2) IS NOT REACHED. WRNLEV IS  5

 WARNING from DECODF -- Zero length string being converted to 0.
          PRES DPEPEG
 **** WARNING from RTFRDR **** The total charge of the residue, DPEP,  -0.0100000,
 does not equal the expected charge,   0.0000000.
 There were   2 warning(s) from RTFRDR.
  
 CHARMM>     
  
 CHARMM>    read param card flex append

          PARAMETER FILE BEING READ FROM UNIT 98
 RDTITL> * LNP
 RDTITL> *
 PARMIO> NONBOND, HBOND lists and IMAGE atoms cleared.
  
 CHARMM>     
  
 CHARMM>    RETURN
 VCLOSE: Closing unit   98 with status "KEEP"

                    RETURNING TO INPUT STREAM    99
  
 CHARMM>    stream toppar/toppar_all36_lipid_lps.str
 VOPEN> Attempting to open::toppar/toppar_all36_lipid_lps.str::
 OPNLGU> Unit 98 opened for READONLY access to toppar/toppar_all36_lipid_lps.str

                    INPUT STREAM SWITCHING TO UNIT    98
 RDTITL> READ RTF CARD APPEND
 RDTITL> No title read.
 Parameter: IN1 <- "" <empty>
  
 CHARMM>    read rtf card append
 MAINIO> Residue topology file being read from unit  98.
 RDTITL> * TOPOLOGY FOR LIPIDA FROM LPS
 RDTITL> *
 WARNING from DECODI -- Zero length string being converted to 0
 RTFRDR> WARNING: Version number is NOT specified.
  
 CHARMM>     
  
 CHARMM>     
  
 CHARMM>    read param card append flex

          PARAMETER FILE BEING READ FROM UNIT 98
 RDTITL> *    NEW PARAMETES
 RDTITL> *
 PARMIO> NONBOND, HBOND lists and IMAGE atoms cleared.
  
 CHARMM>     
  
 VCLOSE: Closing unit   98 with status "KEEP"

                    RETURNING TO INPUT STREAM    99
  
 CHARMM>    stream toppar/toppar_all36_lipid_mycobacterial.str
 VOPEN> Attempting to open::toppar/toppar_all36_lipid_mycobacterial.str::
 OPNLGU> Unit 98 opened for READONLY access to toppar/toppar_all36_lipid_mycobacterial.str

                    INPUT STREAM SWITCHING TO UNIT    98
 RDTITL> * TOPPAR STREAM FILE FOR BRANCHED AND CYCLIC CHAINED LIPIDS.  FOLLOWING READING OF
 RDTITL> * TOP_ALL36_LIPID.RTF, PAR_ALL36_LIPID.PRM
 RDTITL> * AND
 RDTITL> * TOPPAR_ALL36_LIPID_BACTERIAL.STR
 RDTITL> *
 Parameter: IN1 <- "" <empty>
  
 CHARMM>     
  
 CHARMM>    read rtf card append
 MAINIO> Residue topology file being read from unit  98.
 RDTITL> * CHOLESTEROL RESIDUES
 RDTITL> *
  
 CHARMM>     
  
 CHARMM>    read para card flex @app
 Parameter: APP -> "APPEND"

          PARAMETER FILE BEING READ FROM UNIT 98
 RDTITL> * NEW PARAMETERS
 RDTITL> *
 PARRDR> Error: Repeated ANGLE parameter (  5023): CEL1  CEL1  CTL1 is replaced
 PARRDR> Error: Repeated DIHE parameter ( 15365): CTL2  CG2O  CTL1  CTL3 is replaced
 PARRDR> Error: Repeated DIHE parameter ( 15366): CTL2  CG2O  CTL1  CTL3 is replaced
 PARRDR> Error: Repeated DIHE parameter ( 15365): CTL2  CG2O  CTL1  CTL3 is replaced
 PARRDR> Error: Repeated DIHE parameter ( 15366): CTL2  CG2O  CTL1  CTL3 is replaced
 PARMIO> NONBOND, HBOND lists and IMAGE atoms cleared.
  
 CHARMM>     
  
 CHARMM>    RETURN
 VCLOSE: Closing unit   98 with status "KEEP"

                    RETURNING TO INPUT STREAM    99
  
 CHARMM>    stream toppar/toppar_all36_lipid_miscellaneous.str
 VOPEN> Attempting to open::toppar/toppar_all36_lipid_miscellaneous.str::
 OPNLGU> Unit 98 opened for READONLY access to toppar/toppar_all36_lipid_miscellaneous.str

                    INPUT STREAM SWITCHING TO UNIT    98
 RDTITL> READ RTF CARD APPEND FLEX
 RDTITL> No title read.
 Parameter: IN1 <- "" <empty>
  
 CHARMM>    read rtf card append flex
 MAINIO> Residue topology file being read from unit  98.
 RDTITL> * TOPOLOGY FOR MISCELLANEOUS LIPIDS
 RDTITL> *
  
 CHARMM>     
  
 CHARMM>    read param card flex append

          PARAMETER FILE BEING READ FROM UNIT 98
 RDTITL> * PARAMETER FOR ACYL PYROPHOSPHATE: ADDED 2019_7
 RDTITL> *
 PARMIO> NONBOND, HBOND lists and IMAGE atoms cleared.
  
 CHARMM>     
  
 CHARMM>    return
 VCLOSE: Closing unit   98 with status "KEEP"

                    RETURNING TO INPUT STREAM    99
  
 CHARMM>    stream toppar/toppar_all36_lipid_model.str
 VOPEN> Attempting to open::toppar/toppar_all36_lipid_model.str::
 OPNLGU> Unit 98 opened for READONLY access to toppar/toppar_all36_lipid_model.str

                    INPUT STREAM SWITCHING TO UNIT    98
 RDTITL> * CHARMM36 ALL-HYDROGEN LIPID FORCE FIELD TOPPAR STREAM FILE
 RDTITL> * COLLECTION OF RESIDUES AND PATCHES FOR MODEL COMPOUNDS USED
 RDTITL> * IN THE OPTIMIZATION THE LIPID FORCE FIELD.
 RDTITL> *
 Parameter: IN1 <- "" <empty>
  
 CHARMM>     
  
 CHARMM>    !Parent files that have to be read prior to streaming this file
 CHARMM>    !top_all36_lipid.rtf
 CHARMM>    !par_all36_lipid.prm
 CHARMM>     
  
 CHARMM>    !Testcase
 CHARMM>    !test_all36_lipid_model.inp
 CHARMM>     
  
 CHARMM>    read rtf card append
 MAINIO> Residue topology file being read from unit  98.
 RDTITL> * C36 LIPID MODEL COMPOUNDS
 RDTITL> *
*** WARNING **** residue MAS  already exists (old one deleted)

      ***** LEVEL  1 WARNING FROM <RTFRDR> *****
      ***** Residue already exists.
      ******************************************
      BOMLEV ( -2) IS NOT REACHED. WRNLEV IS  5

          RESI MAS          0.00
*** WARNING **** residue ETAC already exists (old one deleted)

      ***** LEVEL  1 WARNING FROM <RTFRDR> *****
      ***** Residue already exists.
      ******************************************
      BOMLEV ( -2) IS NOT REACHED. WRNLEV IS  5

          RESI ETAC         0.00
*** WARNING **** residue MPRO already exists (old one deleted)

      ***** LEVEL  1 WARNING FROM <RTFRDR> *****
      ***** Residue already exists.
      ******************************************
      BOMLEV ( -2) IS NOT REACHED. WRNLEV IS  5

          RESI MPRO         0.00
*** WARNING **** residue MP_1 already exists (old one deleted)

      ***** LEVEL  1 WARNING FROM <RTFRDR> *****
      ***** Residue already exists.
      ******************************************
      BOMLEV ( -2) IS NOT REACHED. WRNLEV IS  5

          RESI MP_1        -1.00
*** WARNING **** residue MP_2 already exists (old one deleted)

      ***** LEVEL  1 WARNING FROM <RTFRDR> *****
      ***** Residue already exists.
      ******************************************
      BOMLEV ( -2) IS NOT REACHED. WRNLEV IS  5

          RESI MP_2        -2.00
*** WARNING **** residue MSO4 already exists (old one deleted)

      ***** LEVEL  1 WARNING FROM <RTFRDR> *****
      ***** Residue already exists.
      ******************************************
      BOMLEV ( -2) IS NOT REACHED. WRNLEV IS  5

          RESI MSO4        -1.00
*** WARNING **** residue BUTA already exists (old one deleted)

      ***** LEVEL  1 WARNING FROM <RTFRDR> *****
      ***** Residue already exists.
      ******************************************
      BOMLEV ( -2) IS NOT REACHED. WRNLEV IS  5

          RESI BUTA         0.00
*** WARNING **** residue PENT already exists (old one deleted)

      ***** LEVEL  1 WARNING FROM <RTFRDR> *****
      ***** Residue already exists.
      ******************************************
      BOMLEV ( -2) IS NOT REACHED. WRNLEV IS  5

          RESI PENT         0.00
*** WARNING **** residue HEXA already exists (old one deleted)

      ***** LEVEL  1 WARNING FROM <RTFRDR> *****
      ***** Residue already exists.
      ******************************************
      BOMLEV ( -2) IS NOT REACHED. WRNLEV IS  5

          RESI HEXA         0.00
*** WARNING **** residue ETHE already exists (old one deleted)

      ***** LEVEL  1 WARNING FROM <RTFRDR> *****
      ***** Residue already exists.
      ******************************************
      BOMLEV ( -2) IS NOT REACHED. WRNLEV IS  5

          RESI ETHE       0.00
*** WARNING **** residue PRPE already exists (old one deleted)

      ***** LEVEL  1 WARNING FROM <RTFRDR> *****
      ***** Residue already exists.
      ******************************************
      BOMLEV ( -2) IS NOT REACHED. WRNLEV IS  5

          RESI PRPE       0.00
*** WARNING **** residue BTE1 already exists (old one deleted)

      ***** LEVEL  1 WARNING FROM <RTFRDR> *****
      ***** Residue already exists.
      ******************************************
      BOMLEV ( -2) IS NOT REACHED. WRNLEV IS  5

          RESI BTE1       0.00
*** WARNING **** residue BTE2 already exists (old one deleted)

      ***** LEVEL  1 WARNING FROM <RTFRDR> *****
      ***** Residue already exists.
      ******************************************
      BOMLEV ( -2) IS NOT REACHED. WRNLEV IS  5

          RESI BTE2       0.00
*** WARNING **** residue DIPE already exists (old one deleted)

      ***** LEVEL  1 WARNING FROM <RTFRDR> *****
      ***** Residue already exists.
      ******************************************
      BOMLEV ( -2) IS NOT REACHED. WRNLEV IS  5

          RESI DIPE       0.00
*** WARNING **** residue DIHE already exists (old one deleted)

      ***** LEVEL  1 WARNING FROM <RTFRDR> *****
      ***** Residue already exists.
      ******************************************
      BOMLEV ( -2) IS NOT REACHED. WRNLEV IS  5

          RESI DIHE       0.00
*** WARNING **** residue NC4  already exists (old one deleted)

      ***** LEVEL  1 WARNING FROM <RTFRDR> *****
      ***** Residue already exists.
      ******************************************
      BOMLEV ( -2) IS NOT REACHED. WRNLEV IS  5

          RESI NC4          1.00
*** WARNING **** residue NC5  already exists (old one deleted)

      ***** LEVEL  1 WARNING FROM <RTFRDR> *****
      ***** Residue already exists.
      ******************************************
      BOMLEV ( -2) IS NOT REACHED. WRNLEV IS  5

          RESI NC5          1.00
*** WARNING **** residue CHOL already exists (old one deleted)

      ***** LEVEL  1 WARNING FROM <RTFRDR> *****
      ***** Residue already exists.
      ******************************************
      BOMLEV ( -2) IS NOT REACHED. WRNLEV IS  5

          RESI CHOL         1.00
*** WARNING **** residue ACHO already exists (old one deleted)

      ***** LEVEL  1 WARNING FROM <RTFRDR> *****
      ***** Residue already exists.
      ******************************************
      BOMLEV ( -2) IS NOT REACHED. WRNLEV IS  5

          RESI ACHO         1.00
*** WARNING **** residue PC   already exists (old one deleted)

      ***** LEVEL  1 WARNING FROM <RTFRDR> *****
      ***** Residue already exists.
      ******************************************
      BOMLEV ( -2) IS NOT REACHED. WRNLEV IS  5

          RESI PC           0.00
*** WARNING **** residue GPC  already exists (old one deleted)

      ***** LEVEL  1 WARNING FROM <RTFRDR> *****
      ***** Residue already exists.
      ******************************************
      BOMLEV ( -2) IS NOT REACHED. WRNLEV IS  5

          RESI GPC          0.00
*** WARNING **** residue TEA  already exists (old one deleted)

      ***** LEVEL  1 WARNING FROM <RTFRDR> *****
      ***** Residue already exists.
      ******************************************
      BOMLEV ( -2) IS NOT REACHED. WRNLEV IS  5

          RESI TEA          1.00
*** WARNING **** residue ETAM already exists (old one deleted)

      ***** LEVEL  1 WARNING FROM <RTFRDR> *****
      ***** Residue already exists.
      ******************************************
      BOMLEV ( -2) IS NOT REACHED. WRNLEV IS  5

          RESI ETAM       1.00
*** WARNING **** residue GLYC already exists (old one deleted)

      ***** LEVEL  1 WARNING FROM <RTFRDR> *****
      ***** Residue already exists.
      ******************************************
      BOMLEV ( -2) IS NOT REACHED. WRNLEV IS  5

          RESI GLYC         0.00
*** WARNING **** residue MBUT already exists (old one deleted)

      ***** LEVEL  1 WARNING FROM <RTFRDR> *****
      ***** Residue already exists.
      ******************************************
      BOMLEV ( -2) IS NOT REACHED. WRNLEV IS  5

          RESI MBUT         0.00
 There were  25 warning(s) from RTFRDR.
  
 CHARMM>     
  
 CHARMM>    return
 VCLOSE: Closing unit   98 with status "KEEP"

                    RETURNING TO INPUT STREAM    99
  
 CHARMM>    stream toppar/toppar_all36_lipid_prot.str
 VOPEN> Attempting to open::toppar/toppar_all36_lipid_prot.str::
 OPNLGU> Unit 98 opened for READONLY access to toppar/toppar_all36_lipid_prot.str

                    INPUT STREAM SWITCHING TO UNIT    98
 RDTITL> * TOPOLOGY AND PARAMETERS FOR LIPID TAIL LINKERS TO CYSTEINE AND GLYCINE,
 RDTITL> * FOR EXAMPLE, PALMITOYLATION, MARISTOYLATION, FERNASYLATION, GERANYLATION
 RDTITL> *
 Parameter: IN1 <- "" <empty>
  
 CHARMM>     
  
 CHARMM>    read rtf card append
 MAINIO> Residue topology file being read from unit  98.
 RDTITL> * LIPID-MODIFIED PROTEIN RESIDUES
 RDTITL> *
  
 CHARMM>     
  
 CHARMM>    read para card append flex

          PARAMETER FILE BEING READ FROM UNIT 98
 RDTITL> * CYSTEIN-PALMITATE PARAMETERS
 RDTITL> *
 PARMIO> NONBOND, HBOND lists and IMAGE atoms cleared.
  
 CHARMM>     
  
 CHARMM>    return
 VCLOSE: Closing unit   98 with status "KEEP"

                    RETURNING TO INPUT STREAM    99
  
 CHARMM>    stream toppar/toppar_all36_lipid_tag.str
 VOPEN> Attempting to open::toppar/toppar_all36_lipid_tag.str::
 OPNLGU> Unit 98 opened for READONLY access to toppar/toppar_all36_lipid_tag.str

                    INPUT STREAM SWITCHING TO UNIT    98
 RDTITL> READ RTF CARD APPEND
 RDTITL> No title read.
 Parameter: IN1 <- "" <empty>
  
 CHARMM>    read rtf card append
 MAINIO> Residue topology file being read from unit  98.
 RDTITL> * TOPOLOGY FOR TRIACYLGLYCEROLS [STEPHEN GEE FROM LEHIGH UNIVERSITY]
 RDTITL> *
  
 VCLOSE: Closing unit   98 with status "KEEP"

                    RETURNING TO INPUT STREAM    99
  
 CHARMM>    stream toppar/toppar_all36_lipid_yeast.str
 VOPEN> Attempting to open::toppar/toppar_all36_lipid_yeast.str::
 OPNLGU> Unit 98 opened for READONLY access to toppar/toppar_all36_lipid_yeast.str

                    INPUT STREAM SWITCHING TO UNIT    98
 RDTITL> * TOPPAR STREAM FILE FOR BRANCHED AND CYCLIC CHAINED LIPIDS.  FOLLOWING READING OF
 RDTITL> * TOP_ALL36_LIPID.RTF
 RDTITL> * AND
 RDTITL> * PAR_ALL36_LIPID.RTF
 RDTITL> *
 Parameter: IN1 <- "" <empty>
  
 CHARMM>     
  
 CHARMM>    set nat ?NATC
 RDCMND substituted energy or value "?NATC" to "590"
 Parameter: NAT <- "590"
  
 CHARMM>    set app
 Parameter: APP <- "" <empty>
  
 CHARMM>    !We're exploiting what is arguably a bug in the parser. On the left hand side,
 CHARMM>    !the quotes have proirity, so NAT is correctly substituted. On the right hand
 CHARMM>    !side, the ? has priority and NATC" (sic) is not a valid substitution...
 CHARMM>    if "@NAT" ne "?NATC" if @nat ne 0 set app append
 Parameter: NAT -> "590"
 Parameter: NAT -> "590"
 RDCMND: can not substitute energy "?NATC""
 Comparing ""590"" and ""?NATC"".
 IF test evaluated as true.  Performing command
 Comparing "590" and "0".
 IF test evaluated as true.  Performing command
 Parameter: APP <- "APPEND"
  
 CHARMM>     
  
 CHARMM>    read rtf card @app
 Parameter: APP -> "APPEND"
 MAINIO> Residue topology file being read from unit  98.
 RDTITL> * CHOLESTEROL RESIDUES
 RDTITL> *
  
 CHARMM>     
  
 CHARMM>    read para card flex @app
 Parameter: APP -> "APPEND"

          PARAMETER FILE BEING READ FROM UNIT 98
 RDTITL> * NEW PARAMETERS
 RDTITL> *
 PARMIO> NONBOND, HBOND lists and IMAGE atoms cleared.
  
 CHARMM>     
  
 CHARMM>    return
 VCLOSE: Closing unit   98 with status "KEEP"

                    RETURNING TO INPUT STREAM    99
  
 CHARMM>    stream toppar/toppar_all36_lipid_hmmm.str
 VOPEN> Attempting to open::toppar/toppar_all36_lipid_hmmm.str::
 OPNLGU> Unit 98 opened for READONLY access to toppar/toppar_all36_lipid_hmmm.str

                    INPUT STREAM SWITCHING TO UNIT    98
 RDTITL> READ RTF CARD APPEND FLEX
 RDTITL> No title read.
 Parameter: IN1 <- "" <empty>
  
 CHARMM>    read rtf card append flex
 MAINIO> Residue topology file being read from unit  98.
 RDTITL> * TOPOLOGY FOR TERMINAL PATCHES FOR HMMM TRUNCATED LIPIDS
 RDTITL> *

      ***** LEVEL  1 WARNING FROM <DECODF> *****
      ***** Zero length string
      ******************************************
      BOMLEV ( -2) IS NOT REACHED. WRNLEV IS  5

 WARNING from DECODF -- Zero length string being converted to 0.

      ***** LEVEL  1 WARNING FROM <DECODF> *****
      ***** Zero length string
      ******************************************
      BOMLEV ( -2) IS NOT REACHED. WRNLEV IS  5

 WARNING from DECODF -- Zero length string being converted to 0.

      ***** LEVEL  1 WARNING FROM <DECODF> *****
      ***** Zero length string
      ******************************************
      BOMLEV ( -2) IS NOT REACHED. WRNLEV IS  5

 WARNING from DECODF -- Zero length string being converted to 0.

      ***** LEVEL  1 WARNING FROM <DECODF> *****
      ***** Zero length string
      ******************************************
      BOMLEV ( -2) IS NOT REACHED. WRNLEV IS  5

 WARNING from DECODF -- Zero length string being converted to 0.

      ***** LEVEL  1 WARNING FROM <DECODF> *****
      ***** Zero length string
      ******************************************
      BOMLEV ( -2) IS NOT REACHED. WRNLEV IS  5

 WARNING from DECODF -- Zero length string being converted to 0.

      ***** LEVEL  1 WARNING FROM <DECODF> *****
      ***** Zero length string
      ******************************************
      BOMLEV ( -2) IS NOT REACHED. WRNLEV IS  5

 WARNING from DECODF -- Zero length string being converted to 0.

      ***** LEVEL  1 WARNING FROM <DECODF> *****
      ***** Zero length string
      ******************************************
      BOMLEV ( -2) IS NOT REACHED. WRNLEV IS  5

 WARNING from DECODF -- Zero length string being converted to 0.

      ***** LEVEL  1 WARNING FROM <DECODF> *****
      ***** Zero length string
      ******************************************
      BOMLEV ( -2) IS NOT REACHED. WRNLEV IS  5

 WARNING from DECODF -- Zero length string being converted to 0.
  
 CHARMM>     
  
 CHARMM>    read para card flex @app
 Parameter: APP -> "APPEND"

          PARAMETER FILE BEING READ FROM UNIT 98
 RDTITL> * NEW PARAMETERS
 RDTITL> *
 PARMIO> NONBOND, HBOND lists and IMAGE atoms cleared.
  
 CHARMM>     
  
 CHARMM>    return
 VCLOSE: Closing unit   98 with status "KEEP"

                    RETURNING TO INPUT STREAM    99
  
 CHARMM>    stream toppar/toppar_all36_lipid_detergent.str
 VOPEN> Attempting to open::toppar/toppar_all36_lipid_detergent.str::
 OPNLGU> Unit 98 opened for READONLY access to toppar/toppar_all36_lipid_detergent.str

                    INPUT STREAM SWITCHING TO UNIT    98
 RDTITL> * TOPPAR STREAM FILE FOR DETERGENTS AND FATTY ACIDS.
 RDTITL> * STREAM FOLLOWING READING OF
 RDTITL> * TOP_ALL36_LIPID.RTF
 RDTITL> * AND
 RDTITL> * PAR_ALL36_LIPID.RTF
 RDTITL> *
 Parameter: IN1 <- "" <empty>
  
 CHARMM>     
  
 CHARMM>    !Additional residues added by Im lab, Aug. 2017
 CHARMM>     
  
 CHARMM>    !Fatty acids added Jan. 2016
 CHARMM>     
  
 CHARMM>    read rtf card append
 MAINIO> Residue topology file being read from unit  98.
 RDTITL> * DETERGENT AND FATTY ACID RESIDUES
 RDTITL> *
  
 CHARMM>     
  
 CHARMM>    read para card append flex

          PARAMETER FILE BEING READ FROM UNIT 98
 RDTITL> * SB3-12 AND SB3-14 PARAMETERS
 RDTITL> *
 PARMIO> NONBOND, HBOND lists and IMAGE atoms cleared.
  
 CHARMM>     
  
 CHARMM>    return
 VCLOSE: Closing unit   98 with status "KEEP"

                    RETURNING TO INPUT STREAM    99
  
 CHARMM>    stream toppar/toppar_all36_lipid_ether.str
 VOPEN> Attempting to open::toppar/toppar_all36_lipid_ether.str::
 OPNLGU> Unit 98 opened for READONLY access to toppar/toppar_all36_lipid_ether.str

                    INPUT STREAM SWITCHING TO UNIT    98
 RDTITL> * CHARMM36 ALL-HYDROGEN ETHER LIPID FORCE FIELD INCLUDING PLASMALOGENS ALISON
 RDTITL> * N. LEONARD (A. L.), 7/18 WITH RICHARD PASTOR AND JEFFERY KLAUDA, JPCB 122(26)
 RDTITL> * PP. 6744 - 6754.  ANA WEST, 1/20 WITH VALERIA ZONI, WALTER TEAGUE JR., ALISON
 RDTITL> * LEONARD, STEFANO VANNI, KLAUS GAWRISCH, STEPHANIE TRISTAM-NAGLE, JONATHAN
 RDTITL> * SACHS, AND JEFFERY KLAUDA, JPCB 124(5) PP. 828 - 839.
 RDTITL> *
 Parameter: IN1 <- "" <empty>
  
 CHARMM>     
  
 CHARMM>    !Parent files that have to be read prior to streaming this file
 CHARMM>    !top_all36_lipid.rtf
 CHARMM>    !par_all36_lipid.prm
 CHARMM>    !top_all36_cgenff.rtf
 CHARMM>    !par_all36_cgenff.prm
 CHARMM>     
  
 CHARMM>    read rtf card append
 MAINIO> Residue topology file being read from unit  98.
 RDTITL> * C36 ETHER MODEL COMPOUNDS
 RDTITL> *

      ***** LEVEL  1 WARNING FROM <DECODF> *****
      ***** Zero length string
      ******************************************
      BOMLEV ( -2) IS NOT REACHED. WRNLEV IS  5

 WARNING from DECODF -- Zero length string being converted to 0.

      ***** LEVEL  1 WARNING FROM <DECODF> *****
      ***** Zero length string
      ******************************************
      BOMLEV ( -2) IS NOT REACHED. WRNLEV IS  5

 WARNING from DECODF -- Zero length string being converted to 0.

      ***** LEVEL  1 WARNING FROM <DECODF> *****
      ***** Zero length string
      ******************************************
      BOMLEV ( -2) IS NOT REACHED. WRNLEV IS  5

 WARNING from DECODF -- Zero length string being converted to 0.
  
 CHARMM>     
  
 CHARMM>    read para card flex append

          PARAMETER FILE BEING READ FROM UNIT 98
 RDTITL> * PARAMETERS
 RDTITL> *
 PARMIO> NONBOND, HBOND lists and IMAGE atoms cleared.
  
 CHARMM>     
  
 CHARMM>    return
 VCLOSE: Closing unit   98 with status "KEEP"

                    RETURNING TO INPUT STREAM    99
  
 CHARMM>    stream toppar/toppar_all36_lipid_oxidized.str
 VOPEN> Attempting to open::toppar/toppar_all36_lipid_oxidized.str::
 OPNLGU> Unit 98 opened for READONLY access to toppar/toppar_all36_lipid_oxidized.str

                    INPUT STREAM SWITCHING TO UNIT    98
 RDTITL> READ RTF CARD APPEND
 RDTITL> No title read.
 Parameter: IN1 <- "" <empty>
  
 CHARMM>    read rtf card append
 MAINIO> Residue topology file being read from unit  98.
 RDTITL> * TOPOLOGY FOR OXIDIZED PHOSPHOLIPID
 RDTITL> *

      ***** LEVEL  1 WARNING FROM <rtfrdr> *****
      ***** No AUTOgen defaults specified in appended RTF. Potential conflict with prior RTF autogen options. Check.
      ******************************************
      BOMLEV ( -2) IS NOT REACHED. WRNLEV IS  5

  
 CHARMM>     
  
 CHARMM>    read param card flex append

          PARAMETER FILE BEING READ FROM UNIT 98
 RDTITL> * ADDITIONAL PARAMETERS FOR OXIDIZED PHOSPHOLIPIDS
 RDTITL> *
 PARMIO> NONBOND, HBOND lists and IMAGE atoms cleared.
  
 CHARMM>     
  
 CHARMM>    RETURN
 VCLOSE: Closing unit   98 with status "KEEP"

                    RETURNING TO INPUT STREAM    99
  
 CHARMM>     
  
 CHARMM>    ! Additional topologies and parameters for carbohydrates
 CHARMM>    stream toppar/toppar_all36_carb_glycolipid.str
 VOPEN> Attempting to open::toppar/toppar_all36_carb_glycolipid.str::
 OPNLGU> Unit 98 opened for READONLY access to toppar/toppar_all36_carb_glycolipid.str

                    INPUT STREAM SWITCHING TO UNIT    98
 RDTITL> READ RTF CARD APPEND
 RDTITL> No title read.
 Parameter: IN1 <- "" <empty>
  
 CHARMM>    read rtf card append
 MAINIO> Residue topology file being read from unit  98.
 RDTITL> * TOPOLOGY FOR GLYCOLIPIDS
 RDTITL> *
  
 CHARMM>     
  
 CHARMM>    read param card flex append

          PARAMETER FILE BEING READ FROM UNIT 98
 RDTITL> * PIP RELATED PARAMETERS
 RDTITL> *
 PARMIO> NONBOND, HBOND lists and IMAGE atoms cleared.
  
 CHARMM>     
  
 CHARMM>    RETURN
 VCLOSE: Closing unit   98 with status "KEEP"

                    RETURNING TO INPUT STREAM    99
  
 CHARMM>    stream toppar/toppar_all36_carb_glycopeptide.str
 VOPEN> Attempting to open::toppar/toppar_all36_carb_glycopeptide.str::
 OPNLGU> Unit 98 opened for READONLY access to toppar/toppar_all36_carb_glycopeptide.str

                    INPUT STREAM SWITCHING TO UNIT    98
 RDTITL> READ RTF CARD APPEND
 RDTITL> No title read.
 Parameter: IN1 <- "" <empty>
  
 CHARMM>    read rtf card append
 MAINIO> Residue topology file being read from unit  98.
 RDTITL> * TOPOLOGY FOR GLYCOPEPTIDE LINKAGES
 RDTITL> *
  
 CHARMM>     
  
 CHARMM>    read param card flex append

          PARAMETER FILE BEING READ FROM UNIT 98
 RDTITL> *    NEW PARAMETES
 RDTITL> *
 PARMIO> NONBOND, HBOND lists and IMAGE atoms cleared.
  
 CHARMM>     
  
 CHARMM>     
  
 CHARMM>    RETURN
 VCLOSE: Closing unit   98 with status "KEEP"

                    RETURNING TO INPUT STREAM    99
  
 CHARMM>    stream toppar/toppar_all36_carb_imlab.str
 VOPEN> Attempting to open::toppar/toppar_all36_carb_imlab.str::
 OPNLGU> Unit 98 opened for READONLY access to toppar/toppar_all36_carb_imlab.str

                    INPUT STREAM SWITCHING TO UNIT    98
 RDTITL> READ RTF CARD APPEND
 RDTITL> No title read.
 Parameter: IN1 <- "" <empty>
  
 CHARMM>    read rtf card append
 MAINIO> Residue topology file being read from unit  98.
 RDTITL> * GLYCAN CHEMICAL MODIFICATION PATCHES
 RDTITL> *
  
 CHARMM>     
  
 CHARMM>    read param card flex append

          PARAMETER FILE BEING READ FROM UNIT 98
 RDTITL> * GLYCAN CHEMICAL MODIFICATION PATCHES
 RDTITL> *
 PARMIO> NONBOND, HBOND lists and IMAGE atoms cleared.
  
 CHARMM>     
  
 CHARMM>    RETURN
 VCLOSE: Closing unit   98 with status "KEEP"

                    RETURNING TO INPUT STREAM    99
  
 CHARMM>     
  
 CHARMM>    ! Additional topologies and parameters for spin/fluorophore labels
 CHARMM>    stream toppar/toppar_all36_label_spin.str
 VOPEN> Attempting to open::toppar/toppar_all36_label_spin.str::
 OPNLGU> Unit 98 opened for READONLY access to toppar/toppar_all36_label_spin.str

                    INPUT STREAM SWITCHING TO UNIT    98
 RDTITL> *>>>>> TOPOLOGY FOR NITROXYDE SPIN LABELS <<<<<<<
 RDTITL> * SHAHIDUL M. ISLAM, UNIVERSITY OF CHICAGO
 RDTITL> *
 Parameter: IN1 <- "" <empty>
  
 CHARMM>     
  
 CHARMM>    ! please reference the following:
 CHARMM>    !Sezer, D., Freed J. H., and Roux, B. “Parametrization, Molecular Dynamics Simulation, and Calculation of Electron Spin
 CHARMM>    !Resonance Spectra of a Nitroxide Spin Label on a Polyalanine alpha-Helix” J. Phys. Chem. B 2008, 112, 5755-5767
 CHARMM>     
  
 CHARMM>    !Islam, S. M., and Roux, B. “Parameterization and molecular dynamics simulations of a
 CHARMM>    !conformationally constrained double linked spin label constrained by EPR/DEER data”
 CHARMM>    !(planed submission to J journal)
 CHARMM>     
  
 CHARMM>    !test "append" to determine if previous toppar files have been read and
 CHARMM>    !add append to "read rtf card" if true
 CHARMM>    set nat ?NATC
 RDCMND substituted energy or value "?NATC" to "590"
 Parameter: NAT <- "590"
  
 CHARMM>    set app
 Parameter: APP <- "" <empty>
  
 CHARMM>    !We're exploiting what is arguably a bug in the parser. On the left hand side,
 CHARMM>    !the quotes have proirity, so NAT is correctly substituted. On the right hand
 CHARMM>    !side, the ? has priority and NATC" (sic) is not a valid substitution...
 CHARMM>    if "@NAT" ne "?NATC" if @nat ne 0 set app append
 Parameter: NAT -> "590"
 Parameter: NAT -> "590"
 RDCMND: can not substitute energy "?NATC""
 Comparing ""590"" and ""?NATC"".
 IF test evaluated as true.  Performing command
 Comparing "590" and "0".
 IF test evaluated as true.  Performing command
 Parameter: APP <- "APPEND"
  
 CHARMM>     
  
 CHARMM>     
  
 CHARMM>    read rtf card @app
 Parameter: APP -> "APPEND"
 MAINIO> Residue topology file being read from unit  98.
 RDTITL> * TOPOLOGY FOR SPIN LABEL
 RDTITL> *
  
 CHARMM>     
  
 CHARMM>     
  
 CHARMM>    read para card flex @app
 Parameter: APP -> "APPEND"

          PARAMETER FILE BEING READ FROM UNIT 98
 RDTITL> * PARAMETERS FOR SPIN LABEL
 RDTITL> *
 PARMIO> NONBOND, HBOND lists and IMAGE atoms cleared.
  
 CHARMM>     
  
 CHARMM>    return
 VCLOSE: Closing unit   98 with status "KEEP"

                    RETURNING TO INPUT STREAM    99
  
 CHARMM>    stream toppar/toppar_all36_label_fluorophore.str
 VOPEN> Attempting to open::toppar/toppar_all36_label_fluorophore.str::
 OPNLGU> Unit 98 opened for READONLY access to toppar/toppar_all36_label_fluorophore.str

                    INPUT STREAM SWITCHING TO UNIT    98
 RDTITL> READ RTF CARD APPEND
 RDTITL> No title read.
 Parameter: IN1 <- "" <empty>
  
 CHARMM>    read rtf card append
 MAINIO> Residue topology file being read from unit  98.
 RDTITL> * TOPOLOGY FILES
 RDTITL> *
  
 CHARMM>     
  
 CHARMM>    read param card flex append

          PARAMETER FILE BEING READ FROM UNIT 98
 RDTITL> * MINI FORCE FIELD PARAMETER FILE.
 RDTITL> *
 PARMIO> NONBOND, HBOND lists and IMAGE atoms cleared.
  
 CHARMM>     
  
 VCLOSE: Closing unit   98 with status "KEEP"

                    RETURNING TO INPUT STREAM    99
  
 CHARMM>     
  
 CHARMM>     
  
 CHARMM>    ! Custom topology and parameter files for PRE
 CHARMM>    open read card unit 10 name pre/pre.rtf
 OPNLGU> Unit already open. The old file will be closed first.
 VCLOSE: Closing unit   10 with status "KEEP"
 VOPEN> Attempting to open::pre/pre.rtf::
 OPNLGU> Unit 10 opened for READONLY access to pre/pre.rtf
  
 CHARMM>    read  rtf card unit 10 append
 MAINIO> Residue topology file being read from unit  10.
 TITLE> * TOPOLOGIES GENERATED BY
 TITLE> * CHARMM GENERAL FORCE FIELD (CGENFF) PROGRAM VERSION 3.0
 TITLE> *

      ***** LEVEL  1 WARNING FROM <rtfrdr> *****
      ***** No AUTOgen defaults specified in appended RTF. Potential conflict with prior RTF autogen options. Check.
      ******************************************
      BOMLEV ( -2) IS NOT REACHED. WRNLEV IS  5

  
 CHARMM>     
  
 CHARMM>    open read card unit 20 name pre/pre.prm
 OPNLGU> Unit already open. The old file will be closed first.
 VCLOSE: Closing unit   20 with status "KEEP"
 VOPEN> Attempting to open::pre/pre.prm::
 OPNLGU> Unit 20 opened for READONLY access to pre/pre.prm
  
 CHARMM>    read para flex card unit 20 append

          PARAMETER FILE BEING READ FROM UNIT 20
 TITLE> * PARAMETERS GENERATED BY ANALOGY BY
 TITLE> * CHARMM GENERAL FORCE FIELD (CGENFF) PROGRAM VERSION 3.0
 TITLE> *
 PARRDR> Error: Repeated ANGLE parameter (  4177): CG2O  CG30  CG32 is replaced
 PARRDR> Error: Repeated ANGLE parameter (  4189): CG2O  CG32  CG30 is replaced
 PARRDR> Error: Repeated DIHE parameter ( 12138): OG2D  CG2O  CG30  CG32 is replaced
 PARRDR> Error: Repeated DIHE parameter ( 12228): OG2D  CG2O  CG32  CG30 is replaced
 PARRDR> Error: Repeated DIHE parameter ( 12229): OG2D  CG2O  CG32  CG30 is replaced
 PARRDR> Error: Repeated DIHE parameter ( 12230): OG2D  CG2O  CG32  CG30 is replaced
 PARRDR> Error: Repeated DIHE parameter ( 12231): OG2D  CG2O  CG32  CG30 is replaced
 PARRDR> Error: Repeated DIHE parameter ( 12228): OG2D  CG2O  CG32  CG30 is replaced
 PARRDR> Error: Repeated DIHE parameter ( 12229): OG2D  CG2O  CG32  CG30 is replaced
 PARRDR> Error: Repeated DIHE parameter ( 12230): OG2D  CG2O  CG32  CG30 is replaced
 PARRDR> Error: Repeated DIHE parameter ( 12231): OG2D  CG2O  CG32  CG30 is replaced
 PARRDR> Error: Repeated DIHE parameter ( 12228): OG2D  CG2O  CG32  CG30 is replaced
 PARRDR> Error: Repeated DIHE parameter ( 12229): OG2D  CG2O  CG32  CG30 is replaced
 PARRDR> Error: Repeated DIHE parameter ( 12230): OG2D  CG2O  CG32  CG30 is replaced
 PARRDR> Error: Repeated DIHE parameter ( 12231): OG2D  CG2O  CG32  CG30 is replaced
 PARRDR> Error: Repeated DIHE parameter ( 12228): OG2D  CG2O  CG32  CG30 is replaced
 PARRDR> Error: Repeated DIHE parameter ( 12229): OG2D  CG2O  CG32  CG30 is replaced
 PARRDR> Error: Repeated DIHE parameter ( 12230): OG2D  CG2O  CG32  CG30 is replaced
 PARRDR> Error: Repeated DIHE parameter ( 12231): OG2D  CG2O  CG32  CG30 is replaced
 PARRDR> Error: Repeated DIHE parameter ( 12137): CG2O  CG30  CG32  HGA2 is replaced
 PARMIO> NONBOND, HBOND lists and IMAGE atoms cleared.
  
 CHARMM>     
  
 CHARMM>     
  
 VCLOSE: Closing unit   99 with status "KEEP"

                    RETURNING TO INPUT STREAM     5
  
 CHARMM>     
  
 CHARMM>    ! read in the psf file
 CHARMM>    !----------------------
 CHARMM>    open read form unit 1 name  ../../charmm-gui-3767440248/step3_pbcsetup.psf
 VOPEN> Attempting to open::../../charmm-gui-3767440248/step3_pbcsetup.psf::
 OPNLGU> Unit  1 opened for READONLY access to ../../charmm-gui-3767440248/step3_pbcsetup.psf
  
 CHARMM>    read psf card unit 1
 MAINIO> Protein structure file being read from unit   1.
 psf_read_formatted: Reading PSF in the expanded format.
 TITLE>  * GENERATED BY CHARMM-GUI (HTTP://WWW.CHARMM-GUI.ORG) V3.7 ON JAN, 23. 2025. JOB
 TITLE>  * SETUP PERIODIC BOUNDARY CONDITION
 TITLE>  *  DATE:     1/23/25     18:37:54      CREATED BY USER: charmm-gui
 TITLE>  *
 PSFSUM> PSF modified: NONBOND lists and IMAGE atoms cleared.
 PSFSUM> Summary of the structure file counters :
         Number of segments      =        9   Number of residues   =    16343
         Number of atoms         =    53479   Number of groups     =    17627
         Number of bonds         =    53416   Number of angles     =    26371
         Number of dihedrals     =    15264   Number of impropers  =      977
         Number of cross-terms   =      345   Number of autogens   =    15890
         Number of HB acceptors  =    16429   Number of HB donors  =    32407
         Number of NB exclusions =        0   Total charge =   -0.00000
  
 CHARMM>    close unit 1
 VCLOSE: Closing unit    1 with status "KEEP"
  
 CHARMM>     
  
 CHARMM>    open read form unit 1 name ../../charmm-gui-3767440248/step3_pbcsetup.crd
 VOPEN> Attempting to open::../../charmm-gui-3767440248/step3_pbcsetup.crd::
 OPNLGU> Unit  1 opened for READONLY access to ../../charmm-gui-3767440248/step3_pbcsetup.crd
  
 CHARMM>    read coor card unit 1
          SPATIAL COORDINATES BEING READ FROM UNIT  1
 TITLE> * GENERATED BY CHARMM-GUI (HTTP://WWW.CHARMM-GUI.ORG) V3.7 ON JAN, 23. 2025. JOB
 TITLE> * SETUP PERIODIC BOUNDARY CONDITION
 TITLE> *  DATE:     1/23/25     18:37:54      CREATED BY USER: CHARMM-GUI
 TITLE> *
  
 CHARMM>    close unit 1
 VCLOSE: Closing unit    1 with status "KEEP"
  
 CHARMM>     
  
 CHARMM>    ! Set-up image information for tetragonal eriodic boundaries
 CHARMM>    !-----------------------------------------------------------------
 CHARMM>    set 6 83.0
 Parameter: 6 <- "83.0"
  
 CHARMM>    set 7 83.0
 Parameter: 7 <- "83.0"
  
 CHARMM>    set 8 83.0
 Parameter: 8 <- "83.0"
  
 CHARMM>     
  
 CHARMM>    !define the crystal lattice type and geometry
 CHARMM>    !-----------------------------------------------
 CHARMM>    crystal define cubi  @6 @7 @8  90.0  90.0  90.0
 Parameter: 6 -> "83.0"
 Parameter: 7 -> "83.0"
 Parameter: 8 -> "83.0"
 Crystal Parameters : Crystal Type = CUBI
           A     =   83.00000 B    =   83.00000 C     =   83.00000
           Alpha =   90.00000 Beta =   90.00000 Gamma =   90.00000
  
 CHARMM>     
  
 CHARMM>    ! build the crystal along with the images within the cutoff
 CHARMM>    crystal build Noper 0 cutoff 20.0
 XBUILD> Building all transformations with a minimum atom-atom
         contact distance of less than   20.00 Angstroms.

 Range of Grid Search for Transformation     1 :
 Lattice Vector A    -2 TO     2
 Lattice Vector B    -2 TO     2
 Lattice Vector C    -2 TO     2


 The number of transformations generated =    26


 Number  Symop   A   B   C   Distance

      1      1  -1  -1  -1     5.2989
      2      1  -1   0  -1     4.2759
      3      1  -1   1  -1     6.4620
      4      1   0  -1  -1     4.2492
      5      1   0   0  -1     2.3341
      6      1   0   1  -1     2.4432
      7      1  -1  -1   0     3.5425
      8      1  -1   0   0     1.8050
      9      1  -1   1   0     4.1043
     10      1   0  -1   0     2.5733
     11      1   0   1   0     2.5733
     12      1  -1  -1   1     4.5888
     13      1  -1   0   1     2.6367
     14      1  -1   1   1     4.4458
     15      1   0  -1   1     2.4432
     16      1   0   0   1     2.3341
     17      1   0   1   1     4.2492
     18      1   1   1   1     5.2989
     19      1   1   0   1     4.2759
     20      1   1  -1   1     6.4620
     21      1   1   1   0     3.5425
     22      1   1   0   0     1.8050
     23      1   1  -1   0     4.1043
     24      1   1   1  -1     4.5888
     25      1   1   0  -1     2.6367
     26      1   1  -1  -1     4.4458
                     THERE ARE NO ROTATIONS FOR THIS TRANSFORMATION SET
    26 Transformations have been processed.

  
 CHARMM>     
  
 CHARMM>    image byseg xcen 0.0 ycen 0.0 zcen 0.0 select segid PROA .or. segid PROB .or. segid PROC .or. segid HETA end
 SELRPN>   5708 atoms have been selected out of  53479
 IMAGE CENTERING ON FOR SOME ATOMS
  
 CHARMM>    image byres xcen 0.0 ycen 0.0 zcen 0.0 select segid SOLV .or. segid WATA .or. segid WATB .or. segid WATC .or. segid IONS end
 SELRPN>  47771 atoms have been selected out of  53479
 IMAGE CENTERING ON FOR SOME ATOMS
  
 CHARMM>     
  
 CHARMM>    ! For soft core with correct analytic gradient
 CHARMM>    !--------------------------------------------------------------
 CHARMM>    !nbon nbxmod 5 atom cdiel fshift vatom vshift -
 CHARMM>    !cutnb 14.0 ctofnb 13.0 ctonnb 12.0 eps 1.0 e14fac 1.0 wmin 1.5
 CHARMM>     
  
 CHARMM>    ! atom based, but mndo97 doc indicates that this includes all MM atoms
 CHARMM>    !---------------------------------------------------------------------
 CHARMM>    !nbon nbxmod  5 atom cdiel shift vatom vdistance vswitch -
 CHARMM>    !cutnb 14.0 ctofnb 12.0 ctonnb 10.0 eps 1.0 e14fac 1.0 wmin 1.5
 CHARMM>     
  
 CHARMM>    ! use the MNDO97-Ewald suggested group based cutoff
 CHARMM>    !---------------------------------------------------------------
 CHARMM>    update -
 CHARMM>        elec group switch cdie eps 1. -
 CHARMM>        ewald KAPPA 0.34 spline PMEWald ORDEr 6 -
 CHARMM>        FFTX 90 FFTY 90 FFTZ 90 -
 CHARMM>        vdw vgroup vswitch -
 CHARMM>        cutnb 14.0 ctofnb 13.0 ctonnb 12.0  -
 CHARMM>        inbfrq 25 cutim 14.0 imgfrq 25 wmin 0.5

 SELECTED IMAGES ATOMS BEING CENTERED ABOUT  0.000000  0.000000  0.000000
 RESIDUE16096 OPERATED ON BY TRANSFORMATION Z0N1Z0R1

 <MKIMAT2>: updating the image atom lists and remapping
 Transformation   Atoms  Groups  Residues  Min-Distance
    1  N1N1N1R1 has      96      32      32        1.65
    2  N1Z0N1R1 has    1047     349     349        0.89
    3  N1P1N1R1 has     111      37      37        2.98
    4  Z0N1N1R1 has     990     330     330        0.85
    5  Z0Z0N1R1 has    9542    3190    3190        0.00
    6  Z0P1N1R1 has    1072     358     358        0.12
    7  N1N1Z0R1 has    1095     365     365        0.83
    8  N1Z0Z0R1 has    9050    3028    3028        0.00
    9  N1P1Z0R1 has    1183     397     397        1.61
   10  Z0N1Z0R1 has    9199    3073    3073        0.00
   12  N1N1P1R1 has     150      50      50        1.50
   13  N1Z0P1R1 has    1129     377     377        0.91
   14  N1P1P1R1 has     102      34      34        2.92
 Total of88245 atoms and29247 groups and27963 residues were included

 <PME> Total heap storage needed =     3689011
 Fill Ewald table: Number of points=     10000 EWXmax=    4.590000
 fill erfc table: linear inter has rms error = 0.109905D-07 maximum error = 0.255138D-07
 fill erfc table: cubic spline has rms error = 0.436850D-11 maximum error = 0.136601D-10

 NONBOND OPTION FLAGS: 
     ELEC     VDW      GROUps   CDIElec  SWITch   VGROup   VSWItch 
     BYGRoup  NOEXtnd  EWALd   
 CUTNB  = 14.000 CTEXNB =999.000 CTONNB = 12.000 CTOFNB = 13.000
 CGONNB =  0.000 CGOFNB = 10.000
 WMIN   =  0.500 WRNMXD =  0.500 E14FAC =  1.000 EPS    =  1.000
 NBXMOD =      5
 PME EWALD OPTIONS: KAPPA  =  0.340  QCOR =  0.000  Bspline order = 6
 FFTX=  90  FFTY=  90  FFTZ=  90
                Using Pub FFT
                Real-to-Complex FFT
 There are        0 atom  pairs and        0 atom  exclusions.
 There are        0 group pairs and        0 group exclusions.
 <MAKINB> with mode   5 found  63897 exclusions and  15080 interactions(1-4)
 <MAKGRP> found   4702 group exclusions.
 <MAKGRP> found      0 image group exclusions.
 Generating nonbond list with Exclusion mode = 5
 == PRIMARY == SPACE FOR 15367279 ATOM PAIRS AND  2053415 GROUP PAIRS
 == PRIMARY == SPACE FOR 15367279 ATOM PAIRS AND  3080142 GROUP PAIRS

 General group nonbond list generation found:
  2576594 GROUP PAIRS WERE FOUND FOR GROUP LIST
152787784 GROUP PAIRS WERE BEYOND CUTOFFS
        0 GROUP PAIRS WERE NOT SELECTED
 SPACE FOR        0 ATOM PAIRS AND  1676038 GROUP PAIRS

 Image group nonbond list generation found:
   556503 GROUP PAIRS WERE FOUND FOR GROUP LIST
204269237 GROUP PAIRS WERE BEYOND CUTOFFS
  
 CHARMM>     
  
 CHARMM>    ! exclude the reactive water
 CHARMM>    define solv sele segid SOLV .or. segid WATA .or. segid WATB .or. segid WATC .or. segid IONS end
 SELRPN>  47771 atoms have been selected out of  53479
  
 CHARMM>     
  
 CHARMM>    define qm sele segid HETA end
 SELRPN>     24 atoms have been selected out of  53479
  
 CHARMM>     
  
 CHARMM>    mndo remo sele qm end GLNK sele none end sele none end am1 char -2 switch
 SELRPN>     24 atoms have been selected out of  53479
MNDINT> GLNK: GHO boundary atoms are used
 SELRPN>      0 atoms have been selected out of  53479
 GHOHYB> No GHO atoms selected, GHO will not be used.
MNDINT> REMOve: Classical energies within QM atoms are removed.
MNDINT> No EXGRoup: QM/MM Elec. for link atom host only is removed.
MNDINT> Memory Incore: All rij will be saved on memory.
MNDINT> Ewald with QM/MM Option has been Activated.
MNDINT> Default Ewald with QM/MM Option uses Mulliken Charges
MNDINT> MM within cutoff interact with regular way with QM
MNDINT> MM from Ewald Sum interact with diagonal elements in QM
MNDINT> PMEwald option will be used for QM/MM-Ewald (QM/MM-PMEwald).
MNDINT> SWITch: QM/MM electrostatic Switching function is used as E =S*E_qm/mm + (1-S)*E_qm/mm-pme.
------------------------------------------------
MNDINT: Classical atoms excluded from the QM calculation:
          NONE.
MNDINT: Quantum mechanical atoms:
           5685 HETA 223  PRE  C1  
           5686 HETA 223  PRE  C2  
           5687 HETA 223  PRE  C3  
           5688 HETA 223  PRE  C4  
           5689 HETA 223  PRE  O1  
           5690 HETA 223  PRE  C5  
           5691 HETA 223  PRE  C6  
           5692 HETA 223  PRE  C7  
           5693 HETA 223  PRE  O2  
           5694 HETA 223  PRE  O3  
           5695 HETA 223  PRE  C8  
           5696 HETA 223  PRE  C9  
           5697 HETA 223  PRE  O4  
           5698 HETA 223  PRE  C10 
           5699 HETA 223  PRE  O5  
           5700 HETA 223  PRE  O6  
           5701 HETA 223  PRE  H1  
           5702 HETA 223  PRE  H2  
           5703 HETA 223  PRE  H3  
           5704 HETA 223  PRE  H4  
           5705 HETA 223  PRE  H5  
           5706 HETA 223  PRE  H6  
           5707 HETA 223  PRE  H7  
           5708 HETA 223  PRE  H8  
MNDINT: Quantum mechanical Hydrogen link atoms:
          NONE.
------------------------------------------------
 FINDEL: Quantum atom  5685 HETA     223      PRE      C1        assigned to element:  C       6
 FINDEL: Quantum atom  5686 HETA     223      PRE      C2        assigned to element:  C       6
 FINDEL: Quantum atom  5687 HETA     223      PRE      C3        assigned to element:  C       6
 FINDEL: Quantum atom  5688 HETA     223      PRE      C4        assigned to element:  C       6
 FINDEL: Quantum atom  5689 HETA     223      PRE      O1        assigned to element:  O       8
 FINDEL: Quantum atom  5690 HETA     223      PRE      C5        assigned to element:  C       6
 FINDEL: Quantum atom  5691 HETA     223      PRE      C6        assigned to element:  C       6
 FINDEL: Quantum atom  5692 HETA     223      PRE      C7        assigned to element:  C       6
 FINDEL: Quantum atom  5693 HETA     223      PRE      O2        assigned to element:  O       8
 FINDEL: Quantum atom  5694 HETA     223      PRE      O3        assigned to element:  O       8
 FINDEL: Quantum atom  5695 HETA     223      PRE      C8        assigned to element:  C       6
 FINDEL: Quantum atom  5696 HETA     223      PRE      C9        assigned to element:  C       6
 FINDEL: Quantum atom  5697 HETA     223      PRE      O4        assigned to element:  O       8
 FINDEL: Quantum atom  5698 HETA     223      PRE      C10       assigned to element:  C       6
 FINDEL: Quantum atom  5699 HETA     223      PRE      O5        assigned to element:  O       8
 FINDEL: Quantum atom  5700 HETA     223      PRE      O6        assigned to element:  O       8
 FINDEL: Quantum atom  5701 HETA     223      PRE      H1        assigned to element:  H       1
 FINDEL: Quantum atom  5702 HETA     223      PRE      H2        assigned to element:  H       1
 FINDEL: Quantum atom  5703 HETA     223      PRE      H3        assigned to element:  H       1
 FINDEL: Quantum atom  5704 HETA     223      PRE      H4        assigned to element:  H       1
 FINDEL: Quantum atom  5705 HETA     223      PRE      H5        assigned to element:  H       1
 FINDEL: Quantum atom  5706 HETA     223      PRE      H6        assigned to element:  H       1
 FINDEL: Quantum atom  5707 HETA     223      PRE      H7        assigned to element:  H       1
 FINDEL: Quantum atom  5708 HETA     223      PRE      H8        assigned to element:  H       1

  Get_QM_from_CHM> Some atoms will be treated quantum mechanically.

         The number of quantum mechanical atoms   =    24
         The number of Adjusted Connection atoms  =     0
         The number of GHO atoms                  =     0
         The number of QM/MM H-link atoms         =     0
         The number of molecular mechanical atoms = 53455


 GUPQME>    343 unique QM molecule-MM group interactions generated.
 GUPQME>      0 QM/MM group exclusions generated.
 GUPQMV>    343 group interactions generated for  17627 groups.
  
 CHARMM>     
  
 CHARMM>    shake bonh para tol 1.0e-6 sele all end  sele  (.not. qm .and. hydrogen) end
 SELRPN>  53479 atoms have been selected out of  53479
 SELRPN>  34672 atoms have been selected out of  53479
 SHKCOM> SHAKE parameters: TOL =   0.1000D-05 MXITer =    500

           50562 constraints will held by SHAKE.
  
 CHARMM>     
  
 CHARMM>    ! fix a smaller region
 CHARMM>    !---------------------------------
 CHARMM>    cons fix sele .not. ( .byres. ( (segid HETA .and. resid 223 .and. type O4) .around. 10.0 ) ) end
 SELRPN>  52855 atoms have been selected out of  53479

      ***** LEVEL -1 WARNING FROM <CSTRAN> *****
      ***** shake already active and may affect fixed atoms
      ******************************************
      BOMLEV ( -2) IS NOT REACHED. WRNLEV IS  5

  
 CHARMM>     
  
 CHARMM>    !--------resd
 CHARMM>    open write unform unit 31 name resd_0.dcd
 VOPEN> Attempting to open::resd_0.dcd::
 OPNLGU> Unit 31 opened for WRITE access to resd_0.dcd
  
 CHARMM>    trajectory iwrite 31 nwrite 1 nfile 65
 RDTITL> SET ATOM1 HETA 223 C1
 RDTITL> No title read.
  
 CHARMM>    set atom1 HETA 223 C1
 Parameter: ATOM1 <- "HETA 223 C1"
  
 CHARMM>    set atom2 HETA 223 C8
 Parameter: ATOM2 <- "HETA 223 C8"
  
 CHARMM>    set atom3 HETA 223 C3
 Parameter: ATOM3 <- "HETA 223 C3"
  
 CHARMM>    set atom4 HETA 223 O4
 Parameter: ATOM4 <- "HETA 223 O4"
  
 CHARMM>    ! rc=R(C1-C8) - R(C3-04)
 CHARMM>    set rc -2.0
 Parameter: RC <- "-2.0"
  
 CHARMM>    set n 1
 Parameter: N <- "1"
  
 CHARMM>    label loop
  
 CHARMM>       skip none
 SKIPE> The following energy terms will be computed :
  BOND ANGL UREY DIHE IMPR VDW  ELEC HBON USER HARM CDIH CIC  CDRO NOE  SBOU
  IMNB IMEL IMHB EWKS EWSE EXTE RXNF ST2  IMST TSM  QMEL QMVD ASP  EHAR GEO 
  MDIP PINT PRMS PANG SSBP BK4D SHEL RESD SHAP STRB OOPL PULL POLA DMC  RGY 
  EWEX EWQC EWUT PBEL PBNP MBDE STRS BNDB BNDT EBST MBST BBT  SST  GBEN HMCM
  ADUM HYDR GSBP FQPO GRVD GREL SASL CMAP ELRC OLAP UMBR RREP RPHO RHBN RBDO
  RBAC RARO PHEN MMPT VMOD CROS FCTP FCTN PATH PMF1 PMF2 PRIM VALB ECHD ECHA
  ECHT ECHR CPUC SMBP EEMA ERMD CSRE ECS  ERDC DEFE MSPT GRHB PCHA
  
 CHARMM>       resdistance reset
  RESDIST: Restrained distances restraints reset.
 RESDIST:  Current number of restraints=   0
  
 CHARMM>       resdistance kval 2000.0 rval @rc -
 CHARMM>       1.0 @atom1 @atom2 -1.0 @atom3 @atom4
 Parameter: RC -> "-2.0"
 Parameter: ATOM1 -> "HETA 223 C1"
 Parameter: ATOM2 -> "HETA 223 C8"
 Parameter: ATOM3 -> "HETA 223 C3"
 Parameter: ATOM4 -> "HETA 223 O4"
 REDSET: Adding restraint     1  KVAL=  2000.000 RVAL=    -2.000
     Number of atom pairs=   2 Global Exponent=   2 Internal Exponent=   1 One sided mode= 0
      atom pair:  5685 HETA     223      C1       5695 HETA     223      C8         distance factor=      1.0000
      atom pair:  5687 HETA     223      C3       5697 HETA     223      O4         distance factor=     -1.0000
 RESDIST:  Current number of restraints=   1
  
 CHARMM>       mini abnr nstep 2000 tolitr 2000 tolgrd 0.2 nprint 2000

 SELECTED IMAGES ATOMS BEING CENTERED ABOUT  0.000000  0.000000  0.000000

 <MKIMAT2>: updating the image atom lists and remapping
 Transformation   Atoms  Groups  Residues  Min-Distance
    1  N1N1N1R1 has       0       0       0        1.65
    2  N1Z0N1R1 has       0       0       0        0.89
    3  N1P1N1R1 has       0       0       0        2.98
    4  Z0N1N1R1 has       0       0       0        0.85
    5  Z0Z0N1R1 has       0       0       0        0.00
    6  Z0P1N1R1 has       0       0       0        0.12
    7  N1N1Z0R1 has       0       0       0        0.83
    8  N1Z0Z0R1 has       0       0       0        0.00
    9  N1P1Z0R1 has       0       0       0        1.61
   10  Z0N1Z0R1 has       0       0       0        0.00
   12  N1N1P1R1 has       0       0       0        1.50
   13  N1Z0P1R1 has       0       0       0        0.91
   14  N1P1P1R1 has       0       0       0        2.92
 Total of53479 atoms and17627 groups and16343 residues were included

 <MAKGRP> found      0 image group exclusions.

 NONBOND OPTION FLAGS: 
     ELEC     VDW      GROUps   CDIElec  SWITch   VGROup   VSWItch 
     BYGRoup  NOEXtnd  EWALd   
 CUTNB  = 14.000 CTEXNB =999.000 CTONNB = 12.000 CTOFNB = 13.000
 CGONNB =  0.000 CGOFNB = 10.000
 WMIN   =  0.500 WRNMXD =  0.500 E14FAC =  1.000 EPS    =  1.000
 NBXMOD =      5
 PME EWALD OPTIONS: KAPPA  =  0.340  QCOR =  0.000  Bspline order = 6
 FFTX=  90  FFTY=  90  FFTZ=  90
                Using Pub FFT
                Real-to-Complex FFT
 There are        0 atom  pairs and    78977 atom  exclusions.
 There are  2576594 group pairs and     4702 group exclusions.
 Generating nonbond list with Exclusion mode = 5
 == PRIMARY == SPACE FOR 15367279 ATOM PAIRS AND  3080142 GROUP PAIRS

 General group nonbond list generation found:
    49817 GROUP PAIRS WERE FOUND FOR GROUP LIST
  3089485 GROUP PAIRS WERE BEYOND CUTOFFS
152225076 GROUP PAIRS WERE NOT SELECTED
 SPACE FOR        0 ATOM PAIRS AND  1676038 GROUP PAIRS

 Image group nonbond list generation found:
        0 GROUP PAIRS WERE FOUND FOR GROUP LIST
        0 GROUP PAIRS WERE BEYOND CUTOFFS
 GUPQME>    343 unique QM molecule-MM group interactions generated.
 GUPQME>      0 QM/MM group exclusions generated.
 GUPQMV>    343 group interactions generated for  17627 groups.


 ABNER> An energy minimization has been requested.

 EIGRNG =    0.0005000   MINDIM =            5
 NPRINT =         2000   NSTEP  =         2000
 PSTRCT =    0.0000000   SDSTP  =    0.0200000
 STPLIM =    1.0000000   STRICT =    0.1000000
 TOLFUN =    0.0000000   TOLGRD =    0.2000000
 TOLITR =         2000   TOLSTP =    0.0000000
 FMEM   =    0.0000000
MINI MIN: Cycle      ENERgy      Delta-E         GRMS    Step-size
MINI INTERN:          BONDs       ANGLes       UREY-b    DIHEdrals    IMPRopers
MINI CROSS:           CMAPs        PMF1D        PMF2D        PRIMO
MINI EXTERN:        VDWaals         ELEC       HBONds          ASP         USER
MINI EWALD:          EWKSum       EWSElf       EWEXcl       EWQCor       EWUTil
MINI CONSTR:       HARMonic    CDIHedral          CIC     RESDistance       NOE
MINI QUANTUM:        QMELec        QMVDw  
 ----------       ---------    ---------    ---------    ---------    ---------
MINI>        0 -34782.85937      0.00000     13.68542      0.00000
MINI INTERN>       49.48430    119.32587      7.76993    286.88568      7.56336
MINI CROSS>        -5.85354      0.00000      0.00000      0.00000
MINI EXTERN>     -236.69800   -664.56406      0.00000      0.00000      0.00000
MINI EWALD>       2762.4458-1098967.0736 1062386.1135       0.0000       0.0000
MINI CONSTR>        0.00000      0.00000      0.00000     11.99382      0.00000
MINI QUANTM>     -522.14138    -18.11097
 ----------       ---------    ---------    ---------    ---------    ---------
 UPDECI: Image update at step        25

 <MKIMAT2>: updating the image atom lists and remapping
 Transformation   Atoms  Groups  Residues  Min-Distance
    1  N1N1N1R1 has       0       0       0        1.65
    2  N1Z0N1R1 has       0       0       0        0.89
    3  N1P1N1R1 has       0       0       0        2.98
    4  Z0N1N1R1 has       0       0       0        0.85
    5  Z0Z0N1R1 has       0       0       0        0.00
    6  Z0P1N1R1 has       0       0       0        0.12
    7  N1N1Z0R1 has       0       0       0        0.83
    8  N1Z0Z0R1 has       0       0       0        0.00
    9  N1P1Z0R1 has       0       0       0        1.61
   10  Z0N1Z0R1 has       0       0       0        0.00
   12  N1N1P1R1 has       0       0       0        1.50
   13  N1Z0P1R1 has       0       0       0        0.91
   14  N1P1P1R1 has       0       0       0        2.92
 Total of53479 atoms and17627 groups and16343 residues were included

 <MAKGRP> found      0 image group exclusions.
 UPDECI: Nonbond update at step        25
 Generating nonbond list with Exclusion mode = 5
 == PRIMARY == SPACE FOR 15367279 ATOM PAIRS AND  3080142 GROUP PAIRS

 General group nonbond list generation found:
    49831 GROUP PAIRS WERE FOUND FOR GROUP LIST
  3089471 GROUP PAIRS WERE BEYOND CUTOFFS
152225076 GROUP PAIRS WERE NOT SELECTED
 SPACE FOR        0 ATOM PAIRS AND  1676038 GROUP PAIRS

 Image group nonbond list generation found:
        0 GROUP PAIRS WERE FOUND FOR GROUP LIST
        0 GROUP PAIRS WERE BEYOND CUTOFFS
 GUPQME>    341 unique QM molecule-MM group interactions generated.
 GUPQME>      0 QM/MM group exclusions generated.
 GUPQMV>    341 group interactions generated for  17627 groups.
 UPDECI: Image update at step        50

 <MKIMAT2>: updating the image atom lists and remapping
 Transformation   Atoms  Groups  Residues  Min-Distance
    1  N1N1N1R1 has       0       0       0        1.65
    2  N1Z0N1R1 has       0       0       0        0.89
    3  N1P1N1R1 has       0       0       0        2.98
    4  Z0N1N1R1 has       0       0       0        0.85
    5  Z0Z0N1R1 has       0       0       0        0.00
    6  Z0P1N1R1 has       0       0       0        0.12
    7  N1N1Z0R1 has       0       0       0        0.83
    8  N1Z0Z0R1 has       0       0       0        0.00
    9  N1P1Z0R1 has       0       0       0        1.61
   10  Z0N1Z0R1 has       0       0       0        0.00
   12  N1N1P1R1 has       0       0       0        1.50
   13  N1Z0P1R1 has       0       0       0        0.91
   14  N1P1P1R1 has       0       0       0        2.92
 Total of53479 atoms and17627 groups and16343 residues were included

 <MAKGRP> found      0 image group exclusions.
 UPDECI: Nonbond update at step        50
 Generating nonbond list with Exclusion mode = 5
 == PRIMARY == SPACE FOR 15367279 ATOM PAIRS AND  3080142 GROUP PAIRS

 General group nonbond list generation found:
    49832 GROUP PAIRS WERE FOUND FOR GROUP LIST
  3089470 GROUP PAIRS WERE BEYOND CUTOFFS
152225076 GROUP PAIRS WERE NOT SELECTED
 SPACE FOR        0 ATOM PAIRS AND  1676038 GROUP PAIRS

 Image group nonbond list generation found:
        0 GROUP PAIRS WERE FOUND FOR GROUP LIST
        0 GROUP PAIRS WERE BEYOND CUTOFFS
 GUPQME>    342 unique QM molecule-MM group interactions generated.
 GUPQME>      0 QM/MM group exclusions generated.
 GUPQMV>    342 group interactions generated for  17627 groups.
 UPDECI: Image update at step        75

 <MKIMAT2>: updating the image atom lists and remapping
 Transformation   Atoms  Groups  Residues  Min-Distance
    1  N1N1N1R1 has       0       0       0        1.65
    2  N1Z0N1R1 has       0       0       0        0.89
    3  N1P1N1R1 has       0       0       0        2.98
    4  Z0N1N1R1 has       0       0       0        0.85
    5  Z0Z0N1R1 has       0       0       0        0.00
    6  Z0P1N1R1 has       0       0       0        0.12
    7  N1N1Z0R1 has       0       0       0        0.83
    8  N1Z0Z0R1 has       0       0       0        0.00
    9  N1P1Z0R1 has       0       0       0        1.61
   10  Z0N1Z0R1 has       0       0       0        0.00
   12  N1N1P1R1 has       0       0       0        1.50
   13  N1Z0P1R1 has       0       0       0        0.91
   14  N1P1P1R1 has       0       0       0        2.92
 Total of53479 atoms and17627 groups and16343 residues were included

 <MAKGRP> found      0 image group exclusions.
 UPDECI: Nonbond update at step        75
 Generating nonbond list with Exclusion mode = 5
 == PRIMARY == SPACE FOR 15367279 ATOM PAIRS AND  3080142 GROUP PAIRS

 General group nonbond list generation found:
    49861 GROUP PAIRS WERE FOUND FOR GROUP LIST
  3089441 GROUP PAIRS WERE BEYOND CUTOFFS
152225076 GROUP PAIRS WERE NOT SELECTED
 SPACE FOR        0 ATOM PAIRS AND  1676038 GROUP PAIRS

 Image group nonbond list generation found:
        0 GROUP PAIRS WERE FOUND FOR GROUP LIST
        0 GROUP PAIRS WERE BEYOND CUTOFFS
 GUPQME>    343 unique QM molecule-MM group interactions generated.
 GUPQME>      0 QM/MM group exclusions generated.
 GUPQMV>    343 group interactions generated for  17627 groups.
 UPDECI: Image update at step       100

 <MKIMAT2>: updating the image atom lists and remapping
 Transformation   Atoms  Groups  Residues  Min-Distance
    1  N1N1N1R1 has       0       0       0        1.65
    2  N1Z0N1R1 has       0       0       0        0.89
    3  N1P1N1R1 has       0       0       0        2.98
    4  Z0N1N1R1 has       0       0       0        0.85
    5  Z0Z0N1R1 has       0       0       0        0.00
    6  Z0P1N1R1 has       0       0       0        0.12
    7  N1N1Z0R1 has       0       0       0        0.83
    8  N1Z0Z0R1 has       0       0       0        0.00
    9  N1P1Z0R1 has       0       0       0        1.61
   10  Z0N1Z0R1 has       0       0       0        0.00
   12  N1N1P1R1 has       0       0       0        1.50
   13  N1Z0P1R1 has       0       0       0        0.91
   14  N1P1P1R1 has       0       0       0        2.92
 Total of53479 atoms and17627 groups and16343 residues were included

 <MAKGRP> found      0 image group exclusions.
 UPDECI: Nonbond update at step       100
 Generating nonbond list with Exclusion mode = 5
 == PRIMARY == SPACE FOR 15367279 ATOM PAIRS AND  3080142 GROUP PAIRS

 General group nonbond list generation found:
    49865 GROUP PAIRS WERE FOUND FOR GROUP LIST
  3089437 GROUP PAIRS WERE BEYOND CUTOFFS
152225076 GROUP PAIRS WERE NOT SELECTED
 SPACE FOR        0 ATOM PAIRS AND  1676038 GROUP PAIRS

 Image group nonbond list generation found:
        0 GROUP PAIRS WERE FOUND FOR GROUP LIST
        0 GROUP PAIRS WERE BEYOND CUTOFFS
 GUPQME>    344 unique QM molecule-MM group interactions generated.
 GUPQME>      0 QM/MM group exclusions generated.
 GUPQMV>    344 group interactions generated for  17627 groups.
 UPDECI: Image update at step       125

 <MKIMAT2>: updating the image atom lists and remapping
 Transformation   Atoms  Groups  Residues  Min-Distance
    1  N1N1N1R1 has       0       0       0        1.65
    2  N1Z0N1R1 has       0       0       0        0.89
    3  N1P1N1R1 has       0       0       0        2.98
    4  Z0N1N1R1 has       0       0       0        0.85
    5  Z0Z0N1R1 has       0       0       0        0.00
    6  Z0P1N1R1 has       0       0       0        0.12
    7  N1N1Z0R1 has       0       0       0        0.83
    8  N1Z0Z0R1 has       0       0       0        0.00
    9  N1P1Z0R1 has       0       0       0        1.61
   10  Z0N1Z0R1 has       0       0       0        0.00
   12  N1N1P1R1 has       0       0       0        1.50
   13  N1Z0P1R1 has       0       0       0        0.91
   14  N1P1P1R1 has       0       0       0        2.92
 Total of53479 atoms and17627 groups and16343 residues were included

 <MAKGRP> found      0 image group exclusions.
 UPDECI: Nonbond update at step       125
 Generating nonbond list with Exclusion mode = 5
 == PRIMARY == SPACE FOR 15367279 ATOM PAIRS AND  3080142 GROUP PAIRS

 General group nonbond list generation found:
    49841 GROUP PAIRS WERE FOUND FOR GROUP LIST
  3089461 GROUP PAIRS WERE BEYOND CUTOFFS
152225076 GROUP PAIRS WERE NOT SELECTED
 SPACE FOR        0 ATOM PAIRS AND  1676038 GROUP PAIRS

 Image group nonbond list generation found:
        0 GROUP PAIRS WERE FOUND FOR GROUP LIST
        0 GROUP PAIRS WERE BEYOND CUTOFFS
 GUPQME>    344 unique QM molecule-MM group interactions generated.
 GUPQME>      0 QM/MM group exclusions generated.
 GUPQMV>    344 group interactions generated for  17627 groups.
 UPDECI: Image update at step       150

 <MKIMAT2>: updating the image atom lists and remapping
 Transformation   Atoms  Groups  Residues  Min-Distance
    1  N1N1N1R1 has       0       0       0        1.65
    2  N1Z0N1R1 has       0       0       0        0.89
    3  N1P1N1R1 has       0       0       0        2.98
    4  Z0N1N1R1 has       0       0       0        0.85
    5  Z0Z0N1R1 has       0       0       0        0.00
    6  Z0P1N1R1 has       0       0       0        0.12
    7  N1N1Z0R1 has       0       0       0        0.83
    8  N1Z0Z0R1 has       0       0       0        0.00
    9  N1P1Z0R1 has       0       0       0        1.61
   10  Z0N1Z0R1 has       0       0       0        0.00
   12  N1N1P1R1 has       0       0       0        1.50
   13  N1Z0P1R1 has       0       0       0        0.91
   14  N1P1P1R1 has       0       0       0        2.92
 Total of53479 atoms and17627 groups and16343 residues were included

 <MAKGRP> found      0 image group exclusions.
 UPDECI: Nonbond update at step       150
 Generating nonbond list with Exclusion mode = 5
 == PRIMARY == SPACE FOR 15367279 ATOM PAIRS AND  3080142 GROUP PAIRS

 General group nonbond list generation found:
    49847 GROUP PAIRS WERE FOUND FOR GROUP LIST
  3089455 GROUP PAIRS WERE BEYOND CUTOFFS
152225076 GROUP PAIRS WERE NOT SELECTED
 SPACE FOR        0 ATOM PAIRS AND  1676038 GROUP PAIRS

 Image group nonbond list generation found:
        0 GROUP PAIRS WERE FOUND FOR GROUP LIST
        0 GROUP PAIRS WERE BEYOND CUTOFFS
 GUPQME>    344 unique QM molecule-MM group interactions generated.
 GUPQME>      0 QM/MM group exclusions generated.
 GUPQMV>    344 group interactions generated for  17627 groups.
 UPDECI: Image update at step       175

 <MKIMAT2>: updating the image atom lists and remapping
 Transformation   Atoms  Groups  Residues  Min-Distance
    1  N1N1N1R1 has       0       0       0        1.65
    2  N1Z0N1R1 has       0       0       0        0.89
    3  N1P1N1R1 has       0       0       0        2.98
    4  Z0N1N1R1 has       0       0       0        0.85
    5  Z0Z0N1R1 has       0       0       0        0.00
    6  Z0P1N1R1 has       0       0       0        0.12
    7  N1N1Z0R1 has       0       0       0        0.83
    8  N1Z0Z0R1 has       0       0       0        0.00
    9  N1P1Z0R1 has       0       0       0        1.61
   10  Z0N1Z0R1 has       0       0       0        0.00
   12  N1N1P1R1 has       0       0       0        1.50
   13  N1Z0P1R1 has       0       0       0        0.91
   14  N1P1P1R1 has       0       0       0        2.92
 Total of53479 atoms and17627 groups and16343 residues were included

 <MAKGRP> found      0 image group exclusions.
 UPDECI: Nonbond update at step       175
 Generating nonbond list with Exclusion mode = 5
 == PRIMARY == SPACE FOR 15367279 ATOM PAIRS AND  3080142 GROUP PAIRS

 General group nonbond list generation found:
    49831 GROUP PAIRS WERE FOUND FOR GROUP LIST
  3089471 GROUP PAIRS WERE BEYOND CUTOFFS
152225076 GROUP PAIRS WERE NOT SELECTED
 SPACE FOR        0 ATOM PAIRS AND  1676038 GROUP PAIRS

 Image group nonbond list generation found:
        0 GROUP PAIRS WERE FOUND FOR GROUP LIST
        0 GROUP PAIRS WERE BEYOND CUTOFFS
 GUPQME>    345 unique QM molecule-MM group interactions generated.
 GUPQME>      0 QM/MM group exclusions generated.
 GUPQMV>    345 group interactions generated for  17627 groups.

 ABNER> Minimization exiting with gradient tolerance ( 0.2000000) satisfied.

ABNR MIN: Cycle      ENERgy      Delta-E         GRMS    Step-size
ABNR INTERN:          BONDs       ANGLes       UREY-b    DIHEdrals    IMPRopers
ABNR CROSS:           CMAPs        PMF1D        PMF2D        PRIMO
ABNR EXTERN:        VDWaals         ELEC       HBONds          ASP         USER
ABNR EWALD:          EWKSum       EWSElf       EWEXcl       EWQCor       EWUTil
ABNR CONSTR:       HARMonic    CDIHedral          CIC     RESDistance       NOE
ABNR QUANTUM:        QMELec        QMVDw  
 ----------       ---------    ---------    ---------    ---------    ---------
ABNR>      187 -35127.67764    344.81827      0.19080      0.00702
ABNR INTERN>       30.80208     88.72713      4.88553    279.81030      6.40881
ABNR CROSS>       -17.38536      0.00000      0.00000      0.00000
ABNR EXTERN>     -274.31528   -781.99331      0.00000      0.00000      0.00000
ABNR EWALD>       2760.5382-1098967.0736 1062382.0290       0.0000       0.0000
ABNR CONSTR>        0.00000      0.00000      0.00000      0.00059      0.00000
ABNR QUANTM>     -618.47516    -21.63654
 ----------       ---------    ---------    ---------    ---------    ---------
  
 CHARMM>       skip resd
 SKIPE> The following energy terms will be computed :
  BOND ANGL UREY DIHE IMPR VDW  ELEC HBON USER HARM CDIH CIC  CDRO NOE  SBOU
  IMNB IMEL IMHB EWKS EWSE EXTE RXNF ST2  IMST TSM  QMEL QMVD ASP  EHAR GEO 
  MDIP PINT PRMS PANG SSBP BK4D SHEL SHAP STRB OOPL PULL POLA DMC  RGY  EWEX
  EWQC EWUT PBEL PBNP MBDE STRS BNDB BNDT EBST MBST BBT  SST  GBEN HMCM ADUM
  HYDR GSBP FQPO GRVD GREL SASL CMAP ELRC OLAP UMBR RREP RPHO RHBN RBDO RBAC
  RARO PHEN MMPT VMOD CROS FCTP FCTN PATH PMF1 PMF2 PRIM VALB ECHD ECHA ECHT
  ECHR CPUC SMBP EEMA ERMD CSRE ECS  ERDC DEFE MSPT GRHB PCHA
  
 CHARMM>       energy

 SELECTED IMAGES ATOMS BEING CENTERED ABOUT  0.000000  0.000000  0.000000

 <MKIMAT2>: updating the image atom lists and remapping
 Transformation   Atoms  Groups  Residues  Min-Distance
    1  N1N1N1R1 has       0       0       0        1.65
    2  N1Z0N1R1 has       0       0       0        0.89
    3  N1P1N1R1 has       0       0       0        2.98
    4  Z0N1N1R1 has       0       0       0        0.85
    5  Z0Z0N1R1 has       0       0       0        0.00
    6  Z0P1N1R1 has       0       0       0        0.12
    7  N1N1Z0R1 has       0       0       0        0.83
    8  N1Z0Z0R1 has       0       0       0        0.00
    9  N1P1Z0R1 has       0       0       0        1.61
   10  Z0N1Z0R1 has       0       0       0        0.00
   12  N1N1P1R1 has       0       0       0        1.50
   13  N1Z0P1R1 has       0       0       0        0.91
   14  N1P1P1R1 has       0       0       0        2.92
 Total of53479 atoms and17627 groups and16343 residues were included

 <MAKGRP> found      0 image group exclusions.

 NONBOND OPTION FLAGS: 
     ELEC     VDW      GROUps   CDIElec  SWITch   VGROup   VSWItch 
     BYGRoup  NOEXtnd  EWALd   
 CUTNB  = 14.000 CTEXNB =999.000 CTONNB = 12.000 CTOFNB = 13.000
 CGONNB =  0.000 CGOFNB = 10.000
 WMIN   =  0.500 WRNMXD =  0.500 E14FAC =  1.000 EPS    =  1.000
 NBXMOD =      5
 PME EWALD OPTIONS: KAPPA  =  0.340  QCOR =  0.000  Bspline order = 6
 FFTX=  90  FFTY=  90  FFTZ=  90
                Using Pub FFT
                Real-to-Complex FFT
 There are        0 atom  pairs and    78977 atom  exclusions.
 There are    49485 group pairs and     4702 group exclusions.
 Generating nonbond list with Exclusion mode = 5
 == PRIMARY == SPACE FOR 15367279 ATOM PAIRS AND  3080142 GROUP PAIRS

 General group nonbond list generation found:
    49840 GROUP PAIRS WERE FOUND FOR GROUP LIST
  3089462 GROUP PAIRS WERE BEYOND CUTOFFS
152225076 GROUP PAIRS WERE NOT SELECTED
 SPACE FOR        0 ATOM PAIRS AND  1676038 GROUP PAIRS

 Image group nonbond list generation found:
        0 GROUP PAIRS WERE FOUND FOR GROUP LIST
        0 GROUP PAIRS WERE BEYOND CUTOFFS
 GUPQME>    346 unique QM molecule-MM group interactions generated.
 GUPQME>      0 QM/MM group exclusions generated.
 GUPQMV>    346 group interactions generated for  17627 groups.
ENER ENR:  Eval#     ENERgy      Delta-E         GRMS
ENER INTERN:          BONDs       ANGLes       UREY-b    DIHEdrals    IMPRopers
ENER CROSS:           CMAPs        PMF1D        PMF2D        PRIMO
ENER EXTERN:        VDWaals         ELEC       HBONds          ASP         USER
ENER EWALD:          EWKSum       EWSElf       EWEXcl       EWQCor       EWUTil
ENER QUANTUM:        QMELec        QMVDw  
 ----------       ---------    ---------    ---------    ---------    ---------
ENER>        0 -35127.67823      0.00059      0.21376
ENER INTERN>       30.80208     88.72713      4.88553    279.81030      6.40881
ENER CROSS>       -17.38536      0.00000      0.00000      0.00000
ENER EXTERN>     -274.31528   -781.99331      0.00000      0.00000      0.00000
ENER EWALD>       2760.5382-1098967.0736 1062382.0290       0.0000       0.0000
ENER QUANTM>     -618.47516    -21.63654
 ----------       ---------    ---------    ---------    ---------    ---------
  
 CHARMM>       print resdistance
REDWRI:  Number of distance restraints=   1  Overall scale factor=      1.0000

 REDWRI: Evaluating restraint     1  KVAL=  2000.000 RVAL=    -2.000
    Number of atom pairs=   2 Global Exponent=   2 Internal Exponent=   1 One sided mode= 0
      atom pair:  5685 HETA     223      C1       5695 HETA     223      C8         distance factor=      1.0000  Current distance=      1.540979
      atom pair:  5687 HETA     223      C3       5697 HETA     223      O4         distance factor=     -1.0000  Current distance=      3.541746
      Distance deviation=     -0.000768  Energy=       0.00059 Force=      -1.53537

 REDWRI:  Current number of restraints=   1

  
 CHARMM>       trajectory write
 TRAJ: WRITING NEXT TRAJECTORY FILE,  OPTIONS;
  SKIP=      1 NPRIV=      1 NSTEP=     65 TRAJU=     31

  
 CHARMM>       increase n by 1
 Parameter: N <- "2"
  
 CHARMM>       increase rc by 0.1
 Parameter: RC <- "-1.9"
  
 CHARMM>    if rc le 2.0 goto loop
 Comparing "-1.9" and "2.0".
 IF test evaluated as true.  Performing command
  
 CHARMM>       skip none
 SKIPE> The following energy terms will be computed :
  BOND ANGL UREY DIHE IMPR VDW  ELEC HBON USER HARM CDIH CIC  CDRO NOE  SBOU
  IMNB IMEL IMHB EWKS EWSE EXTE RXNF ST2  IMST TSM  QMEL QMVD ASP  EHAR GEO 
  MDIP PINT PRMS PANG SSBP BK4D SHEL RESD SHAP STRB OOPL PULL POLA DMC  RGY 
  EWEX EWQC EWUT PBEL PBNP MBDE STRS BNDB BNDT EBST MBST BBT  SST  GBEN HMCM
  ADUM HYDR GSBP FQPO GRVD GREL SASL CMAP ELRC OLAP UMBR RREP RPHO RHBN RBDO
  RBAC RARO PHEN MMPT VMOD CROS FCTP FCTN PATH PMF1 PMF2 PRIM VALB ECHD ECHA
  ECHT ECHR CPUC SMBP EEMA ERMD CSRE ECS  ERDC DEFE MSPT GRHB PCHA
  
 CHARMM>       resdistance reset
  RESDIST: Restrained distances restraints reset.
 RESDIST:  Current number of restraints=   0
  
 CHARMM>       resdistance kval 2000.0 rval @rc -
 CHARMM>       1.0 @atom1 @atom2 -1.0 @atom3 @atom4
 Parameter: RC -> "-1.9"
 Parameter: ATOM1 -> "HETA 223 C1"
 Parameter: ATOM2 -> "HETA 223 C8"
 Parameter: ATOM3 -> "HETA 223 C3"
 Parameter: ATOM4 -> "HETA 223 O4"
 REDSET: Adding restraint     1  KVAL=  2000.000 RVAL=    -1.900
     Number of atom pairs=   2 Global Exponent=   2 Internal Exponent=   1 One sided mode= 0
      atom pair:  5685 HETA     223      C1       5695 HETA     223      C8         distance factor=      1.0000
      atom pair:  5687 HETA     223      C3       5697 HETA     223      O4         distance factor=     -1.0000
 RESDIST:  Current number of restraints=   1
  
 CHARMM>       mini abnr nstep 2000 tolitr 2000 tolgrd 0.2 nprint 2000

 SELECTED IMAGES ATOMS BEING CENTERED ABOUT  0.000000  0.000000  0.000000

 <MKIMAT2>: updating the image atom lists and remapping
 Transformation   Atoms  Groups  Residues  Min-Distance
    1  N1N1N1R1 has       0       0       0        1.65
    2  N1Z0N1R1 has       0       0       0        0.89
    3  N1P1N1R1 has       0       0       0        2.98
    4  Z0N1N1R1 has       0       0       0        0.85
    5  Z0Z0N1R1 has       0       0       0        0.00
    6  Z0P1N1R1 has       0       0       0        0.12
    7  N1N1Z0R1 has       0       0       0        0.83
    8  N1Z0Z0R1 has       0       0       0        0.00
    9  N1P1Z0R1 has       0       0       0        1.61
   10  Z0N1Z0R1 has       0       0       0        0.00
   12  N1N1P1R1 has       0       0       0        1.50
   13  N1Z0P1R1 has       0       0       0        0.91
   14  N1P1P1R1 has       0       0       0        2.92
 Total of53479 atoms and17627 groups and16343 residues were included

 <MAKGRP> found      0 image group exclusions.

 NONBOND OPTION FLAGS: 
     ELEC     VDW      GROUps   CDIElec  SWITch   VGROup   VSWItch 
     BYGRoup  NOEXtnd  EWALd   
 CUTNB  = 14.000 CTEXNB =999.000 CTONNB = 12.000 CTOFNB = 13.000
 CGONNB =  0.000 CGOFNB = 10.000
 WMIN   =  0.500 WRNMXD =  0.500 E14FAC =  1.000 EPS    =  1.000
 NBXMOD =      5
 PME EWALD OPTIONS: KAPPA  =  0.340  QCOR =  0.000  Bspline order = 6
 FFTX=  90  FFTY=  90  FFTZ=  90
                Using Pub FFT
                Real-to-Complex FFT
 There are        0 atom  pairs and    78977 atom  exclusions.
 There are    49493 group pairs and     4702 group exclusions.
 Generating nonbond list with Exclusion mode = 5
 == PRIMARY == SPACE FOR 15367279 ATOM PAIRS AND  3080142 GROUP PAIRS

 General group nonbond list generation found:
    49840 GROUP PAIRS WERE FOUND FOR GROUP LIST
  3089462 GROUP PAIRS WERE BEYOND CUTOFFS
152225076 GROUP PAIRS WERE NOT SELECTED
 SPACE FOR        0 ATOM PAIRS AND  1676038 GROUP PAIRS

 Image group nonbond list generation found:
        0 GROUP PAIRS WERE FOUND FOR GROUP LIST
        0 GROUP PAIRS WERE BEYOND CUTOFFS
 GUPQME>    346 unique QM molecule-MM group interactions generated.
 GUPQME>      0 QM/MM group exclusions generated.
 GUPQMV>    346 group interactions generated for  17627 groups.


 ABNER> An energy minimization has been requested.

 EIGRNG =    0.0005000   MINDIM =            5
 NPRINT =         2000   NSTEP  =         2000
 PSTRCT =    0.0000000   SDSTP  =    0.0200000
 STPLIM =    1.0000000   STRICT =    0.1000000
 TOLFUN =    0.0000000   TOLGRD =    0.2000000
 TOLITR =         2000   TOLSTP =    0.0000000
 FMEM   =    0.0000000
MINI MIN: Cycle      ENERgy      Delta-E         GRMS    Step-size
MINI INTERN:          BONDs       ANGLes       UREY-b    DIHEdrals    IMPRopers
MINI CROSS:           CMAPs        PMF1D        PMF2D        PRIMO
MINI EXTERN:        VDWaals         ELEC       HBONds          ASP         USER
MINI EWALD:          EWKSum       EWSElf       EWEXcl       EWQCor       EWUTil
MINI CONSTR:       HARMonic    CDIHedral          CIC     RESDistance       NOE
MINI QUANTUM:        QMELec        QMVDw  
 ----------       ---------    ---------    ---------    ---------    ---------
MINI>        0 -35117.52410    -10.15413      9.21697      0.00000
MINI INTERN>       30.80208     88.72713      4.88553    279.81030      6.40881
MINI CROSS>       -17.38536      0.00000      0.00000      0.00000
MINI EXTERN>     -274.31528   -781.99331      0.00000      0.00000      0.00000
MINI EWALD>       2760.5382-1098967.0736 1062382.0290       0.0000       0.0000
MINI CONSTR>        0.00000      0.00000      0.00000     10.15413      0.00000
MINI QUANTM>     -618.47516    -21.63654
 ----------       ---------    ---------    ---------    ---------    ---------
 UPDECI: Image update at step        25

 <MKIMAT2>: updating the image atom lists and remapping
 Transformation   Atoms  Groups  Residues  Min-Distance
    1  N1N1N1R1 has       0       0       0        1.65
    2  N1Z0N1R1 has       0       0       0        0.89
    3  N1P1N1R1 has       0       0       0        2.98
    4  Z0N1N1R1 has       0       0       0        0.85
    5  Z0Z0N1R1 has       0       0       0        0.00
    6  Z0P1N1R1 has       0       0       0        0.12
    7  N1N1Z0R1 has       0       0       0        0.83
    8  N1Z0Z0R1 has       0       0       0        0.00
    9  N1P1Z0R1 has       0       0       0        1.61
   10  Z0N1Z0R1 has       0       0       0        0.00
   12  N1N1P1R1 has       0       0       0        1.50
   13  N1Z0P1R1 has       0       0       0        0.91
   14  N1P1P1R1 has       0       0       0        2.92
 Total of53479 atoms and17627 groups and16343 residues were included

 <MAKGRP> found      0 image group exclusions.
 UPDECI: Nonbond update at step        25
 Generating nonbond list with Exclusion mode = 5
 == PRIMARY == SPACE FOR 15367279 ATOM PAIRS AND  3080142 GROUP PAIRS

 General group nonbond list generation found:
    49824 GROUP PAIRS WERE FOUND FOR GROUP LIST
  3089478 GROUP PAIRS WERE BEYOND CUTOFFS
152225076 GROUP PAIRS WERE NOT SELECTED
 SPACE FOR        0 ATOM PAIRS AND  1676038 GROUP PAIRS

 Image group nonbond list generation found:
        0 GROUP PAIRS WERE FOUND FOR GROUP LIST
        0 GROUP PAIRS WERE BEYOND CUTOFFS
 GUPQME>    346 unique QM molecule-MM group interactions generated.
 GUPQME>      0 QM/MM group exclusions generated.
 GUPQMV>    346 group interactions generated for  17627 groups.
 UPDECI: Image update at step        50

 <MKIMAT2>: updating the image atom lists and remapping
 Transformation   Atoms  Groups  Residues  Min-Distance
    1  N1N1N1R1 has       0       0       0        1.65
    2  N1Z0N1R1 has       0       0       0        0.89
    3  N1P1N1R1 has       0       0       0        2.98
    4  Z0N1N1R1 has       0       0       0        0.85
    5  Z0Z0N1R1 has       0       0       0        0.00
    6  Z0P1N1R1 has       0       0       0        0.12
    7  N1N1Z0R1 has       0       0       0        0.83
    8  N1Z0Z0R1 has       0       0       0        0.00
    9  N1P1Z0R1 has       0       0       0        1.61
   10  Z0N1Z0R1 has       0       0       0        0.00
   12  N1N1P1R1 has       0       0       0        1.50
   13  N1Z0P1R1 has       0       0       0        0.91
   14  N1P1P1R1 has       0       0       0        2.92
 Total of53479 atoms and17627 groups and16343 residues were included

 <MAKGRP> found      0 image group exclusions.
 UPDECI: Nonbond update at step        50
 Generating nonbond list with Exclusion mode = 5
 == PRIMARY == SPACE FOR 15367279 ATOM PAIRS AND  3080142 GROUP PAIRS

 General group nonbond list generation found:
    49852 GROUP PAIRS WERE FOUND FOR GROUP LIST
  3089450 GROUP PAIRS WERE BEYOND CUTOFFS
152225076 GROUP PAIRS WERE NOT SELECTED
 SPACE FOR        0 ATOM PAIRS AND  1676038 GROUP PAIRS

 Image group nonbond list generation found:
        0 GROUP PAIRS WERE FOUND FOR GROUP LIST
        0 GROUP PAIRS WERE BEYOND CUTOFFS
 GUPQME>    346 unique QM molecule-MM group interactions generated.
 GUPQME>      0 QM/MM group exclusions generated.
 GUPQMV>    346 group interactions generated for  17627 groups.

 ABNER> Minimization exiting with gradient tolerance ( 0.2000000) satisfied.

ABNR MIN: Cycle      ENERgy      Delta-E         GRMS    Step-size
ABNR INTERN:          BONDs       ANGLes       UREY-b    DIHEdrals    IMPRopers
ABNR CROSS:           CMAPs        PMF1D        PMF2D        PRIMO
ABNR EXTERN:        VDWaals         ELEC       HBONds          ASP         USER
ABNR EWALD:          EWKSum       EWSElf       EWEXcl       EWQCor       EWUTil
ABNR CONSTR:       HARMonic    CDIHedral          CIC     RESDistance       NOE
ABNR QUANTUM:        QMELec        QMVDw  
 ----------       ---------    ---------    ---------    ---------    ---------
ABNR>       71 -35138.91170     21.38760      0.18503      0.00691
ABNR INTERN>       30.56649     86.79848      4.55887    280.97293      6.33510
ABNR CROSS>       -16.88721      0.00000      0.00000      0.00000
ABNR EXTERN>     -267.62061   -797.47685      0.00000      0.00000      0.00000
ABNR EWALD>       2758.7486-1098967.0736 1062382.0273       0.0000       0.0000
ABNR CONSTR>        0.00000      0.00000      0.00000      0.00331      0.00000
ABNR QUANTM>     -617.04897    -22.81559
 ----------       ---------    ---------    ---------    ---------    ---------
  
 CHARMM>       skip resd
 SKIPE> The following energy terms will be computed :
  BOND ANGL UREY DIHE IMPR VDW  ELEC HBON USER HARM CDIH CIC  CDRO NOE  SBOU
  IMNB IMEL IMHB EWKS EWSE EXTE RXNF ST2  IMST TSM  QMEL QMVD ASP  EHAR GEO 
  MDIP PINT PRMS PANG SSBP BK4D SHEL SHAP STRB OOPL PULL POLA DMC  RGY  EWEX
  EWQC EWUT PBEL PBNP MBDE STRS BNDB BNDT EBST MBST BBT  SST  GBEN HMCM ADUM
  HYDR GSBP FQPO GRVD GREL SASL CMAP ELRC OLAP UMBR RREP RPHO RHBN RBDO RBAC
  RARO PHEN MMPT VMOD CROS FCTP FCTN PATH PMF1 PMF2 PRIM VALB ECHD ECHA ECHT
  ECHR CPUC SMBP EEMA ERMD CSRE ECS  ERDC DEFE MSPT GRHB PCHA
  
 CHARMM>       energy

 SELECTED IMAGES ATOMS BEING CENTERED ABOUT  0.000000  0.000000  0.000000

 <MKIMAT2>: updating the image atom lists and remapping
 Transformation   Atoms  Groups  Residues  Min-Distance
    1  N1N1N1R1 has       0       0       0        1.65
    2  N1Z0N1R1 has       0       0       0        0.89
    3  N1P1N1R1 has       0       0       0        2.98
    4  Z0N1N1R1 has       0       0       0        0.85
    5  Z0Z0N1R1 has       0       0       0        0.00
    6  Z0P1N1R1 has       0       0       0        0.12
    7  N1N1Z0R1 has       0       0       0        0.83
    8  N1Z0Z0R1 has       0       0       0        0.00
    9  N1P1Z0R1 has       0       0       0        1.61
   10  Z0N1Z0R1 has       0       0       0        0.00
   12  N1N1P1R1 has       0       0       0        1.50
   13  N1Z0P1R1 has       0       0       0        0.91
   14  N1P1P1R1 has       0       0       0        2.92
 Total of53479 atoms and17627 groups and16343 residues were included

 <MAKGRP> found      0 image group exclusions.

 NONBOND OPTION FLAGS: 
     ELEC     VDW      GROUps   CDIElec  SWITch   VGROup   VSWItch 
     BYGRoup  NOEXtnd  EWALd   
 CUTNB  = 14.000 CTEXNB =999.000 CTONNB = 12.000 CTOFNB = 13.000
 CGONNB =  0.000 CGOFNB = 10.000
 WMIN   =  0.500 WRNMXD =  0.500 E14FAC =  1.000 EPS    =  1.000
 NBXMOD =      5
 PME EWALD OPTIONS: KAPPA  =  0.340  QCOR =  0.000  Bspline order = 6
 FFTX=  90  FFTY=  90  FFTZ=  90
                Using Pub FFT
                Real-to-Complex FFT
 There are        0 atom  pairs and    78977 atom  exclusions.
 There are    49505 group pairs and     4702 group exclusions.
 Generating nonbond list with Exclusion mode = 5
 == PRIMARY == SPACE FOR 15367279 ATOM PAIRS AND  3080142 GROUP PAIRS

 General group nonbond list generation found:
    49862 GROUP PAIRS WERE FOUND FOR GROUP LIST
  3089440 GROUP PAIRS WERE BEYOND CUTOFFS
152225076 GROUP PAIRS WERE NOT SELECTED
 SPACE FOR        0 ATOM PAIRS AND  1676038 GROUP PAIRS

 Image group nonbond list generation found:
        0 GROUP PAIRS WERE FOUND FOR GROUP LIST
        0 GROUP PAIRS WERE BEYOND CUTOFFS
 GUPQME>    346 unique QM molecule-MM group interactions generated.
 GUPQME>      0 QM/MM group exclusions generated.
 GUPQMV>    346 group interactions generated for  17627 groups.
ENER ENR:  Eval#     ENERgy      Delta-E         GRMS
ENER INTERN:          BONDs       ANGLes       UREY-b    DIHEdrals    IMPRopers
ENER CROSS:           CMAPs        PMF1D        PMF2D        PRIMO
ENER EXTERN:        VDWaals         ELEC       HBONds          ASP         USER
ENER EWALD:          EWKSum       EWSElf       EWEXcl       EWQCor       EWUTil
ENER QUANTUM:        QMELec        QMVDw  
 ----------       ---------    ---------    ---------    ---------    ---------
ENER>        0 -35138.91501      0.00331      0.20601
ENER INTERN>       30.56649     86.79848      4.55887    280.97293      6.33510
ENER CROSS>       -16.88721      0.00000      0.00000      0.00000
ENER EXTERN>     -267.62061   -797.47685      0.00000      0.00000      0.00000
ENER EWALD>       2758.7486-1098967.0736 1062382.0273       0.0000       0.0000
ENER QUANTM>     -617.04897    -22.81559
 ----------       ---------    ---------    ---------    ---------    ---------
  
 CHARMM>       print resdistance
REDWRI:  Number of distance restraints=   1  Overall scale factor=      1.0000

 REDWRI: Evaluating restraint     1  KVAL=  2000.000 RVAL=    -1.900
    Number of atom pairs=   2 Global Exponent=   2 Internal Exponent=   1 One sided mode= 0
      atom pair:  5685 HETA     223      C1       5695 HETA     223      C8         distance factor=      1.0000  Current distance=      1.542255
      atom pair:  5687 HETA     223      C3       5697 HETA     223      O4         distance factor=     -1.0000  Current distance=      3.444074
      Distance deviation=     -0.001820  Energy=       0.00331 Force=      -3.63909

 REDWRI:  Current number of restraints=   1

  
 CHARMM>       trajectory write
  
 CHARMM>       increase n by 1
 Parameter: N <- "3"
  
 CHARMM>       increase rc by 0.1
 Parameter: RC <- "-1.8"
  
 CHARMM>    if rc le 2.0 goto loop
 Comparing "-1.8" and "2.0".
 IF test evaluated as true.  Performing command
  
 CHARMM>       skip none
 SKIPE> The following energy terms will be computed :
  BOND ANGL UREY DIHE IMPR VDW  ELEC HBON USER HARM CDIH CIC  CDRO NOE  SBOU
  IMNB IMEL IMHB EWKS EWSE EXTE RXNF ST2  IMST TSM  QMEL QMVD ASP  EHAR GEO 
  MDIP PINT PRMS PANG SSBP BK4D SHEL RESD SHAP STRB OOPL PULL POLA DMC  RGY 
  EWEX EWQC EWUT PBEL PBNP MBDE STRS BNDB BNDT EBST MBST BBT  SST  GBEN HMCM
  ADUM HYDR GSBP FQPO GRVD GREL SASL CMAP ELRC OLAP UMBR RREP RPHO RHBN RBDO
  RBAC RARO PHEN MMPT VMOD CROS FCTP FCTN PATH PMF1 PMF2 PRIM VALB ECHD ECHA
  ECHT ECHR CPUC SMBP EEMA ERMD CSRE ECS  ERDC DEFE MSPT GRHB PCHA
  
 CHARMM>       resdistance reset
  RESDIST: Restrained distances restraints reset.
 RESDIST:  Current number of restraints=   0
  
 CHARMM>       resdistance kval 2000.0 rval @rc -
 CHARMM>       1.0 @atom1 @atom2 -1.0 @atom3 @atom4
 Parameter: RC -> "-1.8"
 Parameter: ATOM1 -> "HETA 223 C1"
 Parameter: ATOM2 -> "HETA 223 C8"
 Parameter: ATOM3 -> "HETA 223 C3"
 Parameter: ATOM4 -> "HETA 223 O4"
 REDSET: Adding restraint     1  KVAL=  2000.000 RVAL=    -1.800
     Number of atom pairs=   2 Global Exponent=   2 Internal Exponent=   1 One sided mode= 0
      atom pair:  5685 HETA     223      C1       5695 HETA     223      C8         distance factor=      1.0000
      atom pair:  5687 HETA     223      C3       5697 HETA     223      O4         distance factor=     -1.0000
 RESDIST:  Current number of restraints=   1
  
 CHARMM>       mini abnr nstep 2000 tolitr 2000 tolgrd 0.2 nprint 2000

 SELECTED IMAGES ATOMS BEING CENTERED ABOUT  0.000000  0.000000  0.000000

 <MKIMAT2>: updating the image atom lists and remapping
 Transformation   Atoms  Groups  Residues  Min-Distance
    1  N1N1N1R1 has       0       0       0        1.65
    2  N1Z0N1R1 has       0       0       0        0.89
    3  N1P1N1R1 has       0       0       0        2.98
    4  Z0N1N1R1 has       0       0       0        0.85
    5  Z0Z0N1R1 has       0       0       0        0.00
    6  Z0P1N1R1 has       0       0       0        0.12
    7  N1N1Z0R1 has       0       0       0        0.83
    8  N1Z0Z0R1 has       0       0       0        0.00
    9  N1P1Z0R1 has       0       0       0        1.61
   10  Z0N1Z0R1 has       0       0       0        0.00
   12  N1N1P1R1 has       0       0       0        1.50
   13  N1Z0P1R1 has       0       0       0        0.91
   14  N1P1P1R1 has       0       0       0        2.92
 Total of53479 atoms and17627 groups and16343 residues were included

 <MAKGRP> found      0 image group exclusions.

 NONBOND OPTION FLAGS: 
     ELEC     VDW      GROUps   CDIElec  SWITch   VGROup   VSWItch 
     BYGRoup  NOEXtnd  EWALd   
 CUTNB  = 14.000 CTEXNB =999.000 CTONNB = 12.000 CTOFNB = 13.000
 CGONNB =  0.000 CGOFNB = 10.000
 WMIN   =  0.500 WRNMXD =  0.500 E14FAC =  1.000 EPS    =  1.000
 NBXMOD =      5
 PME EWALD OPTIONS: KAPPA  =  0.340  QCOR =  0.000  Bspline order = 6
 FFTX=  90  FFTY=  90  FFTZ=  90
                Using Pub FFT
                Real-to-Complex FFT
 There are        0 atom  pairs and    78977 atom  exclusions.
 There are    49515 group pairs and     4702 group exclusions.
 Generating nonbond list with Exclusion mode = 5
 == PRIMARY == SPACE FOR 15367279 ATOM PAIRS AND  3080142 GROUP PAIRS

 General group nonbond list generation found:
    49862 GROUP PAIRS WERE FOUND FOR GROUP LIST
  3089440 GROUP PAIRS WERE BEYOND CUTOFFS
152225076 GROUP PAIRS WERE NOT SELECTED
 SPACE FOR        0 ATOM PAIRS AND  1676038 GROUP PAIRS

 Image group nonbond list generation found:
        0 GROUP PAIRS WERE FOUND FOR GROUP LIST
        0 GROUP PAIRS WERE BEYOND CUTOFFS
 GUPQME>    346 unique QM molecule-MM group interactions generated.
 GUPQME>      0 QM/MM group exclusions generated.
 GUPQMV>    346 group interactions generated for  17627 groups.


 ABNER> An energy minimization has been requested.

 EIGRNG =    0.0005000   MINDIM =            5
 NPRINT =         2000   NSTEP  =         2000
 PSTRCT =    0.0000000   SDSTP  =    0.0200000
 STPLIM =    1.0000000   STRICT =    0.1000000
 TOLFUN =    0.0000000   TOLGRD =    0.2000000
 TOLITR =         2000   TOLSTP =    0.0000000
 FMEM   =    0.0000000
MINI MIN: Cycle      ENERgy      Delta-E         GRMS    Step-size
MINI INTERN:          BONDs       ANGLes       UREY-b    DIHEdrals    IMPRopers
MINI CROSS:           CMAPs        PMF1D        PMF2D        PRIMO
MINI EXTERN:        VDWaals         ELEC       HBONds          ASP         USER
MINI EWALD:          EWKSum       EWSElf       EWEXcl       EWQCor       EWUTil
MINI CONSTR:       HARMonic    CDIHedral          CIC     RESDistance       NOE
MINI QUANTUM:        QMELec        QMVDw  
 ----------       ---------    ---------    ---------    ---------    ---------
MINI>        0 -35128.54779    -10.36722      9.30637      0.00000
MINI INTERN>       30.56649     86.79848      4.55887    280.97293      6.33510
MINI CROSS>       -16.88721      0.00000      0.00000      0.00000
MINI EXTERN>     -267.62061   -797.47685      0.00000      0.00000      0.00000
MINI EWALD>       2758.7486-1098967.0736 1062382.0273       0.0000       0.0000
MINI CONSTR>        0.00000      0.00000      0.00000     10.36722      0.00000
MINI QUANTM>     -617.04897    -22.81559
 ----------       ---------    ---------    ---------    ---------    ---------

 ABNER> Minimization exiting with gradient tolerance ( 0.2000000) satisfied.

ABNR MIN: Cycle      ENERgy      Delta-E         GRMS    Step-size
ABNR INTERN:          BONDs       ANGLes       UREY-b    DIHEdrals    IMPRopers
ABNR CROSS:           CMAPs        PMF1D        PMF2D        PRIMO
ABNR EXTERN:        VDWaals         ELEC       HBONds          ASP         USER
ABNR EWALD:          EWKSum       EWSElf       EWEXcl       EWQCor       EWUTil
ABNR CONSTR:       HARMonic    CDIHedral          CIC     RESDistance       NOE
ABNR QUANTUM:        QMELec        QMVDw  
 ----------       ---------    ---------    ---------    ---------    ---------
ABNR>       18 -35139.14840     10.60061      0.18675      0.00703
ABNR INTERN>       30.63882     86.87671      4.57512    281.66305      6.37224
ABNR CROSS>       -16.91449      0.00000      0.00000      0.00000
ABNR EXTERN>     -268.45903   -797.60467      0.00000      0.00000      0.00000
ABNR EWALD>       2759.1928-1098967.0736 1062381.9320       0.0000       0.0000
ABNR CONSTR>        0.00000      0.00000      0.00000      0.00004      0.00000
ABNR QUANTM>     -617.33903    -23.00839
 ----------       ---------    ---------    ---------    ---------    ---------
  
 CHARMM>       skip resd
 SKIPE> The following energy terms will be computed :
  BOND ANGL UREY DIHE IMPR VDW  ELEC HBON USER HARM CDIH CIC  CDRO NOE  SBOU
  IMNB IMEL IMHB EWKS EWSE EXTE RXNF ST2  IMST TSM  QMEL QMVD ASP  EHAR GEO 
  MDIP PINT PRMS PANG SSBP BK4D SHEL SHAP STRB OOPL PULL POLA DMC  RGY  EWEX
  EWQC EWUT PBEL PBNP MBDE STRS BNDB BNDT EBST MBST BBT  SST  GBEN HMCM ADUM
  HYDR GSBP FQPO GRVD GREL SASL CMAP ELRC OLAP UMBR RREP RPHO RHBN RBDO RBAC
  RARO PHEN MMPT VMOD CROS FCTP FCTN PATH PMF1 PMF2 PRIM VALB ECHD ECHA ECHT
  ECHR CPUC SMBP EEMA ERMD CSRE ECS  ERDC DEFE MSPT GRHB PCHA
  
 CHARMM>       energy

 SELECTED IMAGES ATOMS BEING CENTERED ABOUT  0.000000  0.000000  0.000000

 <MKIMAT2>: updating the image atom lists and remapping
 Transformation   Atoms  Groups  Residues  Min-Distance
    1  N1N1N1R1 has       0       0       0        1.65
    2  N1Z0N1R1 has       0       0       0        0.89
    3  N1P1N1R1 has       0       0       0        2.98
    4  Z0N1N1R1 has       0       0       0        0.85
    5  Z0Z0N1R1 has       0       0       0        0.00
    6  Z0P1N1R1 has       0       0       0        0.12
    7  N1N1Z0R1 has       0       0       0        0.83
    8  N1Z0Z0R1 has       0       0       0        0.00
    9  N1P1Z0R1 has       0       0       0        1.61
   10  Z0N1Z0R1 has       0       0       0        0.00
   12  N1N1P1R1 has       0       0       0        1.50
   13  N1Z0P1R1 has       0       0       0        0.91
   14  N1P1P1R1 has       0       0       0        2.92
 Total of53479 atoms and17627 groups and16343 residues were included

 <MAKGRP> found      0 image group exclusions.

 NONBOND OPTION FLAGS: 
     ELEC     VDW      GROUps   CDIElec  SWITch   VGROup   VSWItch 
     BYGRoup  NOEXtnd  EWALd   
 CUTNB  = 14.000 CTEXNB =999.000 CTONNB = 12.000 CTOFNB = 13.000
 CGONNB =  0.000 CGOFNB = 10.000
 WMIN   =  0.500 WRNMXD =  0.500 E14FAC =  1.000 EPS    =  1.000
 NBXMOD =      5
 PME EWALD OPTIONS: KAPPA  =  0.340  QCOR =  0.000  Bspline order = 6
 FFTX=  90  FFTY=  90  FFTZ=  90
                Using Pub FFT
                Real-to-Complex FFT
 There are        0 atom  pairs and    78977 atom  exclusions.
 There are    49515 group pairs and     4702 group exclusions.
 Generating nonbond list with Exclusion mode = 5
 == PRIMARY == SPACE FOR 15367279 ATOM PAIRS AND  3080142 GROUP PAIRS

 General group nonbond list generation found:
    49865 GROUP PAIRS WERE FOUND FOR GROUP LIST
  3089437 GROUP PAIRS WERE BEYOND CUTOFFS
152225076 GROUP PAIRS WERE NOT SELECTED
 SPACE FOR        0 ATOM PAIRS AND  1676038 GROUP PAIRS

 Image group nonbond list generation found:
        0 GROUP PAIRS WERE FOUND FOR GROUP LIST
        0 GROUP PAIRS WERE BEYOND CUTOFFS
 GUPQME>    346 unique QM molecule-MM group interactions generated.
 GUPQME>      0 QM/MM group exclusions generated.
 GUPQMV>    346 group interactions generated for  17627 groups.
ENER ENR:  Eval#     ENERgy      Delta-E         GRMS
ENER INTERN:          BONDs       ANGLes       UREY-b    DIHEdrals    IMPRopers
ENER CROSS:           CMAPs        PMF1D        PMF2D        PRIMO
ENER EXTERN:        VDWaals         ELEC       HBONds          ASP         USER
ENER EWALD:          EWKSum       EWSElf       EWEXcl       EWQCor       EWUTil
ENER QUANTUM:        QMELec        QMVDw  
 ----------       ---------    ---------    ---------    ---------    ---------
ENER>        0 -35139.14844      0.00004      0.18521
ENER INTERN>       30.63882     86.87671      4.57512    281.66305      6.37224
ENER CROSS>       -16.91449      0.00000      0.00000      0.00000
ENER EXTERN>     -268.45903   -797.60467      0.00000      0.00000      0.00000
ENER EWALD>       2759.1928-1098967.0736 1062381.9320       0.0000       0.0000
ENER QUANTM>     -617.33903    -23.00839
 ----------       ---------    ---------    ---------    ---------    ---------
  
 CHARMM>       print resdistance
REDWRI:  Number of distance restraints=   1  Overall scale factor=      1.0000

 REDWRI: Evaluating restraint     1  KVAL=  2000.000 RVAL=    -1.800
    Number of atom pairs=   2 Global Exponent=   2 Internal Exponent=   1 One sided mode= 0
      atom pair:  5685 HETA     223      C1       5695 HETA     223      C8         distance factor=      1.0000  Current distance=      1.538696
      atom pair:  5687 HETA     223      C3       5697 HETA     223      O4         distance factor=     -1.0000  Current distance=      3.338486
      Distance deviation=      0.000210  Energy=       0.00004 Force=       0.42066

 REDWRI:  Current number of restraints=   1

  
 CHARMM>       trajectory write
  
 CHARMM>       increase n by 1
 Parameter: N <- "4"
  
 CHARMM>       increase rc by 0.1
 Parameter: RC <- "-1.7"
  
 CHARMM>    if rc le 2.0 goto loop
 Comparing "-1.7" and "2.0".
 IF test evaluated as true.  Performing command
  
 CHARMM>       skip none
 SKIPE> The following energy terms will be computed :
  BOND ANGL UREY DIHE IMPR VDW  ELEC HBON USER HARM CDIH CIC  CDRO NOE  SBOU
  IMNB IMEL IMHB EWKS EWSE EXTE RXNF ST2  IMST TSM  QMEL QMVD ASP  EHAR GEO 
  MDIP PINT PRMS PANG SSBP BK4D SHEL RESD SHAP STRB OOPL PULL POLA DMC  RGY 
  EWEX EWQC EWUT PBEL PBNP MBDE STRS BNDB BNDT EBST MBST BBT  SST  GBEN HMCM
  ADUM HYDR GSBP FQPO GRVD GREL SASL CMAP ELRC OLAP UMBR RREP RPHO RHBN RBDO
  RBAC RARO PHEN MMPT VMOD CROS FCTP FCTN PATH PMF1 PMF2 PRIM VALB ECHD ECHA
  ECHT ECHR CPUC SMBP EEMA ERMD CSRE ECS  ERDC DEFE MSPT GRHB PCHA
  
 CHARMM>       resdistance reset
  RESDIST: Restrained distances restraints reset.
 RESDIST:  Current number of restraints=   0
  
 CHARMM>       resdistance kval 2000.0 rval @rc -
 CHARMM>       1.0 @atom1 @atom2 -1.0 @atom3 @atom4
 Parameter: RC -> "-1.7"
 Parameter: ATOM1 -> "HETA 223 C1"
 Parameter: ATOM2 -> "HETA 223 C8"
 Parameter: ATOM3 -> "HETA 223 C3"
 Parameter: ATOM4 -> "HETA 223 O4"
 REDSET: Adding restraint     1  KVAL=  2000.000 RVAL=    -1.700
     Number of atom pairs=   2 Global Exponent=   2 Internal Exponent=   1 One sided mode= 0
      atom pair:  5685 HETA     223      C1       5695 HETA     223      C8         distance factor=      1.0000
      atom pair:  5687 HETA     223      C3       5697 HETA     223      O4         distance factor=     -1.0000
 RESDIST:  Current number of restraints=   1
  
 CHARMM>       mini abnr nstep 2000 tolitr 2000 tolgrd 0.2 nprint 2000

 SELECTED IMAGES ATOMS BEING CENTERED ABOUT  0.000000  0.000000  0.000000

 <MKIMAT2>: updating the image atom lists and remapping
 Transformation   Atoms  Groups  Residues  Min-Distance
    1  N1N1N1R1 has       0       0       0        1.65
    2  N1Z0N1R1 has       0       0       0        0.89
    3  N1P1N1R1 has       0       0       0        2.98
    4  Z0N1N1R1 has       0       0       0        0.85
    5  Z0Z0N1R1 has       0       0       0        0.00
    6  Z0P1N1R1 has       0       0       0        0.12
    7  N1N1Z0R1 has       0       0       0        0.83
    8  N1Z0Z0R1 has       0       0       0        0.00
    9  N1P1Z0R1 has       0       0       0        1.61
   10  Z0N1Z0R1 has       0       0       0        0.00
   12  N1N1P1R1 has       0       0       0        1.50
   13  N1Z0P1R1 has       0       0       0        0.91
   14  N1P1P1R1 has       0       0       0        2.92
 Total of53479 atoms and17627 groups and16343 residues were included

 <MAKGRP> found      0 image group exclusions.

 NONBOND OPTION FLAGS: 
     ELEC     VDW      GROUps   CDIElec  SWITch   VGROup   VSWItch 
     BYGRoup  NOEXtnd  EWALd   
 CUTNB  = 14.000 CTEXNB =999.000 CTONNB = 12.000 CTOFNB = 13.000
 CGONNB =  0.000 CGOFNB = 10.000
 WMIN   =  0.500 WRNMXD =  0.500 E14FAC =  1.000 EPS    =  1.000
 NBXMOD =      5
 PME EWALD OPTIONS: KAPPA  =  0.340  QCOR =  0.000  Bspline order = 6
 FFTX=  90  FFTY=  90  FFTZ=  90
                Using Pub FFT
                Real-to-Complex FFT
 There are        0 atom  pairs and    78977 atom  exclusions.
 There are    49518 group pairs and     4702 group exclusions.
 Generating nonbond list with Exclusion mode = 5
 == PRIMARY == SPACE FOR 15367279 ATOM PAIRS AND  3080142 GROUP PAIRS

 General group nonbond list generation found:
    49865 GROUP PAIRS WERE FOUND FOR GROUP LIST
  3089437 GROUP PAIRS WERE BEYOND CUTOFFS
152225076 GROUP PAIRS WERE NOT SELECTED
 SPACE FOR        0 ATOM PAIRS AND  1676038 GROUP PAIRS

 Image group nonbond list generation found:
        0 GROUP PAIRS WERE FOUND FOR GROUP LIST
        0 GROUP PAIRS WERE BEYOND CUTOFFS
 GUPQME>    346 unique QM molecule-MM group interactions generated.
 GUPQME>      0 QM/MM group exclusions generated.
 GUPQMV>    346 group interactions generated for  17627 groups.


 ABNER> An energy minimization has been requested.

 EIGRNG =    0.0005000   MINDIM =            5
 NPRINT =         2000   NSTEP  =         2000
 PSTRCT =    0.0000000   SDSTP  =    0.0200000
 STPLIM =    1.0000000   STRICT =    0.1000000
 TOLFUN =    0.0000000   TOLGRD =    0.2000000
 TOLITR =         2000   TOLSTP =    0.0000000
 FMEM   =    0.0000000
MINI MIN: Cycle      ENERgy      Delta-E         GRMS    Step-size
MINI INTERN:          BONDs       ANGLes       UREY-b    DIHEdrals    IMPRopers
MINI CROSS:           CMAPs        PMF1D        PMF2D        PRIMO
MINI EXTERN:        VDWaals         ELEC       HBONds          ASP         USER
MINI EWALD:          EWKSum       EWSElf       EWEXcl       EWQCor       EWUTil
MINI CONSTR:       HARMonic    CDIHedral          CIC     RESDistance       NOE
MINI QUANTUM:        QMELec        QMVDw  
 ----------       ---------    ---------    ---------    ---------    ---------
MINI>        0 -35129.19046     -9.95798      9.22241      0.00000
MINI INTERN>       30.63882     86.87671      4.57512    281.66305      6.37224
MINI CROSS>       -16.91449      0.00000      0.00000      0.00000
MINI EXTERN>     -268.45903   -797.60467      0.00000      0.00000      0.00000
MINI EWALD>       2759.1928-1098967.0736 1062381.9320       0.0000       0.0000
MINI CONSTR>        0.00000      0.00000      0.00000      9.95798      0.00000
MINI QUANTM>     -617.33903    -23.00839
 ----------       ---------    ---------    ---------    ---------    ---------
 UPDECI: Image update at step        25

 <MKIMAT2>: updating the image atom lists and remapping
 Transformation   Atoms  Groups  Residues  Min-Distance
    1  N1N1N1R1 has       0       0       0        1.65
    2  N1Z0N1R1 has       0       0       0        0.89
    3  N1P1N1R1 has       0       0       0        2.98
    4  Z0N1N1R1 has       0       0       0        0.85
    5  Z0Z0N1R1 has       0       0       0        0.00
    6  Z0P1N1R1 has       0       0       0        0.12
    7  N1N1Z0R1 has       0       0       0        0.83
    8  N1Z0Z0R1 has       0       0       0        0.00
    9  N1P1Z0R1 has       0       0       0        1.61
   10  Z0N1Z0R1 has       0       0       0        0.00
   12  N1N1P1R1 has       0       0       0        1.50
   13  N1Z0P1R1 has       0       0       0        0.91
   14  N1P1P1R1 has       0       0       0        2.92
 Total of53479 atoms and17627 groups and16343 residues were included

 <MAKGRP> found      0 image group exclusions.
 UPDECI: Nonbond update at step        25
 Generating nonbond list with Exclusion mode = 5
 == PRIMARY == SPACE FOR 15367279 ATOM PAIRS AND  3080142 GROUP PAIRS

 General group nonbond list generation found:
    49885 GROUP PAIRS WERE FOUND FOR GROUP LIST
  3089417 GROUP PAIRS WERE BEYOND CUTOFFS
152225076 GROUP PAIRS WERE NOT SELECTED
 SPACE FOR        0 ATOM PAIRS AND  1676038 GROUP PAIRS

 Image group nonbond list generation found:
        0 GROUP PAIRS WERE FOUND FOR GROUP LIST
        0 GROUP PAIRS WERE BEYOND CUTOFFS
 GUPQME>    346 unique QM molecule-MM group interactions generated.
 GUPQME>      0 QM/MM group exclusions generated.
 GUPQMV>    346 group interactions generated for  17627 groups.

 ABNER> Minimization exiting with gradient tolerance ( 0.2000000) satisfied.

ABNR MIN: Cycle      ENERgy      Delta-E         GRMS    Step-size
ABNR INTERN:          BONDs       ANGLes       UREY-b    DIHEdrals    IMPRopers
ABNR CROSS:           CMAPs        PMF1D        PMF2D        PRIMO
ABNR EXTERN:        VDWaals         ELEC       HBONds          ASP         USER
ABNR EWALD:          EWKSum       EWSElf       EWEXcl       EWQCor       EWUTil
ABNR CONSTR:       HARMonic    CDIHedral          CIC     RESDistance       NOE
ABNR QUANTUM:        QMELec        QMVDw  
 ----------       ---------    ---------    ---------    ---------    ---------
ABNR>       49 -35143.19917     14.00871      0.16119      0.00539
ABNR INTERN>       30.72758     86.84294      4.53315    284.26928      6.48099
ABNR CROSS>       -17.18866      0.00000      0.00000      0.00000
ABNR EXTERN>     -268.19594   -803.27551      0.00000      0.00000      0.00000
ABNR EWALD>       2760.6828-1098967.0736 1062381.7796       0.0000       0.0000
ABNR CONSTR>        0.00000      0.00000      0.00000      0.00587      0.00000
ABNR QUANTM>     -619.70815    -23.07951
 ----------       ---------    ---------    ---------    ---------    ---------
  
 CHARMM>       skip resd
 SKIPE> The following energy terms will be computed :
  BOND ANGL UREY DIHE IMPR VDW  ELEC HBON USER HARM CDIH CIC  CDRO NOE  SBOU
  IMNB IMEL IMHB EWKS EWSE EXTE RXNF ST2  IMST TSM  QMEL QMVD ASP  EHAR GEO 
  MDIP PINT PRMS PANG SSBP BK4D SHEL SHAP STRB OOPL PULL POLA DMC  RGY  EWEX
  EWQC EWUT PBEL PBNP MBDE STRS BNDB BNDT EBST MBST BBT  SST  GBEN HMCM ADUM
  HYDR GSBP FQPO GRVD GREL SASL CMAP ELRC OLAP UMBR RREP RPHO RHBN RBDO RBAC
  RARO PHEN MMPT VMOD CROS FCTP FCTN PATH PMF1 PMF2 PRIM VALB ECHD ECHA ECHT
  ECHR CPUC SMBP EEMA ERMD CSRE ECS  ERDC DEFE MSPT GRHB PCHA
  
 CHARMM>       energy

 SELECTED IMAGES ATOMS BEING CENTERED ABOUT  0.000000  0.000000  0.000000

 <MKIMAT2>: updating the image atom lists and remapping
 Transformation   Atoms  Groups  Residues  Min-Distance
    1  N1N1N1R1 has       0       0       0        1.65
    2  N1Z0N1R1 has       0       0       0        0.89
    3  N1P1N1R1 has       0       0       0        2.98
    4  Z0N1N1R1 has       0       0       0        0.85
    5  Z0Z0N1R1 has       0       0       0        0.00
    6  Z0P1N1R1 has       0       0       0        0.12
    7  N1N1Z0R1 has       0       0       0        0.83
    8  N1Z0Z0R1 has       0       0       0        0.00
    9  N1P1Z0R1 has       0       0       0        1.61
   10  Z0N1Z0R1 has       0       0       0        0.00
   12  N1N1P1R1 has       0       0       0        1.50
   13  N1Z0P1R1 has       0       0       0        0.91
   14  N1P1P1R1 has       0       0       0        2.92
 Total of53479 atoms and17627 groups and16343 residues were included

 <MAKGRP> found      0 image group exclusions.

 NONBOND OPTION FLAGS: 
     ELEC     VDW      GROUps   CDIElec  SWITch   VGROup   VSWItch 
     BYGRoup  NOEXtnd  EWALd   
 CUTNB  = 14.000 CTEXNB =999.000 CTONNB = 12.000 CTOFNB = 13.000
 CGONNB =  0.000 CGOFNB = 10.000
 WMIN   =  0.500 WRNMXD =  0.500 E14FAC =  1.000 EPS    =  1.000
 NBXMOD =      5
 PME EWALD OPTIONS: KAPPA  =  0.340  QCOR =  0.000  Bspline order = 6
 FFTX=  90  FFTY=  90  FFTZ=  90
                Using Pub FFT
                Real-to-Complex FFT
 There are        0 atom  pairs and    78977 atom  exclusions.
 There are    49538 group pairs and     4702 group exclusions.
 Generating nonbond list with Exclusion mode = 5
 == PRIMARY == SPACE FOR 15367279 ATOM PAIRS AND  3080142 GROUP PAIRS

 General group nonbond list generation found:
    49892 GROUP PAIRS WERE FOUND FOR GROUP LIST
  3089410 GROUP PAIRS WERE BEYOND CUTOFFS
152225076 GROUP PAIRS WERE NOT SELECTED
 SPACE FOR        0 ATOM PAIRS AND  1676038 GROUP PAIRS

 Image group nonbond list generation found:
        0 GROUP PAIRS WERE FOUND FOR GROUP LIST
        0 GROUP PAIRS WERE BEYOND CUTOFFS
 GUPQME>    345 unique QM molecule-MM group interactions generated.
 GUPQME>      0 QM/MM group exclusions generated.
 GUPQMV>    345 group interactions generated for  17627 groups.
ENER ENR:  Eval#     ENERgy      Delta-E         GRMS
ENER INTERN:          BONDs       ANGLes       UREY-b    DIHEdrals    IMPRopers
ENER CROSS:           CMAPs        PMF1D        PMF2D        PRIMO
ENER EXTERN:        VDWaals         ELEC       HBONds          ASP         USER
ENER EWALD:          EWKSum       EWSElf       EWEXcl       EWQCor       EWUTil
ENER QUANTUM:        QMELec        QMVDw  
 ----------       ---------    ---------    ---------    ---------    ---------
ENER>        0 -35143.20505      0.00587      0.26859
ENER INTERN>       30.72758     86.84294      4.53315    284.26928      6.48099
ENER CROSS>       -17.18866      0.00000      0.00000      0.00000
ENER EXTERN>     -268.19594   -803.27551      0.00000      0.00000      0.00000
ENER EWALD>       2760.6828-1098967.0736 1062381.7796       0.0000       0.0000
ENER QUANTM>     -619.70815    -23.07951
 ----------       ---------    ---------    ---------    ---------    ---------
  
 CHARMM>       print resdistance
REDWRI:  Number of distance restraints=   1  Overall scale factor=      1.0000

 REDWRI: Evaluating restraint     1  KVAL=  2000.000 RVAL=    -1.700
    Number of atom pairs=   2 Global Exponent=   2 Internal Exponent=   1 One sided mode= 0
      atom pair:  5685 HETA     223      C1       5695 HETA     223      C8         distance factor=      1.0000  Current distance=      1.545279
      atom pair:  5687 HETA     223      C3       5697 HETA     223      O4         distance factor=     -1.0000  Current distance=      3.247703
      Distance deviation=     -0.002424  Energy=       0.00587 Force=      -4.84743

 REDWRI:  Current number of restraints=   1

  
 CHARMM>       trajectory write
  
 CHARMM>       increase n by 1
 Parameter: N <- "5"
  
 CHARMM>       increase rc by 0.1
 Parameter: RC <- "-1.6"
  
 CHARMM>    if rc le 2.0 goto loop
 Comparing "-1.6" and "2.0".
 IF test evaluated as true.  Performing command
  
 CHARMM>       skip none
 SKIPE> The following energy terms will be computed :
  BOND ANGL UREY DIHE IMPR VDW  ELEC HBON USER HARM CDIH CIC  CDRO NOE  SBOU
  IMNB IMEL IMHB EWKS EWSE EXTE RXNF ST2  IMST TSM  QMEL QMVD ASP  EHAR GEO 
  MDIP PINT PRMS PANG SSBP BK4D SHEL RESD SHAP STRB OOPL PULL POLA DMC  RGY 
  EWEX EWQC EWUT PBEL PBNP MBDE STRS BNDB BNDT EBST MBST BBT  SST  GBEN HMCM
  ADUM HYDR GSBP FQPO GRVD GREL SASL CMAP ELRC OLAP UMBR RREP RPHO RHBN RBDO
  RBAC RARO PHEN MMPT VMOD CROS FCTP FCTN PATH PMF1 PMF2 PRIM VALB ECHD ECHA
  ECHT ECHR CPUC SMBP EEMA ERMD CSRE ECS  ERDC DEFE MSPT GRHB PCHA
  
 CHARMM>       resdistance reset
  RESDIST: Restrained distances restraints reset.
 RESDIST:  Current number of restraints=   0
  
 CHARMM>       resdistance kval 2000.0 rval @rc -
 CHARMM>       1.0 @atom1 @atom2 -1.0 @atom3 @atom4
 Parameter: RC -> "-1.6"
 Parameter: ATOM1 -> "HETA 223 C1"
 Parameter: ATOM2 -> "HETA 223 C8"
 Parameter: ATOM3 -> "HETA 223 C3"
 Parameter: ATOM4 -> "HETA 223 O4"
 REDSET: Adding restraint     1  KVAL=  2000.000 RVAL=    -1.600
     Number of atom pairs=   2 Global Exponent=   2 Internal Exponent=   1 One sided mode= 0
      atom pair:  5685 HETA     223      C1       5695 HETA     223      C8         distance factor=      1.0000
      atom pair:  5687 HETA     223      C3       5697 HETA     223      O4         distance factor=     -1.0000
 RESDIST:  Current number of restraints=   1
  
 CHARMM>       mini abnr nstep 2000 tolitr 2000 tolgrd 0.2 nprint 2000

 SELECTED IMAGES ATOMS BEING CENTERED ABOUT  0.000000  0.000000  0.000000

 <MKIMAT2>: updating the image atom lists and remapping
 Transformation   Atoms  Groups  Residues  Min-Distance
    1  N1N1N1R1 has       0       0       0        1.65
    2  N1Z0N1R1 has       0       0       0        0.89
    3  N1P1N1R1 has       0       0       0        2.98
    4  Z0N1N1R1 has       0       0       0        0.85
    5  Z0Z0N1R1 has       0       0       0        0.00
    6  Z0P1N1R1 has       0       0       0        0.12
    7  N1N1Z0R1 has       0       0       0        0.83
    8  N1Z0Z0R1 has       0       0       0        0.00
    9  N1P1Z0R1 has       0       0       0        1.61
   10  Z0N1Z0R1 has       0       0       0        0.00
   12  N1N1P1R1 has       0       0       0        1.50
   13  N1Z0P1R1 has       0       0       0        0.91
   14  N1P1P1R1 has       0       0       0        2.92
 Total of53479 atoms and17627 groups and16343 residues were included

 <MAKGRP> found      0 image group exclusions.

 NONBOND OPTION FLAGS: 
     ELEC     VDW      GROUps   CDIElec  SWITch   VGROup   VSWItch 
     BYGRoup  NOEXtnd  EWALd   
 CUTNB  = 14.000 CTEXNB =999.000 CTONNB = 12.000 CTOFNB = 13.000
 CGONNB =  0.000 CGOFNB = 10.000
 WMIN   =  0.500 WRNMXD =  0.500 E14FAC =  1.000 EPS    =  1.000
 NBXMOD =      5
 PME EWALD OPTIONS: KAPPA  =  0.340  QCOR =  0.000  Bspline order = 6
 FFTX=  90  FFTY=  90  FFTZ=  90
                Using Pub FFT
                Real-to-Complex FFT
 There are        0 atom  pairs and    78977 atom  exclusions.
 There are    49546 group pairs and     4702 group exclusions.
 Generating nonbond list with Exclusion mode = 5
 == PRIMARY == SPACE FOR 15367279 ATOM PAIRS AND  3080142 GROUP PAIRS

 General group nonbond list generation found:
    49892 GROUP PAIRS WERE FOUND FOR GROUP LIST
  3089410 GROUP PAIRS WERE BEYOND CUTOFFS
152225076 GROUP PAIRS WERE NOT SELECTED
 SPACE FOR        0 ATOM PAIRS AND  1676038 GROUP PAIRS

 Image group nonbond list generation found:
        0 GROUP PAIRS WERE FOUND FOR GROUP LIST
        0 GROUP PAIRS WERE BEYOND CUTOFFS
 GUPQME>    345 unique QM molecule-MM group interactions generated.
 GUPQME>      0 QM/MM group exclusions generated.
 GUPQMV>    345 group interactions generated for  17627 groups.


 ABNER> An energy minimization has been requested.

 EIGRNG =    0.0005000   MINDIM =            5
 NPRINT =         2000   NSTEP  =         2000
 PSTRCT =    0.0000000   SDSTP  =    0.0200000
 STPLIM =    1.0000000   STRICT =    0.1000000
 TOLFUN =    0.0000000   TOLGRD =    0.2000000
 TOLITR =         2000   TOLSTP =    0.0000000
 FMEM   =    0.0000000
MINI MIN: Cycle      ENERgy      Delta-E         GRMS    Step-size
MINI INTERN:          BONDs       ANGLes       UREY-b    DIHEdrals    IMPRopers
MINI CROSS:           CMAPs        PMF1D        PMF2D        PRIMO
MINI EXTERN:        VDWaals         ELEC       HBONds          ASP         USER
MINI EWALD:          EWKSum       EWSElf       EWEXcl       EWQCor       EWUTil
MINI CONSTR:       HARMonic    CDIHedral          CIC     RESDistance       NOE
MINI QUANTUM:        QMELec        QMVDw  
 ----------       ---------    ---------    ---------    ---------    ---------
MINI>        0 -35132.71443    -10.49062      9.25544      0.00000
MINI INTERN>       30.72758     86.84294      4.53315    284.26928      6.48099
MINI CROSS>       -17.18866      0.00000      0.00000      0.00000
MINI EXTERN>     -268.19594   -803.27551      0.00000      0.00000      0.00000
MINI EWALD>       2760.6828-1098967.0736 1062381.7796       0.0000       0.0000
MINI CONSTR>        0.00000      0.00000      0.00000     10.49062      0.00000
MINI QUANTM>     -619.70815    -23.07951
 ----------       ---------    ---------    ---------    ---------    ---------

 ABNER> Minimization exiting with gradient tolerance ( 0.2000000) satisfied.

ABNR MIN: Cycle      ENERgy      Delta-E         GRMS    Step-size
ABNR INTERN:          BONDs       ANGLes       UREY-b    DIHEdrals    IMPRopers
ABNR CROSS:           CMAPs        PMF1D        PMF2D        PRIMO
ABNR EXTERN:        VDWaals         ELEC       HBONds          ASP         USER
ABNR EWALD:          EWKSum       EWSElf       EWEXcl       EWQCor       EWUTil
ABNR CONSTR:       HARMonic    CDIHedral          CIC     RESDistance       NOE
ABNR QUANTUM:        QMELec        QMVDw  
 ----------       ---------    ---------    ---------    ---------    ---------
ABNR>       15 -35142.90396     10.18953      0.17656      0.00813
ABNR INTERN>       30.68952     86.89801      4.51847    284.35887      6.47927
ABNR CROSS>       -17.18358      0.00000      0.00000      0.00000
ABNR EXTERN>     -267.97793   -803.63176      0.00000      0.00000      0.00000
ABNR EWALD>       2760.7701-1098967.0736 1062381.7667       0.0000       0.0000
ABNR CONSTR>        0.00000      0.00000      0.00000      0.00583      0.00000
ABNR QUANTM>     -619.34501    -23.17882
 ----------       ---------    ---------    ---------    ---------    ---------
  
 CHARMM>       skip resd
 SKIPE> The following energy terms will be computed :
  BOND ANGL UREY DIHE IMPR VDW  ELEC HBON USER HARM CDIH CIC  CDRO NOE  SBOU
  IMNB IMEL IMHB EWKS EWSE EXTE RXNF ST2  IMST TSM  QMEL QMVD ASP  EHAR GEO 
  MDIP PINT PRMS PANG SSBP BK4D SHEL SHAP STRB OOPL PULL POLA DMC  RGY  EWEX
  EWQC EWUT PBEL PBNP MBDE STRS BNDB BNDT EBST MBST BBT  SST  GBEN HMCM ADUM
  HYDR GSBP FQPO GRVD GREL SASL CMAP ELRC OLAP UMBR RREP RPHO RHBN RBDO RBAC
  RARO PHEN MMPT VMOD CROS FCTP FCTN PATH PMF1 PMF2 PRIM VALB ECHD ECHA ECHT
  ECHR CPUC SMBP EEMA ERMD CSRE ECS  ERDC DEFE MSPT GRHB PCHA
  
 CHARMM>       energy

 SELECTED IMAGES ATOMS BEING CENTERED ABOUT  0.000000  0.000000  0.000000

 <MKIMAT2>: updating the image atom lists and remapping
 Transformation   Atoms  Groups  Residues  Min-Distance
    1  N1N1N1R1 has       0       0       0        1.65
    2  N1Z0N1R1 has       0       0       0        0.89
    3  N1P1N1R1 has       0       0       0        2.98
    4  Z0N1N1R1 has       0       0       0        0.85
    5  Z0Z0N1R1 has       0       0       0        0.00
    6  Z0P1N1R1 has       0       0       0        0.12
    7  N1N1Z0R1 has       0       0       0        0.83
    8  N1Z0Z0R1 has       0       0       0        0.00
    9  N1P1Z0R1 has       0       0       0        1.61
   10  Z0N1Z0R1 has       0       0       0        0.00
   12  N1N1P1R1 has       0       0       0        1.50
   13  N1Z0P1R1 has       0       0       0        0.91
   14  N1P1P1R1 has       0       0       0        2.92
 Total of53479 atoms and17627 groups and16343 residues were included

 <MAKGRP> found      0 image group exclusions.

 NONBOND OPTION FLAGS: 
     ELEC     VDW      GROUps   CDIElec  SWITch   VGROup   VSWItch 
     BYGRoup  NOEXtnd  EWALd   
 CUTNB  = 14.000 CTEXNB =999.000 CTONNB = 12.000 CTOFNB = 13.000
 CGONNB =  0.000 CGOFNB = 10.000
 WMIN   =  0.500 WRNMXD =  0.500 E14FAC =  1.000 EPS    =  1.000
 NBXMOD =      5
 PME EWALD OPTIONS: KAPPA  =  0.340  QCOR =  0.000  Bspline order = 6
 FFTX=  90  FFTY=  90  FFTZ=  90
                Using Pub FFT
                Real-to-Complex FFT
 There are        0 atom  pairs and    78977 atom  exclusions.
 There are    49546 group pairs and     4702 group exclusions.
 Generating nonbond list with Exclusion mode = 5
 == PRIMARY == SPACE FOR 15367279 ATOM PAIRS AND  3080142 GROUP PAIRS

 General group nonbond list generation found:
    49892 GROUP PAIRS WERE FOUND FOR GROUP LIST
  3089410 GROUP PAIRS WERE BEYOND CUTOFFS
152225076 GROUP PAIRS WERE NOT SELECTED
 SPACE FOR        0 ATOM PAIRS AND  1676038 GROUP PAIRS

 Image group nonbond list generation found:
        0 GROUP PAIRS WERE FOUND FOR GROUP LIST
        0 GROUP PAIRS WERE BEYOND CUTOFFS
 GUPQME>    345 unique QM molecule-MM group interactions generated.
 GUPQME>      0 QM/MM group exclusions generated.
 GUPQMV>    345 group interactions generated for  17627 groups.
ENER ENR:  Eval#     ENERgy      Delta-E         GRMS
ENER INTERN:          BONDs       ANGLes       UREY-b    DIHEdrals    IMPRopers
ENER CROSS:           CMAPs        PMF1D        PMF2D        PRIMO
ENER EXTERN:        VDWaals         ELEC       HBONds          ASP         USER
ENER EWALD:          EWKSum       EWSElf       EWEXcl       EWQCor       EWUTil
ENER QUANTUM:        QMELec        QMVDw  
 ----------       ---------    ---------    ---------    ---------    ---------
ENER>        0 -35142.90979      0.00583      0.24925
ENER INTERN>       30.68952     86.89801      4.51847    284.35887      6.47927
ENER CROSS>       -17.18358      0.00000      0.00000      0.00000
ENER EXTERN>     -267.97793   -803.63176      0.00000      0.00000      0.00000
ENER EWALD>       2760.7701-1098967.0736 1062381.7667       0.0000       0.0000
ENER QUANTM>     -619.34501    -23.17882
 ----------       ---------    ---------    ---------    ---------    ---------
  
 CHARMM>       print resdistance
REDWRI:  Number of distance restraints=   1  Overall scale factor=      1.0000

 REDWRI: Evaluating restraint     1  KVAL=  2000.000 RVAL=    -1.600
    Number of atom pairs=   2 Global Exponent=   2 Internal Exponent=   1 One sided mode= 0
      atom pair:  5685 HETA     223      C1       5695 HETA     223      C8         distance factor=      1.0000  Current distance=      1.544472
      atom pair:  5687 HETA     223      C3       5697 HETA     223      O4         distance factor=     -1.0000  Current distance=      3.146886
      Distance deviation=     -0.002414  Energy=       0.00583 Force=      -4.82791

 REDWRI:  Current number of restraints=   1

  
 CHARMM>       trajectory write
  
 CHARMM>       increase n by 1
 Parameter: N <- "6"
  
 CHARMM>       increase rc by 0.1
 Parameter: RC <- "-1.5"
  
 CHARMM>    if rc le 2.0 goto loop
 Comparing "-1.5" and "2.0".
 IF test evaluated as true.  Performing command
  
 CHARMM>       skip none
 SKIPE> The following energy terms will be computed :
  BOND ANGL UREY DIHE IMPR VDW  ELEC HBON USER HARM CDIH CIC  CDRO NOE  SBOU
  IMNB IMEL IMHB EWKS EWSE EXTE RXNF ST2  IMST TSM  QMEL QMVD ASP  EHAR GEO 
  MDIP PINT PRMS PANG SSBP BK4D SHEL RESD SHAP STRB OOPL PULL POLA DMC  RGY 
  EWEX EWQC EWUT PBEL PBNP MBDE STRS BNDB BNDT EBST MBST BBT  SST  GBEN HMCM
  ADUM HYDR GSBP FQPO GRVD GREL SASL CMAP ELRC OLAP UMBR RREP RPHO RHBN RBDO
  RBAC RARO PHEN MMPT VMOD CROS FCTP FCTN PATH PMF1 PMF2 PRIM VALB ECHD ECHA
  ECHT ECHR CPUC SMBP EEMA ERMD CSRE ECS  ERDC DEFE MSPT GRHB PCHA
  
 CHARMM>       resdistance reset
  RESDIST: Restrained distances restraints reset.
 RESDIST:  Current number of restraints=   0
  
 CHARMM>       resdistance kval 2000.0 rval @rc -
 CHARMM>       1.0 @atom1 @atom2 -1.0 @atom3 @atom4
 Parameter: RC -> "-1.5"
 Parameter: ATOM1 -> "HETA 223 C1"
 Parameter: ATOM2 -> "HETA 223 C8"
 Parameter: ATOM3 -> "HETA 223 C3"
 Parameter: ATOM4 -> "HETA 223 O4"
 REDSET: Adding restraint     1  KVAL=  2000.000 RVAL=    -1.500
     Number of atom pairs=   2 Global Exponent=   2 Internal Exponent=   1 One sided mode= 0
      atom pair:  5685 HETA     223      C1       5695 HETA     223      C8         distance factor=      1.0000
      atom pair:  5687 HETA     223      C3       5697 HETA     223      O4         distance factor=     -1.0000
 RESDIST:  Current number of restraints=   1
  
 CHARMM>       mini abnr nstep 2000 tolitr 2000 tolgrd 0.2 nprint 2000

 SELECTED IMAGES ATOMS BEING CENTERED ABOUT  0.000000  0.000000  0.000000

 <MKIMAT2>: updating the image atom lists and remapping
 Transformation   Atoms  Groups  Residues  Min-Distance
    1  N1N1N1R1 has       0       0       0        1.65
    2  N1Z0N1R1 has       0       0       0        0.89
    3  N1P1N1R1 has       0       0       0        2.98
    4  Z0N1N1R1 has       0       0       0        0.85
    5  Z0Z0N1R1 has       0       0       0        0.00
    6  Z0P1N1R1 has       0       0       0        0.12
    7  N1N1Z0R1 has       0       0       0        0.83
    8  N1Z0Z0R1 has       0       0       0        0.00
    9  N1P1Z0R1 has       0       0       0        1.61
   10  Z0N1Z0R1 has       0       0       0        0.00
   12  N1N1P1R1 has       0       0       0        1.50
   13  N1Z0P1R1 has       0       0       0        0.91
   14  N1P1P1R1 has       0       0       0        2.92
 Total of53479 atoms and17627 groups and16343 residues were included

 <MAKGRP> found      0 image group exclusions.

 NONBOND OPTION FLAGS: 
     ELEC     VDW      GROUps   CDIElec  SWITch   VGROup   VSWItch 
     BYGRoup  NOEXtnd  EWALd   
 CUTNB  = 14.000 CTEXNB =999.000 CTONNB = 12.000 CTOFNB = 13.000
 CGONNB =  0.000 CGOFNB = 10.000
 WMIN   =  0.500 WRNMXD =  0.500 E14FAC =  1.000 EPS    =  1.000
 NBXMOD =      5
 PME EWALD OPTIONS: KAPPA  =  0.340  QCOR =  0.000  Bspline order = 6
 FFTX=  90  FFTY=  90  FFTZ=  90
                Using Pub FFT
                Real-to-Complex FFT
 There are        0 atom  pairs and    78977 atom  exclusions.
 There are    49546 group pairs and     4702 group exclusions.
 Generating nonbond list with Exclusion mode = 5
 == PRIMARY == SPACE FOR 15367279 ATOM PAIRS AND  3080142 GROUP PAIRS

 General group nonbond list generation found:
    49892 GROUP PAIRS WERE FOUND FOR GROUP LIST
  3089410 GROUP PAIRS WERE BEYOND CUTOFFS
152225076 GROUP PAIRS WERE NOT SELECTED
 SPACE FOR        0 ATOM PAIRS AND  1676038 GROUP PAIRS

 Image group nonbond list generation found:
        0 GROUP PAIRS WERE FOUND FOR GROUP LIST
        0 GROUP PAIRS WERE BEYOND CUTOFFS
 GUPQME>    345 unique QM molecule-MM group interactions generated.
 GUPQME>      0 QM/MM group exclusions generated.
 GUPQMV>    345 group interactions generated for  17627 groups.


 ABNER> An energy minimization has been requested.

 EIGRNG =    0.0005000   MINDIM =            5
 NPRINT =         2000   NSTEP  =         2000
 PSTRCT =    0.0000000   SDSTP  =    0.0200000
 STPLIM =    1.0000000   STRICT =    0.1000000
 TOLFUN =    0.0000000   TOLGRD =    0.2000000
 TOLITR =         2000   TOLSTP =    0.0000000
 FMEM   =    0.0000000
MINI MIN: Cycle      ENERgy      Delta-E         GRMS    Step-size
MINI INTERN:          BONDs       ANGLes       UREY-b    DIHEdrals    IMPRopers
MINI CROSS:           CMAPs        PMF1D        PMF2D        PRIMO
MINI EXTERN:        VDWaals         ELEC       HBONds          ASP         USER
MINI EWALD:          EWKSum       EWSElf       EWEXcl       EWQCor       EWUTil
MINI CONSTR:       HARMonic    CDIHedral          CIC     RESDistance       NOE
MINI QUANTUM:        QMELec        QMVDw  
 ----------       ---------    ---------    ---------    ---------    ---------
MINI>        0 -35132.42117    -10.48862      9.28883      0.00000
MINI INTERN>       30.68952     86.89801      4.51847    284.35887      6.47927
MINI CROSS>       -17.18358      0.00000      0.00000      0.00000
MINI EXTERN>     -267.97793   -803.63176      0.00000      0.00000      0.00000
MINI EWALD>       2760.7701-1098967.0736 1062381.7667       0.0000       0.0000
MINI CONSTR>        0.00000      0.00000      0.00000     10.48862      0.00000
MINI QUANTM>     -619.34501    -23.17882
 ----------       ---------    ---------    ---------    ---------    ---------
 UPDECI: Image update at step        25

 <MKIMAT2>: updating the image atom lists and remapping
 Transformation   Atoms  Groups  Residues  Min-Distance
    1  N1N1N1R1 has       0       0       0        1.65
    2  N1Z0N1R1 has       0       0       0        0.89
    3  N1P1N1R1 has       0       0       0        2.98
    4  Z0N1N1R1 has       0       0       0        0.85
    5  Z0Z0N1R1 has       0       0       0        0.00
    6  Z0P1N1R1 has       0       0       0        0.12
    7  N1N1Z0R1 has       0       0       0        0.83
    8  N1Z0Z0R1 has       0       0       0        0.00
    9  N1P1Z0R1 has       0       0       0        1.61
   10  Z0N1Z0R1 has       0       0       0        0.00
   12  N1N1P1R1 has       0       0       0        1.50
   13  N1Z0P1R1 has       0       0       0        0.91
   14  N1P1P1R1 has       0       0       0        2.92
 Total of53479 atoms and17627 groups and16343 residues were included

 <MAKGRP> found      0 image group exclusions.
 UPDECI: Nonbond update at step        25
 Generating nonbond list with Exclusion mode = 5
 == PRIMARY == SPACE FOR 15367279 ATOM PAIRS AND  3080142 GROUP PAIRS

 General group nonbond list generation found:
    49890 GROUP PAIRS WERE FOUND FOR GROUP LIST
  3089412 GROUP PAIRS WERE BEYOND CUTOFFS
152225076 GROUP PAIRS WERE NOT SELECTED
 SPACE FOR        0 ATOM PAIRS AND  1676038 GROUP PAIRS

 Image group nonbond list generation found:
        0 GROUP PAIRS WERE FOUND FOR GROUP LIST
        0 GROUP PAIRS WERE BEYOND CUTOFFS
 GUPQME>    344 unique QM molecule-MM group interactions generated.
 GUPQME>      0 QM/MM group exclusions generated.
 GUPQMV>    344 group interactions generated for  17627 groups.

 ABNER> Minimization exiting with gradient tolerance ( 0.2000000) satisfied.

ABNR MIN: Cycle      ENERgy      Delta-E         GRMS    Step-size
ABNR INTERN:          BONDs       ANGLes       UREY-b    DIHEdrals    IMPRopers
ABNR CROSS:           CMAPs        PMF1D        PMF2D        PRIMO
ABNR EXTERN:        VDWaals         ELEC       HBONds          ASP         USER
ABNR EWALD:          EWKSum       EWSElf       EWEXcl       EWQCor       EWUTil
ABNR CONSTR:       HARMonic    CDIHedral          CIC     RESDistance       NOE
ABNR QUANTUM:        QMELec        QMVDw  
 ----------       ---------    ---------    ---------    ---------    ---------
ABNR>       28 -35143.54223     11.12106      0.19313      0.00574
ABNR INTERN>       30.85245     86.98110      4.54624    284.38620      6.52025
ABNR CROSS>       -17.14352      0.00000      0.00000      0.00000
ABNR EXTERN>     -266.40475   -806.52506      0.00000      0.00000      0.00000
ABNR EWALD>       2761.0363-1098967.0736 1062381.7222       0.0000       0.0000
ABNR CONSTR>        0.00000      0.00000      0.00000      0.00516      0.00000
ABNR QUANTM>     -619.19758    -23.24763
 ----------       ---------    ---------    ---------    ---------    ---------
  
 CHARMM>       skip resd
 SKIPE> The following energy terms will be computed :
  BOND ANGL UREY DIHE IMPR VDW  ELEC HBON USER HARM CDIH CIC  CDRO NOE  SBOU
  IMNB IMEL IMHB EWKS EWSE EXTE RXNF ST2  IMST TSM  QMEL QMVD ASP  EHAR GEO 
  MDIP PINT PRMS PANG SSBP BK4D SHEL SHAP STRB OOPL PULL POLA DMC  RGY  EWEX
  EWQC EWUT PBEL PBNP MBDE STRS BNDB BNDT EBST MBST BBT  SST  GBEN HMCM ADUM
  HYDR GSBP FQPO GRVD GREL SASL CMAP ELRC OLAP UMBR RREP RPHO RHBN RBDO RBAC
  RARO PHEN MMPT VMOD CROS FCTP FCTN PATH PMF1 PMF2 PRIM VALB ECHD ECHA ECHT
  ECHR CPUC SMBP EEMA ERMD CSRE ECS  ERDC DEFE MSPT GRHB PCHA
  
 CHARMM>       energy

 SELECTED IMAGES ATOMS BEING CENTERED ABOUT  0.000000  0.000000  0.000000

 <MKIMAT2>: updating the image atom lists and remapping
 Transformation   Atoms  Groups  Residues  Min-Distance
    1  N1N1N1R1 has       0       0       0        1.65
    2  N1Z0N1R1 has       0       0       0        0.89
    3  N1P1N1R1 has       0       0       0        2.98
    4  Z0N1N1R1 has       0       0       0        0.85
    5  Z0Z0N1R1 has       0       0       0        0.00
    6  Z0P1N1R1 has       0       0       0        0.12
    7  N1N1Z0R1 has       0       0       0        0.83
    8  N1Z0Z0R1 has       0       0       0        0.00
    9  N1P1Z0R1 has       0       0       0        1.61
   10  Z0N1Z0R1 has       0       0       0        0.00
   12  N1N1P1R1 has       0       0       0        1.50
   13  N1Z0P1R1 has       0       0       0        0.91
   14  N1P1P1R1 has       0       0       0        2.92
 Total of53479 atoms and17627 groups and16343 residues were included

 <MAKGRP> found      0 image group exclusions.

 NONBOND OPTION FLAGS: 
     ELEC     VDW      GROUps   CDIElec  SWITch   VGROup   VSWItch 
     BYGRoup  NOEXtnd  EWALd   
 CUTNB  = 14.000 CTEXNB =999.000 CTONNB = 12.000 CTOFNB = 13.000
 CGONNB =  0.000 CGOFNB = 10.000
 WMIN   =  0.500 WRNMXD =  0.500 E14FAC =  1.000 EPS    =  1.000
 NBXMOD =      5
 PME EWALD OPTIONS: KAPPA  =  0.340  QCOR =  0.000  Bspline order = 6
 FFTX=  90  FFTY=  90  FFTZ=  90
                Using Pub FFT
                Real-to-Complex FFT
 There are        0 atom  pairs and    78977 atom  exclusions.
 There are    49545 group pairs and     4702 group exclusions.
 Generating nonbond list with Exclusion mode = 5
 == PRIMARY == SPACE FOR 15367279 ATOM PAIRS AND  3080142 GROUP PAIRS

 General group nonbond list generation found:
    49889 GROUP PAIRS WERE FOUND FOR GROUP LIST
  3089413 GROUP PAIRS WERE BEYOND CUTOFFS
152225076 GROUP PAIRS WERE NOT SELECTED
 SPACE FOR        0 ATOM PAIRS AND  1676038 GROUP PAIRS

 Image group nonbond list generation found:
        0 GROUP PAIRS WERE FOUND FOR GROUP LIST
        0 GROUP PAIRS WERE BEYOND CUTOFFS
 GUPQME>    344 unique QM molecule-MM group interactions generated.
 GUPQME>      0 QM/MM group exclusions generated.
 GUPQMV>    344 group interactions generated for  17627 groups.
ENER ENR:  Eval#     ENERgy      Delta-E         GRMS
ENER INTERN:          BONDs       ANGLes       UREY-b    DIHEdrals    IMPRopers
ENER CROSS:           CMAPs        PMF1D        PMF2D        PRIMO
ENER EXTERN:        VDWaals         ELEC       HBONds          ASP         USER
ENER EWALD:          EWKSum       EWSElf       EWEXcl       EWQCor       EWUTil
ENER QUANTUM:        QMELec        QMVDw  
 ----------       ---------    ---------    ---------    ---------    ---------
ENER>        0 -35143.54740      0.00516      0.36103
ENER INTERN>       30.85245     86.98110      4.54624    284.38620      6.52025
ENER CROSS>       -17.14352      0.00000      0.00000      0.00000
ENER EXTERN>     -266.40475   -806.52506      0.00000      0.00000      0.00000
ENER EWALD>       2761.0363-1098967.0736 1062381.7222       0.0000       0.0000
ENER QUANTM>     -619.19758    -23.24763
 ----------       ---------    ---------    ---------    ---------    ---------
  
 CHARMM>       print resdistance
REDWRI:  Number of distance restraints=   1  Overall scale factor=      1.0000

 REDWRI: Evaluating restraint     1  KVAL=  2000.000 RVAL=    -1.500
    Number of atom pairs=   2 Global Exponent=   2 Internal Exponent=   1 One sided mode= 0
      atom pair:  5685 HETA     223      C1       5695 HETA     223      C8         distance factor=      1.0000  Current distance=      1.549864
      atom pair:  5687 HETA     223      C3       5697 HETA     223      O4         distance factor=     -1.0000  Current distance=      3.052136
      Distance deviation=     -0.002273  Energy=       0.00516 Force=      -4.54507

 REDWRI:  Current number of restraints=   1

  
 CHARMM>       trajectory write
  
 CHARMM>       increase n by 1
 Parameter: N <- "7"
  
 CHARMM>       increase rc by 0.1
 Parameter: RC <- "-1.4"
  
 CHARMM>    if rc le 2.0 goto loop
 Comparing "-1.4" and "2.0".
 IF test evaluated as true.  Performing command
  
 CHARMM>       skip none
 SKIPE> The following energy terms will be computed :
  BOND ANGL UREY DIHE IMPR VDW  ELEC HBON USER HARM CDIH CIC  CDRO NOE  SBOU
  IMNB IMEL IMHB EWKS EWSE EXTE RXNF ST2  IMST TSM  QMEL QMVD ASP  EHAR GEO 
  MDIP PINT PRMS PANG SSBP BK4D SHEL RESD SHAP STRB OOPL PULL POLA DMC  RGY 
  EWEX EWQC EWUT PBEL PBNP MBDE STRS BNDB BNDT EBST MBST BBT  SST  GBEN HMCM
  ADUM HYDR GSBP FQPO GRVD GREL SASL CMAP ELRC OLAP UMBR RREP RPHO RHBN RBDO
  RBAC RARO PHEN MMPT VMOD CROS FCTP FCTN PATH PMF1 PMF2 PRIM VALB ECHD ECHA
  ECHT ECHR CPUC SMBP EEMA ERMD CSRE ECS  ERDC DEFE MSPT GRHB PCHA
  
 CHARMM>       resdistance reset
  RESDIST: Restrained distances restraints reset.
 RESDIST:  Current number of restraints=   0
  
 CHARMM>       resdistance kval 2000.0 rval @rc -
 CHARMM>       1.0 @atom1 @atom2 -1.0 @atom3 @atom4
 Parameter: RC -> "-1.4"
 Parameter: ATOM1 -> "HETA 223 C1"
 Parameter: ATOM2 -> "HETA 223 C8"
 Parameter: ATOM3 -> "HETA 223 C3"
 Parameter: ATOM4 -> "HETA 223 O4"
 REDSET: Adding restraint     1  KVAL=  2000.000 RVAL=    -1.400
     Number of atom pairs=   2 Global Exponent=   2 Internal Exponent=   1 One sided mode= 0
      atom pair:  5685 HETA     223      C1       5695 HETA     223      C8         distance factor=      1.0000
      atom pair:  5687 HETA     223      C3       5697 HETA     223      O4         distance factor=     -1.0000
 RESDIST:  Current number of restraints=   1
  
 CHARMM>       mini abnr nstep 2000 tolitr 2000 tolgrd 0.2 nprint 2000

 SELECTED IMAGES ATOMS BEING CENTERED ABOUT  0.000000  0.000000  0.000000

 <MKIMAT2>: updating the image atom lists and remapping
 Transformation   Atoms  Groups  Residues  Min-Distance
    1  N1N1N1R1 has       0       0       0        1.65
    2  N1Z0N1R1 has       0       0       0        0.89
    3  N1P1N1R1 has       0       0       0        2.98
    4  Z0N1N1R1 has       0       0       0        0.85
    5  Z0Z0N1R1 has       0       0       0        0.00
    6  Z0P1N1R1 has       0       0       0        0.12
    7  N1N1Z0R1 has       0       0       0        0.83
    8  N1Z0Z0R1 has       0       0       0        0.00
    9  N1P1Z0R1 has       0       0       0        1.61
   10  Z0N1Z0R1 has       0       0       0        0.00
   12  N1N1P1R1 has       0       0       0        1.50
   13  N1Z0P1R1 has       0       0       0        0.91
   14  N1P1P1R1 has       0       0       0        2.92
 Total of53479 atoms and17627 groups and16343 residues were included

 <MAKGRP> found      0 image group exclusions.

 NONBOND OPTION FLAGS: 
     ELEC     VDW      GROUps   CDIElec  SWITch   VGROup   VSWItch 
     BYGRoup  NOEXtnd  EWALd   
 CUTNB  = 14.000 CTEXNB =999.000 CTONNB = 12.000 CTOFNB = 13.000
 CGONNB =  0.000 CGOFNB = 10.000
 WMIN   =  0.500 WRNMXD =  0.500 E14FAC =  1.000 EPS    =  1.000
 NBXMOD =      5
 PME EWALD OPTIONS: KAPPA  =  0.340  QCOR =  0.000  Bspline order = 6
 FFTX=  90  FFTY=  90  FFTZ=  90
                Using Pub FFT
                Real-to-Complex FFT
 There are        0 atom  pairs and    78977 atom  exclusions.
 There are    49544 group pairs and     4702 group exclusions.
 Generating nonbond list with Exclusion mode = 5
 == PRIMARY == SPACE FOR 15367279 ATOM PAIRS AND  3080142 GROUP PAIRS

 General group nonbond list generation found:
    49889 GROUP PAIRS WERE FOUND FOR GROUP LIST
  3089413 GROUP PAIRS WERE BEYOND CUTOFFS
152225076 GROUP PAIRS WERE NOT SELECTED
 SPACE FOR        0 ATOM PAIRS AND  1676038 GROUP PAIRS

 Image group nonbond list generation found:
        0 GROUP PAIRS WERE FOUND FOR GROUP LIST
        0 GROUP PAIRS WERE BEYOND CUTOFFS
 GUPQME>    344 unique QM molecule-MM group interactions generated.
 GUPQME>      0 QM/MM group exclusions generated.
 GUPQMV>    344 group interactions generated for  17627 groups.


 ABNER> An energy minimization has been requested.

 EIGRNG =    0.0005000   MINDIM =            5
 NPRINT =         2000   NSTEP  =         2000
 PSTRCT =    0.0000000   SDSTP  =    0.0200000
 STPLIM =    1.0000000   STRICT =    0.1000000
 TOLFUN =    0.0000000   TOLGRD =    0.2000000
 TOLITR =         2000   TOLSTP =    0.0000000
 FMEM   =    0.0000000
MINI MIN: Cycle      ENERgy      Delta-E         GRMS    Step-size
MINI INTERN:          BONDs       ANGLes       UREY-b    DIHEdrals    IMPRopers
MINI CROSS:           CMAPs        PMF1D        PMF2D        PRIMO
MINI EXTERN:        VDWaals         ELEC       HBONds          ASP         USER
MINI EWALD:          EWKSum       EWSElf       EWEXcl       EWQCor       EWUTil
MINI CONSTR:       HARMonic    CDIHedral          CIC     RESDistance       NOE
MINI QUANTUM:        QMELec        QMVDw  
 ----------       ---------    ---------    ---------    ---------    ---------
MINI>        0 -35133.08773    -10.45967      9.12993      0.00000
MINI INTERN>       30.85245     86.98110      4.54624    284.38620      6.52025
MINI CROSS>       -17.14352      0.00000      0.00000      0.00000
MINI EXTERN>     -266.40475   -806.52506      0.00000      0.00000      0.00000
MINI EWALD>       2761.0363-1098967.0736 1062381.7222       0.0000       0.0000
MINI CONSTR>        0.00000      0.00000      0.00000     10.45967      0.00000
MINI QUANTM>     -619.19758    -23.24763
 ----------       ---------    ---------    ---------    ---------    ---------

 ABNER> Minimization exiting with gradient tolerance ( 0.2000000) satisfied.

ABNR MIN: Cycle      ENERgy      Delta-E         GRMS    Step-size
ABNR INTERN:          BONDs       ANGLes       UREY-b    DIHEdrals    IMPRopers
ABNR CROSS:           CMAPs        PMF1D        PMF2D        PRIMO
ABNR EXTERN:        VDWaals         ELEC       HBONds          ASP         USER
ABNR EWALD:          EWKSum       EWSElf       EWEXcl       EWQCor       EWUTil
ABNR CONSTR:       HARMonic    CDIHedral          CIC     RESDistance       NOE
ABNR QUANTUM:        QMELec        QMVDw  
 ----------       ---------    ---------    ---------    ---------    ---------
ABNR>       20 -35143.08729      9.99956      0.16737      0.00569
ABNR INTERN>       30.84747     87.08575      4.54691    284.75211      6.57483
ABNR CROSS>       -17.13714      0.00000      0.00000      0.00000
ABNR EXTERN>     -266.31051   -807.11425      0.00000      0.00000      0.00000
ABNR EWALD>       2761.4075-1098967.0736 1062381.6783       0.0000       0.0000
ABNR CONSTR>        0.00000      0.00000      0.00000      0.00922      0.00000
ABNR QUANTM>     -618.83778    -23.51607
 ----------       ---------    ---------    ---------    ---------    ---------
  
 CHARMM>       skip resd
 SKIPE> The following energy terms will be computed :
  BOND ANGL UREY DIHE IMPR VDW  ELEC HBON USER HARM CDIH CIC  CDRO NOE  SBOU
  IMNB IMEL IMHB EWKS EWSE EXTE RXNF ST2  IMST TSM  QMEL QMVD ASP  EHAR GEO 
  MDIP PINT PRMS PANG SSBP BK4D SHEL SHAP STRB OOPL PULL POLA DMC  RGY  EWEX
  EWQC EWUT PBEL PBNP MBDE STRS BNDB BNDT EBST MBST BBT  SST  GBEN HMCM ADUM
  HYDR GSBP FQPO GRVD GREL SASL CMAP ELRC OLAP UMBR RREP RPHO RHBN RBDO RBAC
  RARO PHEN MMPT VMOD CROS FCTP FCTN PATH PMF1 PMF2 PRIM VALB ECHD ECHA ECHT
  ECHR CPUC SMBP EEMA ERMD CSRE ECS  ERDC DEFE MSPT GRHB PCHA
  
 CHARMM>       energy

 SELECTED IMAGES ATOMS BEING CENTERED ABOUT  0.000000  0.000000  0.000000

 <MKIMAT2>: updating the image atom lists and remapping
 Transformation   Atoms  Groups  Residues  Min-Distance
    1  N1N1N1R1 has       0       0       0        1.65
    2  N1Z0N1R1 has       0       0       0        0.89
    3  N1P1N1R1 has       0       0       0        2.98
    4  Z0N1N1R1 has       0       0       0        0.85
    5  Z0Z0N1R1 has       0       0       0        0.00
    6  Z0P1N1R1 has       0       0       0        0.12
    7  N1N1Z0R1 has       0       0       0        0.83
    8  N1Z0Z0R1 has       0       0       0        0.00
    9  N1P1Z0R1 has       0       0       0        1.61
   10  Z0N1Z0R1 has       0       0       0        0.00
   12  N1N1P1R1 has       0       0       0        1.50
   13  N1Z0P1R1 has       0       0       0        0.91
   14  N1P1P1R1 has       0       0       0        2.92
 Total of53479 atoms and17627 groups and16343 residues were included

 <MAKGRP> found      0 image group exclusions.

 NONBOND OPTION FLAGS: 
     ELEC     VDW      GROUps   CDIElec  SWITch   VGROup   VSWItch 
     BYGRoup  NOEXtnd  EWALd   
 CUTNB  = 14.000 CTEXNB =999.000 CTONNB = 12.000 CTOFNB = 13.000
 CGONNB =  0.000 CGOFNB = 10.000
 WMIN   =  0.500 WRNMXD =  0.500 E14FAC =  1.000 EPS    =  1.000
 NBXMOD =      5
 PME EWALD OPTIONS: KAPPA  =  0.340  QCOR =  0.000  Bspline order = 6
 FFTX=  90  FFTY=  90  FFTZ=  90
                Using Pub FFT
                Real-to-Complex FFT
 There are        0 atom  pairs and    78977 atom  exclusions.
 There are    49544 group pairs and     4702 group exclusions.
 Generating nonbond list with Exclusion mode = 5
 == PRIMARY == SPACE FOR 15367279 ATOM PAIRS AND  3080142 GROUP PAIRS

 General group nonbond list generation found:
    49885 GROUP PAIRS WERE FOUND FOR GROUP LIST
  3089417 GROUP PAIRS WERE BEYOND CUTOFFS
152225076 GROUP PAIRS WERE NOT SELECTED
 SPACE FOR        0 ATOM PAIRS AND  1676038 GROUP PAIRS

 Image group nonbond list generation found:
        0 GROUP PAIRS WERE FOUND FOR GROUP LIST
        0 GROUP PAIRS WERE BEYOND CUTOFFS
 GUPQME>    344 unique QM molecule-MM group interactions generated.
 GUPQME>      0 QM/MM group exclusions generated.
 GUPQMV>    344 group interactions generated for  17627 groups.
ENER ENR:  Eval#     ENERgy      Delta-E         GRMS
ENER INTERN:          BONDs       ANGLes       UREY-b    DIHEdrals    IMPRopers
ENER CROSS:           CMAPs        PMF1D        PMF2D        PRIMO
ENER EXTERN:        VDWaals         ELEC       HBONds          ASP         USER
ENER EWALD:          EWKSum       EWSElf       EWEXcl       EWQCor       EWUTil
ENER QUANTUM:        QMELec        QMVDw  
 ----------       ---------    ---------    ---------    ---------    ---------
ENER>        0 -35143.09651      0.00922      0.37660
ENER INTERN>       30.84747     87.08575      4.54691    284.75211      6.57483
ENER CROSS>       -17.13714      0.00000      0.00000      0.00000
ENER EXTERN>     -266.31051   -807.11425      0.00000      0.00000      0.00000
ENER EWALD>       2761.4075-1098967.0736 1062381.6783       0.0000       0.0000
ENER QUANTM>     -618.83778    -23.51607
 ----------       ---------    ---------    ---------    ---------    ---------
  
 CHARMM>       print resdistance
REDWRI:  Number of distance restraints=   1  Overall scale factor=      1.0000

 REDWRI: Evaluating restraint     1  KVAL=  2000.000 RVAL=    -1.400
    Number of atom pairs=   2 Global Exponent=   2 Internal Exponent=   1 One sided mode= 0
      atom pair:  5685 HETA     223      C1       5695 HETA     223      C8         distance factor=      1.0000  Current distance=      1.553510
      atom pair:  5687 HETA     223      C3       5697 HETA     223      O4         distance factor=     -1.0000  Current distance=      2.956547
      Distance deviation=     -0.003037  Energy=       0.00922 Force=      -6.07376

 REDWRI:  Current number of restraints=   1

  
 CHARMM>       trajectory write
  
 CHARMM>       increase n by 1
 Parameter: N <- "8"
  
 CHARMM>       increase rc by 0.1
 Parameter: RC <- "-1.3"
  
 CHARMM>    if rc le 2.0 goto loop
 Comparing "-1.3" and "2.0".
 IF test evaluated as true.  Performing command
  
 CHARMM>       skip none
 SKIPE> The following energy terms will be computed :
  BOND ANGL UREY DIHE IMPR VDW  ELEC HBON USER HARM CDIH CIC  CDRO NOE  SBOU
  IMNB IMEL IMHB EWKS EWSE EXTE RXNF ST2  IMST TSM  QMEL QMVD ASP  EHAR GEO 
  MDIP PINT PRMS PANG SSBP BK4D SHEL RESD SHAP STRB OOPL PULL POLA DMC  RGY 
  EWEX EWQC EWUT PBEL PBNP MBDE STRS BNDB BNDT EBST MBST BBT  SST  GBEN HMCM
  ADUM HYDR GSBP FQPO GRVD GREL SASL CMAP ELRC OLAP UMBR RREP RPHO RHBN RBDO
  RBAC RARO PHEN MMPT VMOD CROS FCTP FCTN PATH PMF1 PMF2 PRIM VALB ECHD ECHA
  ECHT ECHR CPUC SMBP EEMA ERMD CSRE ECS  ERDC DEFE MSPT GRHB PCHA
  
 CHARMM>       resdistance reset
  RESDIST: Restrained distances restraints reset.
 RESDIST:  Current number of restraints=   0
  
 CHARMM>       resdistance kval 2000.0 rval @rc -
 CHARMM>       1.0 @atom1 @atom2 -1.0 @atom3 @atom4
 Parameter: RC -> "-1.3"
 Parameter: ATOM1 -> "HETA 223 C1"
 Parameter: ATOM2 -> "HETA 223 C8"
 Parameter: ATOM3 -> "HETA 223 C3"
 Parameter: ATOM4 -> "HETA 223 O4"
 REDSET: Adding restraint     1  KVAL=  2000.000 RVAL=    -1.300
     Number of atom pairs=   2 Global Exponent=   2 Internal Exponent=   1 One sided mode= 0
      atom pair:  5685 HETA     223      C1       5695 HETA     223      C8         distance factor=      1.0000
      atom pair:  5687 HETA     223      C3       5697 HETA     223      O4         distance factor=     -1.0000
 RESDIST:  Current number of restraints=   1
  
 CHARMM>       mini abnr nstep 2000 tolitr 2000 tolgrd 0.2 nprint 2000

 SELECTED IMAGES ATOMS BEING CENTERED ABOUT  0.000000  0.000000  0.000000

 <MKIMAT2>: updating the image atom lists and remapping
 Transformation   Atoms  Groups  Residues  Min-Distance
    1  N1N1N1R1 has       0       0       0        1.65
    2  N1Z0N1R1 has       0       0       0        0.89
    3  N1P1N1R1 has       0       0       0        2.98
    4  Z0N1N1R1 has       0       0       0        0.85
    5  Z0Z0N1R1 has       0       0       0        0.00
    6  Z0P1N1R1 has       0       0       0        0.12
    7  N1N1Z0R1 has       0       0       0        0.83
    8  N1Z0Z0R1 has       0       0       0        0.00
    9  N1P1Z0R1 has       0       0       0        1.61
   10  Z0N1Z0R1 has       0       0       0        0.00
   12  N1N1P1R1 has       0       0       0        1.50
   13  N1Z0P1R1 has       0       0       0        0.91
   14  N1P1P1R1 has       0       0       0        2.92
 Total of53479 atoms and17627 groups and16343 residues were included

 <MAKGRP> found      0 image group exclusions.

 NONBOND OPTION FLAGS: 
     ELEC     VDW      GROUps   CDIElec  SWITch   VGROup   VSWItch 
     BYGRoup  NOEXtnd  EWALd   
 CUTNB  = 14.000 CTEXNB =999.000 CTONNB = 12.000 CTOFNB = 13.000
 CGONNB =  0.000 CGOFNB = 10.000
 WMIN   =  0.500 WRNMXD =  0.500 E14FAC =  1.000 EPS    =  1.000
 NBXMOD =      5
 PME EWALD OPTIONS: KAPPA  =  0.340  QCOR =  0.000  Bspline order = 6
 FFTX=  90  FFTY=  90  FFTZ=  90
                Using Pub FFT
                Real-to-Complex FFT
 There are        0 atom  pairs and    78977 atom  exclusions.
 There are    49540 group pairs and     4702 group exclusions.
 Generating nonbond list with Exclusion mode = 5
 == PRIMARY == SPACE FOR 15367279 ATOM PAIRS AND  3080142 GROUP PAIRS

 General group nonbond list generation found:
    49885 GROUP PAIRS WERE FOUND FOR GROUP LIST
  3089417 GROUP PAIRS WERE BEYOND CUTOFFS
152225076 GROUP PAIRS WERE NOT SELECTED
 SPACE FOR        0 ATOM PAIRS AND  1676038 GROUP PAIRS

 Image group nonbond list generation found:
        0 GROUP PAIRS WERE FOUND FOR GROUP LIST
        0 GROUP PAIRS WERE BEYOND CUTOFFS
 GUPQME>    344 unique QM molecule-MM group interactions generated.
 GUPQME>      0 QM/MM group exclusions generated.
 GUPQMV>    344 group interactions generated for  17627 groups.


 ABNER> An energy minimization has been requested.

 EIGRNG =    0.0005000   MINDIM =            5
 NPRINT =         2000   NSTEP  =         2000
 PSTRCT =    0.0000000   SDSTP  =    0.0200000
 STPLIM =    1.0000000   STRICT =    0.1000000
 TOLFUN =    0.0000000   TOLGRD =    0.2000000
 TOLITR =         2000   TOLSTP =    0.0000000
 FMEM   =    0.0000000
MINI MIN: Cycle      ENERgy      Delta-E         GRMS    Step-size
MINI INTERN:          BONDs       ANGLes       UREY-b    DIHEdrals    IMPRopers
MINI CROSS:           CMAPs        PMF1D        PMF2D        PRIMO
MINI EXTERN:        VDWaals         ELEC       HBONds          ASP         USER
MINI EWALD:          EWKSum       EWSElf       EWEXcl       EWQCor       EWUTil
MINI CONSTR:       HARMonic    CDIHedral          CIC     RESDistance       NOE
MINI QUANTUM:        QMELec        QMVDw  
 ----------       ---------    ---------    ---------    ---------    ---------
MINI>        0 -35132.47991    -10.61660      9.18400      0.00000
MINI INTERN>       30.84747     87.08575      4.54691    284.75211      6.57483
MINI CROSS>       -17.13714      0.00000      0.00000      0.00000
MINI EXTERN>     -266.31051   -807.11425      0.00000      0.00000      0.00000
MINI EWALD>       2761.4075-1098967.0736 1062381.6783       0.0000       0.0000
MINI CONSTR>        0.00000      0.00000      0.00000     10.61660      0.00000
MINI QUANTM>     -618.83778    -23.51607
 ----------       ---------    ---------    ---------    ---------    ---------

 ABNER> Minimization exiting with gradient tolerance ( 0.2000000) satisfied.

ABNR MIN: Cycle      ENERgy      Delta-E         GRMS    Step-size
ABNR INTERN:          BONDs       ANGLes       UREY-b    DIHEdrals    IMPRopers
ABNR CROSS:           CMAPs        PMF1D        PMF2D        PRIMO
ABNR EXTERN:        VDWaals         ELEC       HBONds          ASP         USER
ABNR EWALD:          EWKSum       EWSElf       EWEXcl       EWQCor       EWUTil
ABNR CONSTR:       HARMonic    CDIHedral          CIC     RESDistance       NOE
ABNR QUANTUM:        QMELec        QMVDw  
 ----------       ---------    ---------    ---------    ---------    ---------
ABNR>       19 -35142.68801     10.20810      0.17178      0.00791
ABNR INTERN>       30.89003     87.00850      4.56422    284.58277      6.54367
ABNR CROSS>       -17.13292      0.00000      0.00000      0.00000
ABNR EXTERN>     -266.01480   -807.89903      0.00000      0.00000      0.00000
ABNR EWALD>       2761.2028-1098967.0736 1062381.7086       0.0000       0.0000
ABNR CONSTR>        0.00000      0.00000      0.00000      0.02632      0.00000
ABNR QUANTM>     -617.84778    -23.24683
 ----------       ---------    ---------    ---------    ---------    ---------
  
 CHARMM>       skip resd
 SKIPE> The following energy terms will be computed :
  BOND ANGL UREY DIHE IMPR VDW  ELEC HBON USER HARM CDIH CIC  CDRO NOE  SBOU
  IMNB IMEL IMHB EWKS EWSE EXTE RXNF ST2  IMST TSM  QMEL QMVD ASP  EHAR GEO 
  MDIP PINT PRMS PANG SSBP BK4D SHEL SHAP STRB OOPL PULL POLA DMC  RGY  EWEX
  EWQC EWUT PBEL PBNP MBDE STRS BNDB BNDT EBST MBST BBT  SST  GBEN HMCM ADUM
  HYDR GSBP FQPO GRVD GREL SASL CMAP ELRC OLAP UMBR RREP RPHO RHBN RBDO RBAC
  RARO PHEN MMPT VMOD CROS FCTP FCTN PATH PMF1 PMF2 PRIM VALB ECHD ECHA ECHT
  ECHR CPUC SMBP EEMA ERMD CSRE ECS  ERDC DEFE MSPT GRHB PCHA
  
 CHARMM>       energy

 SELECTED IMAGES ATOMS BEING CENTERED ABOUT  0.000000  0.000000  0.000000

 <MKIMAT2>: updating the image atom lists and remapping
 Transformation   Atoms  Groups  Residues  Min-Distance
    1  N1N1N1R1 has       0       0       0        1.65
    2  N1Z0N1R1 has       0       0       0        0.89
    3  N1P1N1R1 has       0       0       0        2.98
    4  Z0N1N1R1 has       0       0       0        0.85
    5  Z0Z0N1R1 has       0       0       0        0.00
    6  Z0P1N1R1 has       0       0       0        0.12
    7  N1N1Z0R1 has       0       0       0        0.83
    8  N1Z0Z0R1 has       0       0       0        0.00
    9  N1P1Z0R1 has       0       0       0        1.61
   10  Z0N1Z0R1 has       0       0       0        0.00
   12  N1N1P1R1 has       0       0       0        1.50
   13  N1Z0P1R1 has       0       0       0        0.91
   14  N1P1P1R1 has       0       0       0        2.92
 Total of53479 atoms and17627 groups and16343 residues were included

 <MAKGRP> found      0 image group exclusions.

 NONBOND OPTION FLAGS: 
     ELEC     VDW      GROUps   CDIElec  SWITch   VGROup   VSWItch 
     BYGRoup  NOEXtnd  EWALd   
 CUTNB  = 14.000 CTEXNB =999.000 CTONNB = 12.000 CTOFNB = 13.000
 CGONNB =  0.000 CGOFNB = 10.000
 WMIN   =  0.500 WRNMXD =  0.500 E14FAC =  1.000 EPS    =  1.000
 NBXMOD =      5
 PME EWALD OPTIONS: KAPPA  =  0.340  QCOR =  0.000  Bspline order = 6
 FFTX=  90  FFTY=  90  FFTZ=  90
                Using Pub FFT
                Real-to-Complex FFT
 There are        0 atom  pairs and    78977 atom  exclusions.
 There are    49540 group pairs and     4702 group exclusions.
 Generating nonbond list with Exclusion mode = 5
 == PRIMARY == SPACE FOR 15367279 ATOM PAIRS AND  3080142 GROUP PAIRS

 General group nonbond list generation found:
    49881 GROUP PAIRS WERE FOUND FOR GROUP LIST
  3089421 GROUP PAIRS WERE BEYOND CUTOFFS
152225076 GROUP PAIRS WERE NOT SELECTED
 SPACE FOR        0 ATOM PAIRS AND  1676038 GROUP PAIRS

 Image group nonbond list generation found:
        0 GROUP PAIRS WERE FOUND FOR GROUP LIST
        0 GROUP PAIRS WERE BEYOND CUTOFFS
 GUPQME>    344 unique QM molecule-MM group interactions generated.
 GUPQME>      0 QM/MM group exclusions generated.
 GUPQMV>    344 group interactions generated for  17627 groups.
ENER ENR:  Eval#     ENERgy      Delta-E         GRMS
ENER INTERN:          BONDs       ANGLes       UREY-b    DIHEdrals    IMPRopers
ENER CROSS:           CMAPs        PMF1D        PMF2D        PRIMO
ENER EXTERN:        VDWaals         ELEC       HBONds          ASP         USER
ENER EWALD:          EWKSum       EWSElf       EWEXcl       EWQCor       EWUTil
ENER QUANTUM:        QMELec        QMVDw  
 ----------       ---------    ---------    ---------    ---------    ---------
ENER>        0 -35142.71434      0.02632      0.55373
ENER INTERN>       30.89003     87.00850      4.56422    284.58277      6.54367
ENER CROSS>       -17.13292      0.00000      0.00000      0.00000
ENER EXTERN>     -266.01480   -807.89903      0.00000      0.00000      0.00000
ENER EWALD>       2761.2028-1098967.0736 1062381.7086       0.0000       0.0000
ENER QUANTM>     -617.84778    -23.24683
 ----------       ---------    ---------    ---------    ---------    ---------
  
 CHARMM>       print resdistance
REDWRI:  Number of distance restraints=   1  Overall scale factor=      1.0000

 REDWRI: Evaluating restraint     1  KVAL=  2000.000 RVAL=    -1.300
    Number of atom pairs=   2 Global Exponent=   2 Internal Exponent=   1 One sided mode= 0
      atom pair:  5685 HETA     223      C1       5695 HETA     223      C8         distance factor=      1.0000  Current distance=      1.559976
      atom pair:  5687 HETA     223      C3       5697 HETA     223      O4         distance factor=     -1.0000  Current distance=      2.865107
      Distance deviation=     -0.005131  Energy=       0.02632 Force=     -10.26148

 REDWRI:  Current number of restraints=   1

  
 CHARMM>       trajectory write
  
 CHARMM>       increase n by 1
 Parameter: N <- "9"
  
 CHARMM>       increase rc by 0.1
 Parameter: RC <- "-1.2"
  
 CHARMM>    if rc le 2.0 goto loop
 Comparing "-1.2" and "2.0".
 IF test evaluated as true.  Performing command
  
 CHARMM>       skip none
 SKIPE> The following energy terms will be computed :
  BOND ANGL UREY DIHE IMPR VDW  ELEC HBON USER HARM CDIH CIC  CDRO NOE  SBOU
  IMNB IMEL IMHB EWKS EWSE EXTE RXNF ST2  IMST TSM  QMEL QMVD ASP  EHAR GEO 
  MDIP PINT PRMS PANG SSBP BK4D SHEL RESD SHAP STRB OOPL PULL POLA DMC  RGY 
  EWEX EWQC EWUT PBEL PBNP MBDE STRS BNDB BNDT EBST MBST BBT  SST  GBEN HMCM
  ADUM HYDR GSBP FQPO GRVD GREL SASL CMAP ELRC OLAP UMBR RREP RPHO RHBN RBDO
  RBAC RARO PHEN MMPT VMOD CROS FCTP FCTN PATH PMF1 PMF2 PRIM VALB ECHD ECHA
  ECHT ECHR CPUC SMBP EEMA ERMD CSRE ECS  ERDC DEFE MSPT GRHB PCHA
  
 CHARMM>       resdistance reset
  RESDIST: Restrained distances restraints reset.
 RESDIST:  Current number of restraints=   0
  
 CHARMM>       resdistance kval 2000.0 rval @rc -
 CHARMM>       1.0 @atom1 @atom2 -1.0 @atom3 @atom4
 Parameter: RC -> "-1.2"
 Parameter: ATOM1 -> "HETA 223 C1"
 Parameter: ATOM2 -> "HETA 223 C8"
 Parameter: ATOM3 -> "HETA 223 C3"
 Parameter: ATOM4 -> "HETA 223 O4"
 REDSET: Adding restraint     1  KVAL=  2000.000 RVAL=    -1.200
     Number of atom pairs=   2 Global Exponent=   2 Internal Exponent=   1 One sided mode= 0
      atom pair:  5685 HETA     223      C1       5695 HETA     223      C8         distance factor=      1.0000
      atom pair:  5687 HETA     223      C3       5697 HETA     223      O4         distance factor=     -1.0000
 RESDIST:  Current number of restraints=   1
  
 CHARMM>       mini abnr nstep 2000 tolitr 2000 tolgrd 0.2 nprint 2000

 SELECTED IMAGES ATOMS BEING CENTERED ABOUT  0.000000  0.000000  0.000000

 <MKIMAT2>: updating the image atom lists and remapping
 Transformation   Atoms  Groups  Residues  Min-Distance
    1  N1N1N1R1 has       0       0       0        1.65
    2  N1Z0N1R1 has       0       0       0        0.89
    3  N1P1N1R1 has       0       0       0        2.98
    4  Z0N1N1R1 has       0       0       0        0.85
    5  Z0Z0N1R1 has       0       0       0        0.00
    6  Z0P1N1R1 has       0       0       0        0.12
    7  N1N1Z0R1 has       0       0       0        0.83
    8  N1Z0Z0R1 has       0       0       0        0.00
    9  N1P1Z0R1 has       0       0       0        1.61
   10  Z0N1Z0R1 has       0       0       0        0.00
   12  N1N1P1R1 has       0       0       0        1.50
   13  N1Z0P1R1 has       0       0       0        0.91
   14  N1P1P1R1 has       0       0       0        2.92
 Total of53479 atoms and17627 groups and16343 residues were included

 <MAKGRP> found      0 image group exclusions.

 NONBOND OPTION FLAGS: 
     ELEC     VDW      GROUps   CDIElec  SWITch   VGROup   VSWItch 
     BYGRoup  NOEXtnd  EWALd   
 CUTNB  = 14.000 CTEXNB =999.000 CTONNB = 12.000 CTOFNB = 13.000
 CGONNB =  0.000 CGOFNB = 10.000
 WMIN   =  0.500 WRNMXD =  0.500 E14FAC =  1.000 EPS    =  1.000
 NBXMOD =      5
 PME EWALD OPTIONS: KAPPA  =  0.340  QCOR =  0.000  Bspline order = 6
 FFTX=  90  FFTY=  90  FFTZ=  90
                Using Pub FFT
                Real-to-Complex FFT
 There are        0 atom  pairs and    78977 atom  exclusions.
 There are    49536 group pairs and     4702 group exclusions.
 Generating nonbond list with Exclusion mode = 5
 == PRIMARY == SPACE FOR 15367279 ATOM PAIRS AND  3080142 GROUP PAIRS

 General group nonbond list generation found:
    49881 GROUP PAIRS WERE FOUND FOR GROUP LIST
  3089421 GROUP PAIRS WERE BEYOND CUTOFFS
152225076 GROUP PAIRS WERE NOT SELECTED
 SPACE FOR        0 ATOM PAIRS AND  1676038 GROUP PAIRS

 Image group nonbond list generation found:
        0 GROUP PAIRS WERE FOUND FOR GROUP LIST
        0 GROUP PAIRS WERE BEYOND CUTOFFS
 GUPQME>    344 unique QM molecule-MM group interactions generated.
 GUPQME>      0 QM/MM group exclusions generated.
 GUPQMV>    344 group interactions generated for  17627 groups.


 ABNER> An energy minimization has been requested.

 EIGRNG =    0.0005000   MINDIM =            5
 NPRINT =         2000   NSTEP  =         2000
 PSTRCT =    0.0000000   SDSTP  =    0.0200000
 STPLIM =    1.0000000   STRICT =    0.1000000
 TOLFUN =    0.0000000   TOLGRD =    0.2000000
 TOLITR =         2000   TOLSTP =    0.0000000
 FMEM   =    0.0000000
MINI MIN: Cycle      ENERgy      Delta-E         GRMS    Step-size
MINI INTERN:          BONDs       ANGLes       UREY-b    DIHEdrals    IMPRopers
MINI CROSS:           CMAPs        PMF1D        PMF2D        PRIMO
MINI EXTERN:        VDWaals         ELEC       HBONds          ASP         USER
MINI EWALD:          EWKSum       EWSElf       EWEXcl       EWQCor       EWUTil
MINI CONSTR:       HARMonic    CDIHedral          CIC     RESDistance       NOE
MINI QUANTUM:        QMELec        QMVDw  
 ----------       ---------    ---------    ---------    ---------    ---------
MINI>        0 -35131.66187    -11.05247      9.19151      0.00000
MINI INTERN>       30.89003     87.00850      4.56422    284.58277      6.54367
MINI CROSS>       -17.13292      0.00000      0.00000      0.00000
MINI EXTERN>     -266.01480   -807.89903      0.00000      0.00000      0.00000
MINI EWALD>       2761.2028-1098967.0736 1062381.7086       0.0000       0.0000
MINI CONSTR>        0.00000      0.00000      0.00000     11.05247      0.00000
MINI QUANTM>     -617.84778    -23.24683
 ----------       ---------    ---------    ---------    ---------    ---------

 ABNER> Minimization exiting with gradient tolerance ( 0.2000000) satisfied.

ABNR MIN: Cycle      ENERgy      Delta-E         GRMS    Step-size
ABNR INTERN:          BONDs       ANGLes       UREY-b    DIHEdrals    IMPRopers
ABNR CROSS:           CMAPs        PMF1D        PMF2D        PRIMO
ABNR EXTERN:        VDWaals         ELEC       HBONds          ASP         USER
ABNR EWALD:          EWKSum       EWSElf       EWEXcl       EWQCor       EWUTil
ABNR CONSTR:       HARMonic    CDIHedral          CIC     RESDistance       NOE
ABNR QUANTUM:        QMELec        QMVDw  
 ----------       ---------    ---------    ---------    ---------    ---------
ABNR>       22 -35141.91153     10.24966      0.19162      0.00364
ABNR INTERN>       30.89409     87.08631      4.55423    284.90062      6.61136
ABNR CROSS>       -17.13139      0.00000      0.00000      0.00000
ABNR EXTERN>     -265.85209   -808.38338      0.00000      0.00000      0.00000
ABNR EWALD>       2761.5526-1098967.0736 1062381.6464       0.0000       0.0000
ABNR CONSTR>        0.00000      0.00000      0.00000      0.02376      0.00000
ABNR QUANTM>     -617.03604    -23.70439
 ----------       ---------    ---------    ---------    ---------    ---------
  
 CHARMM>       skip resd
 SKIPE> The following energy terms will be computed :
  BOND ANGL UREY DIHE IMPR VDW  ELEC HBON USER HARM CDIH CIC  CDRO NOE  SBOU
  IMNB IMEL IMHB EWKS EWSE EXTE RXNF ST2  IMST TSM  QMEL QMVD ASP  EHAR GEO 
  MDIP PINT PRMS PANG SSBP BK4D SHEL SHAP STRB OOPL PULL POLA DMC  RGY  EWEX
  EWQC EWUT PBEL PBNP MBDE STRS BNDB BNDT EBST MBST BBT  SST  GBEN HMCM ADUM
  HYDR GSBP FQPO GRVD GREL SASL CMAP ELRC OLAP UMBR RREP RPHO RHBN RBDO RBAC
  RARO PHEN MMPT VMOD CROS FCTP FCTN PATH PMF1 PMF2 PRIM VALB ECHD ECHA ECHT
  ECHR CPUC SMBP EEMA ERMD CSRE ECS  ERDC DEFE MSPT GRHB PCHA
  
 CHARMM>       energy

 SELECTED IMAGES ATOMS BEING CENTERED ABOUT  0.000000  0.000000  0.000000

 <MKIMAT2>: updating the image atom lists and remapping
 Transformation   Atoms  Groups  Residues  Min-Distance
    1  N1N1N1R1 has       0       0       0        1.65
    2  N1Z0N1R1 has       0       0       0        0.89
    3  N1P1N1R1 has       0       0       0        2.98
    4  Z0N1N1R1 has       0       0       0        0.85
    5  Z0Z0N1R1 has       0       0       0        0.00
    6  Z0P1N1R1 has       0       0       0        0.12
    7  N1N1Z0R1 has       0       0       0        0.83
    8  N1Z0Z0R1 has       0       0       0        0.00
    9  N1P1Z0R1 has       0       0       0        1.61
   10  Z0N1Z0R1 has       0       0       0        0.00
   12  N1N1P1R1 has       0       0       0        1.50
   13  N1Z0P1R1 has       0       0       0        0.91
   14  N1P1P1R1 has       0       0       0        2.92
 Total of53479 atoms and17627 groups and16343 residues were included

 <MAKGRP> found      0 image group exclusions.

 NONBOND OPTION FLAGS: 
     ELEC     VDW      GROUps   CDIElec  SWITch   VGROup   VSWItch 
     BYGRoup  NOEXtnd  EWALd   
 CUTNB  = 14.000 CTEXNB =999.000 CTONNB = 12.000 CTOFNB = 13.000
 CGONNB =  0.000 CGOFNB = 10.000
 WMIN   =  0.500 WRNMXD =  0.500 E14FAC =  1.000 EPS    =  1.000
 NBXMOD =      5
 PME EWALD OPTIONS: KAPPA  =  0.340  QCOR =  0.000  Bspline order = 6
 FFTX=  90  FFTY=  90  FFTZ=  90
                Using Pub FFT
                Real-to-Complex FFT
 There are        0 atom  pairs and    78977 atom  exclusions.
 There are    49536 group pairs and     4702 group exclusions.
 Generating nonbond list with Exclusion mode = 5
 == PRIMARY == SPACE FOR 15367279 ATOM PAIRS AND  3080142 GROUP PAIRS

 General group nonbond list generation found:
    49885 GROUP PAIRS WERE FOUND FOR GROUP LIST
  3089417 GROUP PAIRS WERE BEYOND CUTOFFS
152225076 GROUP PAIRS WERE NOT SELECTED
 SPACE FOR        0 ATOM PAIRS AND  1676038 GROUP PAIRS

 Image group nonbond list generation found:
        0 GROUP PAIRS WERE FOUND FOR GROUP LIST
        0 GROUP PAIRS WERE BEYOND CUTOFFS
 GUPQME>    344 unique QM molecule-MM group interactions generated.
 GUPQME>      0 QM/MM group exclusions generated.
 GUPQMV>    344 group interactions generated for  17627 groups.
ENER ENR:  Eval#     ENERgy      Delta-E         GRMS
ENER INTERN:          BONDs       ANGLes       UREY-b    DIHEdrals    IMPRopers
ENER CROSS:           CMAPs        PMF1D        PMF2D        PRIMO
ENER EXTERN:        VDWaals         ELEC       HBONds          ASP         USER
ENER EWALD:          EWKSum       EWSElf       EWEXcl       EWQCor       EWUTil
ENER QUANTUM:        QMELec        QMVDw  
 ----------       ---------    ---------    ---------    ---------    ---------
ENER>        0 -35141.93529      0.02376      0.54025
ENER INTERN>       30.89409     87.08631      4.55423    284.90062      6.61136
ENER CROSS>       -17.13139      0.00000      0.00000      0.00000
ENER EXTERN>     -265.85209   -808.38338      0.00000      0.00000      0.00000
ENER EWALD>       2761.5526-1098967.0736 1062381.6464       0.0000       0.0000
ENER QUANTM>     -617.03604    -23.70439
 ----------       ---------    ---------    ---------    ---------    ---------
  
 CHARMM>       print resdistance
REDWRI:  Number of distance restraints=   1  Overall scale factor=      1.0000

 REDWRI: Evaluating restraint     1  KVAL=  2000.000 RVAL=    -1.200
    Number of atom pairs=   2 Global Exponent=   2 Internal Exponent=   1 One sided mode= 0
      atom pair:  5685 HETA     223      C1       5695 HETA     223      C8         distance factor=      1.0000  Current distance=      1.560938
      atom pair:  5687 HETA     223      C3       5697 HETA     223      O4         distance factor=     -1.0000  Current distance=      2.765813
      Distance deviation=     -0.004874  Energy=       0.02376 Force=      -9.74857

 REDWRI:  Current number of restraints=   1

  
 CHARMM>       trajectory write
  
 CHARMM>       increase n by 1
 Parameter: N <- "10"
  
 CHARMM>       increase rc by 0.1
 Parameter: RC <- "-1.1"
  
 CHARMM>    if rc le 2.0 goto loop
 Comparing "-1.1" and "2.0".
 IF test evaluated as true.  Performing command
  
 CHARMM>       skip none
 SKIPE> The following energy terms will be computed :
  BOND ANGL UREY DIHE IMPR VDW  ELEC HBON USER HARM CDIH CIC  CDRO NOE  SBOU
  IMNB IMEL IMHB EWKS EWSE EXTE RXNF ST2  IMST TSM  QMEL QMVD ASP  EHAR GEO 
  MDIP PINT PRMS PANG SSBP BK4D SHEL RESD SHAP STRB OOPL PULL POLA DMC  RGY 
  EWEX EWQC EWUT PBEL PBNP MBDE STRS BNDB BNDT EBST MBST BBT  SST  GBEN HMCM
  ADUM HYDR GSBP FQPO GRVD GREL SASL CMAP ELRC OLAP UMBR RREP RPHO RHBN RBDO
  RBAC RARO PHEN MMPT VMOD CROS FCTP FCTN PATH PMF1 PMF2 PRIM VALB ECHD ECHA
  ECHT ECHR CPUC SMBP EEMA ERMD CSRE ECS  ERDC DEFE MSPT GRHB PCHA
  
 CHARMM>       resdistance reset
  RESDIST: Restrained distances restraints reset.
 RESDIST:  Current number of restraints=   0
  
 CHARMM>       resdistance kval 2000.0 rval @rc -
 CHARMM>       1.0 @atom1 @atom2 -1.0 @atom3 @atom4
 Parameter: RC -> "-1.1"
 Parameter: ATOM1 -> "HETA 223 C1"
 Parameter: ATOM2 -> "HETA 223 C8"
 Parameter: ATOM3 -> "HETA 223 C3"
 Parameter: ATOM4 -> "HETA 223 O4"
 REDSET: Adding restraint     1  KVAL=  2000.000 RVAL=    -1.100
     Number of atom pairs=   2 Global Exponent=   2 Internal Exponent=   1 One sided mode= 0
      atom pair:  5685 HETA     223      C1       5695 HETA     223      C8         distance factor=      1.0000
      atom pair:  5687 HETA     223      C3       5697 HETA     223      O4         distance factor=     -1.0000
 RESDIST:  Current number of restraints=   1
  
 CHARMM>       mini abnr nstep 2000 tolitr 2000 tolgrd 0.2 nprint 2000

 SELECTED IMAGES ATOMS BEING CENTERED ABOUT  0.000000  0.000000  0.000000

 <MKIMAT2>: updating the image atom lists and remapping
 Transformation   Atoms  Groups  Residues  Min-Distance
    1  N1N1N1R1 has       0       0       0        1.65
    2  N1Z0N1R1 has       0       0       0        0.89
    3  N1P1N1R1 has       0       0       0        2.98
    4  Z0N1N1R1 has       0       0       0        0.85
    5  Z0Z0N1R1 has       0       0       0        0.00
    6  Z0P1N1R1 has       0       0       0        0.12
    7  N1N1Z0R1 has       0       0       0        0.83
    8  N1Z0Z0R1 has       0       0       0        0.00
    9  N1P1Z0R1 has       0       0       0        1.61
   10  Z0N1Z0R1 has       0       0       0        0.00
   12  N1N1P1R1 has       0       0       0        1.50
   13  N1Z0P1R1 has       0       0       0        0.91
   14  N1P1P1R1 has       0       0       0        2.92
 Total of53479 atoms and17627 groups and16343 residues were included

 <MAKGRP> found      0 image group exclusions.

 NONBOND OPTION FLAGS: 
     ELEC     VDW      GROUps   CDIElec  SWITch   VGROup   VSWItch 
     BYGRoup  NOEXtnd  EWALd   
 CUTNB  = 14.000 CTEXNB =999.000 CTONNB = 12.000 CTOFNB = 13.000
 CGONNB =  0.000 CGOFNB = 10.000
 WMIN   =  0.500 WRNMXD =  0.500 E14FAC =  1.000 EPS    =  1.000
 NBXMOD =      5
 PME EWALD OPTIONS: KAPPA  =  0.340  QCOR =  0.000  Bspline order = 6
 FFTX=  90  FFTY=  90  FFTZ=  90
                Using Pub FFT
                Real-to-Complex FFT
 There are        0 atom  pairs and    78977 atom  exclusions.
 There are    49540 group pairs and     4702 group exclusions.
 Generating nonbond list with Exclusion mode = 5
 == PRIMARY == SPACE FOR 15367279 ATOM PAIRS AND  3080142 GROUP PAIRS

 General group nonbond list generation found:
    49885 GROUP PAIRS WERE FOUND FOR GROUP LIST
  3089417 GROUP PAIRS WERE BEYOND CUTOFFS
152225076 GROUP PAIRS WERE NOT SELECTED
 SPACE FOR        0 ATOM PAIRS AND  1676038 GROUP PAIRS

 Image group nonbond list generation found:
        0 GROUP PAIRS WERE FOUND FOR GROUP LIST
        0 GROUP PAIRS WERE BEYOND CUTOFFS
 GUPQME>    344 unique QM molecule-MM group interactions generated.
 GUPQME>      0 QM/MM group exclusions generated.
 GUPQMV>    344 group interactions generated for  17627 groups.


 ABNER> An energy minimization has been requested.

 EIGRNG =    0.0005000   MINDIM =            5
 NPRINT =         2000   NSTEP  =         2000
 PSTRCT =    0.0000000   SDSTP  =    0.0200000
 STPLIM =    1.0000000   STRICT =    0.1000000
 TOLFUN =    0.0000000   TOLGRD =    0.2000000
 TOLITR =         2000   TOLSTP =    0.0000000
 FMEM   =    0.0000000
MINI MIN: Cycle      ENERgy      Delta-E         GRMS    Step-size
MINI INTERN:          BONDs       ANGLes       UREY-b    DIHEdrals    IMPRopers
MINI CROSS:           CMAPs        PMF1D        PMF2D        PRIMO
MINI EXTERN:        VDWaals         ELEC       HBONds          ASP         USER
MINI EWALD:          EWKSum       EWSElf       EWEXcl       EWQCor       EWUTil
MINI CONSTR:       HARMonic    CDIHedral          CIC     RESDistance       NOE
MINI QUANTUM:        QMELec        QMVDw  
 ----------       ---------    ---------    ---------    ---------    ---------
MINI>        0 -35130.93667    -10.99862      9.18903      0.00000
MINI INTERN>       30.89409     87.08631      4.55423    284.90062      6.61136
MINI CROSS>       -17.13139      0.00000      0.00000      0.00000
MINI EXTERN>     -265.85209   -808.38338      0.00000      0.00000      0.00000
MINI EWALD>       2761.5526-1098967.0736 1062381.6464       0.0000       0.0000
MINI CONSTR>        0.00000      0.00000      0.00000     10.99862      0.00000
MINI QUANTM>     -617.03604    -23.70439
 ----------       ---------    ---------    ---------    ---------    ---------

 ABNER> Minimization exiting with gradient tolerance ( 0.2000000) satisfied.

ABNR MIN: Cycle      ENERgy      Delta-E         GRMS    Step-size
ABNR INTERN:          BONDs       ANGLes       UREY-b    DIHEdrals    IMPRopers
ABNR CROSS:           CMAPs        PMF1D        PMF2D        PRIMO
ABNR EXTERN:        VDWaals         ELEC       HBONds          ASP         USER
ABNR EWALD:          EWKSum       EWSElf       EWEXcl       EWQCor       EWUTil
ABNR CONSTR:       HARMonic    CDIHedral          CIC     RESDistance       NOE
ABNR QUANTUM:        QMELec        QMVDw  
 ----------       ---------    ---------    ---------    ---------    ---------
ABNR>       16 -35140.74249      9.80582      0.19673      0.00390
ABNR INTERN>       30.87824     87.09534      4.55396    284.78750      6.57698
ABNR CROSS>       -17.12459      0.00000      0.00000      0.00000
ABNR EXTERN>     -265.74035   -808.56091      0.00000      0.00000      0.00000
ABNR EWALD>       2761.4832-1098967.0736 1062381.6778       0.0000       0.0000
ABNR CONSTR>        0.00000      0.00000      0.00000      0.03314      0.00000
ABNR QUANTM>     -615.67327    -23.65583
 ----------       ---------    ---------    ---------    ---------    ---------
  
 CHARMM>       skip resd
 SKIPE> The following energy terms will be computed :
  BOND ANGL UREY DIHE IMPR VDW  ELEC HBON USER HARM CDIH CIC  CDRO NOE  SBOU
  IMNB IMEL IMHB EWKS EWSE EXTE RXNF ST2  IMST TSM  QMEL QMVD ASP  EHAR GEO 
  MDIP PINT PRMS PANG SSBP BK4D SHEL SHAP STRB OOPL PULL POLA DMC  RGY  EWEX
  EWQC EWUT PBEL PBNP MBDE STRS BNDB BNDT EBST MBST BBT  SST  GBEN HMCM ADUM
  HYDR GSBP FQPO GRVD GREL SASL CMAP ELRC OLAP UMBR RREP RPHO RHBN RBDO RBAC
  RARO PHEN MMPT VMOD CROS FCTP FCTN PATH PMF1 PMF2 PRIM VALB ECHD ECHA ECHT
  ECHR CPUC SMBP EEMA ERMD CSRE ECS  ERDC DEFE MSPT GRHB PCHA
  
 CHARMM>       energy

 SELECTED IMAGES ATOMS BEING CENTERED ABOUT  0.000000  0.000000  0.000000

 <MKIMAT2>: updating the image atom lists and remapping
 Transformation   Atoms  Groups  Residues  Min-Distance
    1  N1N1N1R1 has       0       0       0        1.65
    2  N1Z0N1R1 has       0       0       0        0.89
    3  N1P1N1R1 has       0       0       0        2.98
    4  Z0N1N1R1 has       0       0       0        0.85
    5  Z0Z0N1R1 has       0       0       0        0.00
    6  Z0P1N1R1 has       0       0       0        0.12
    7  N1N1Z0R1 has       0       0       0        0.83
    8  N1Z0Z0R1 has       0       0       0        0.00
    9  N1P1Z0R1 has       0       0       0        1.61
   10  Z0N1Z0R1 has       0       0       0        0.00
   12  N1N1P1R1 has       0       0       0        1.50
   13  N1Z0P1R1 has       0       0       0        0.91
   14  N1P1P1R1 has       0       0       0        2.92
 Total of53479 atoms and17627 groups and16343 residues were included

 <MAKGRP> found      0 image group exclusions.

 NONBOND OPTION FLAGS: 
     ELEC     VDW      GROUps   CDIElec  SWITch   VGROup   VSWItch 
     BYGRoup  NOEXtnd  EWALd   
 CUTNB  = 14.000 CTEXNB =999.000 CTONNB = 12.000 CTOFNB = 13.000
 CGONNB =  0.000 CGOFNB = 10.000
 WMIN   =  0.500 WRNMXD =  0.500 E14FAC =  1.000 EPS    =  1.000
 NBXMOD =      5
 PME EWALD OPTIONS: KAPPA  =  0.340  QCOR =  0.000  Bspline order = 6
 FFTX=  90  FFTY=  90  FFTZ=  90
                Using Pub FFT
                Real-to-Complex FFT
 There are        0 atom  pairs and    78977 atom  exclusions.
 There are    49540 group pairs and     4702 group exclusions.
 Generating nonbond list with Exclusion mode = 5
 == PRIMARY == SPACE FOR 15367279 ATOM PAIRS AND  3080142 GROUP PAIRS

 General group nonbond list generation found:
    49881 GROUP PAIRS WERE FOUND FOR GROUP LIST
  3089421 GROUP PAIRS WERE BEYOND CUTOFFS
152225076 GROUP PAIRS WERE NOT SELECTED
 SPACE FOR        0 ATOM PAIRS AND  1676038 GROUP PAIRS

 Image group nonbond list generation found:
        0 GROUP PAIRS WERE FOUND FOR GROUP LIST
        0 GROUP PAIRS WERE BEYOND CUTOFFS
 GUPQME>    344 unique QM molecule-MM group interactions generated.
 GUPQME>      0 QM/MM group exclusions generated.
 GUPQMV>    344 group interactions generated for  17627 groups.
ENER ENR:  Eval#     ENERgy      Delta-E         GRMS
ENER INTERN:          BONDs       ANGLes       UREY-b    DIHEdrals    IMPRopers
ENER CROSS:           CMAPs        PMF1D        PMF2D        PRIMO
ENER EXTERN:        VDWaals         ELEC       HBONds          ASP         USER
ENER EWALD:          EWKSum       EWSElf       EWEXcl       EWQCor       EWUTil
ENER QUANTUM:        QMELec        QMVDw  
 ----------       ---------    ---------    ---------    ---------    ---------
ENER>        0 -35140.77564      0.03314      0.62530
ENER INTERN>       30.87824     87.09534      4.55396    284.78750      6.57698
ENER CROSS>       -17.12459      0.00000      0.00000      0.00000
ENER EXTERN>     -265.74035   -808.56091      0.00000      0.00000      0.00000
ENER EWALD>       2761.4832-1098967.0736 1062381.6778       0.0000       0.0000
ENER QUANTM>     -615.67327    -23.65583
 ----------       ---------    ---------    ---------    ---------    ---------
  
 CHARMM>       print resdistance
REDWRI:  Number of distance restraints=   1  Overall scale factor=      1.0000

 REDWRI: Evaluating restraint     1  KVAL=  2000.000 RVAL=    -1.100
    Number of atom pairs=   2 Global Exponent=   2 Internal Exponent=   1 One sided mode= 0
      atom pair:  5685 HETA     223      C1       5695 HETA     223      C8         distance factor=      1.0000  Current distance=      1.563308
      atom pair:  5687 HETA     223      C3       5697 HETA     223      O4         distance factor=     -1.0000  Current distance=      2.669065
      Distance deviation=     -0.005757  Energy=       0.03314 Force=     -11.51430

 REDWRI:  Current number of restraints=   1

  
 CHARMM>       trajectory write
  
 CHARMM>       increase n by 1
 Parameter: N <- "11"
  
 CHARMM>       increase rc by 0.1
 Parameter: RC <- "-1"
  
 CHARMM>    if rc le 2.0 goto loop
 Comparing "-1" and "2.0".
 IF test evaluated as true.  Performing command
  
 CHARMM>       skip none
 SKIPE> The following energy terms will be computed :
  BOND ANGL UREY DIHE IMPR VDW  ELEC HBON USER HARM CDIH CIC  CDRO NOE  SBOU
  IMNB IMEL IMHB EWKS EWSE EXTE RXNF ST2  IMST TSM  QMEL QMVD ASP  EHAR GEO 
  MDIP PINT PRMS PANG SSBP BK4D SHEL RESD SHAP STRB OOPL PULL POLA DMC  RGY 
  EWEX EWQC EWUT PBEL PBNP MBDE STRS BNDB BNDT EBST MBST BBT  SST  GBEN HMCM
  ADUM HYDR GSBP FQPO GRVD GREL SASL CMAP ELRC OLAP UMBR RREP RPHO RHBN RBDO
  RBAC RARO PHEN MMPT VMOD CROS FCTP FCTN PATH PMF1 PMF2 PRIM VALB ECHD ECHA
  ECHT ECHR CPUC SMBP EEMA ERMD CSRE ECS  ERDC DEFE MSPT GRHB PCHA
  
 CHARMM>       resdistance reset
  RESDIST: Restrained distances restraints reset.
 RESDIST:  Current number of restraints=   0
  
 CHARMM>       resdistance kval 2000.0 rval @rc -
 CHARMM>       1.0 @atom1 @atom2 -1.0 @atom3 @atom4
 Parameter: RC -> "-1"
 Parameter: ATOM1 -> "HETA 223 C1"
 Parameter: ATOM2 -> "HETA 223 C8"
 Parameter: ATOM3 -> "HETA 223 C3"
 Parameter: ATOM4 -> "HETA 223 O4"
 REDSET: Adding restraint     1  KVAL=  2000.000 RVAL=    -1.000
     Number of atom pairs=   2 Global Exponent=   2 Internal Exponent=   1 One sided mode= 0
      atom pair:  5685 HETA     223      C1       5695 HETA     223      C8         distance factor=      1.0000
      atom pair:  5687 HETA     223      C3       5697 HETA     223      O4         distance factor=     -1.0000
 RESDIST:  Current number of restraints=   1
  
 CHARMM>       mini abnr nstep 2000 tolitr 2000 tolgrd 0.2 nprint 2000

 SELECTED IMAGES ATOMS BEING CENTERED ABOUT  0.000000  0.000000  0.000000

 <MKIMAT2>: updating the image atom lists and remapping
 Transformation   Atoms  Groups  Residues  Min-Distance
    1  N1N1N1R1 has       0       0       0        1.65
    2  N1Z0N1R1 has       0       0       0        0.89
    3  N1P1N1R1 has       0       0       0        2.98
    4  Z0N1N1R1 has       0       0       0        0.85
    5  Z0Z0N1R1 has       0       0       0        0.00
    6  Z0P1N1R1 has       0       0       0        0.12
    7  N1N1Z0R1 has       0       0       0        0.83
    8  N1Z0Z0R1 has       0       0       0        0.00
    9  N1P1Z0R1 has       0       0       0        1.61
   10  Z0N1Z0R1 has       0       0       0        0.00
   12  N1N1P1R1 has       0       0       0        1.50
   13  N1Z0P1R1 has       0       0       0        0.91
   14  N1P1P1R1 has       0       0       0        2.92
 Total of53479 atoms and17627 groups and16343 residues were included

 <MAKGRP> found      0 image group exclusions.

 NONBOND OPTION FLAGS: 
     ELEC     VDW      GROUps   CDIElec  SWITch   VGROup   VSWItch 
     BYGRoup  NOEXtnd  EWALd   
 CUTNB  = 14.000 CTEXNB =999.000 CTONNB = 12.000 CTOFNB = 13.000
 CGONNB =  0.000 CGOFNB = 10.000
 WMIN   =  0.500 WRNMXD =  0.500 E14FAC =  1.000 EPS    =  1.000
 NBXMOD =      5
 PME EWALD OPTIONS: KAPPA  =  0.340  QCOR =  0.000  Bspline order = 6
 FFTX=  90  FFTY=  90  FFTZ=  90
                Using Pub FFT
                Real-to-Complex FFT
 There are        0 atom  pairs and    78977 atom  exclusions.
 There are    49536 group pairs and     4702 group exclusions.
 Generating nonbond list with Exclusion mode = 5
 == PRIMARY == SPACE FOR 15367279 ATOM PAIRS AND  3080142 GROUP PAIRS

 General group nonbond list generation found:
    49881 GROUP PAIRS WERE FOUND FOR GROUP LIST
  3089421 GROUP PAIRS WERE BEYOND CUTOFFS
152225076 GROUP PAIRS WERE NOT SELECTED
 SPACE FOR        0 ATOM PAIRS AND  1676038 GROUP PAIRS

 Image group nonbond list generation found:
        0 GROUP PAIRS WERE FOUND FOR GROUP LIST
        0 GROUP PAIRS WERE BEYOND CUTOFFS
 GUPQME>    344 unique QM molecule-MM group interactions generated.
 GUPQME>      0 QM/MM group exclusions generated.
 GUPQMV>    344 group interactions generated for  17627 groups.


 ABNER> An energy minimization has been requested.

 EIGRNG =    0.0005000   MINDIM =            5
 NPRINT =         2000   NSTEP  =         2000
 PSTRCT =    0.0000000   SDSTP  =    0.0200000
 STPLIM =    1.0000000   STRICT =    0.1000000
 TOLFUN =    0.0000000   TOLGRD =    0.2000000
 TOLITR =         2000   TOLSTP =    0.0000000
 FMEM   =    0.0000000
MINI MIN: Cycle      ENERgy      Delta-E         GRMS    Step-size
MINI INTERN:          BONDs       ANGLes       UREY-b    DIHEdrals    IMPRopers
MINI CROSS:           CMAPs        PMF1D        PMF2D        PRIMO
MINI EXTERN:        VDWaals         ELEC       HBONds          ASP         USER
MINI EWALD:          EWKSum       EWSElf       EWEXcl       EWQCor       EWUTil
MINI CONSTR:       HARMonic    CDIHedral          CIC     RESDistance       NOE
MINI QUANTUM:        QMELec        QMVDw  
 ----------       ---------    ---------    ---------    ---------    ---------
MINI>        0 -35129.59106    -11.18457      9.18206      0.00000
MINI INTERN>       30.87824     87.09534      4.55396    284.78750      6.57698
MINI CROSS>       -17.12459      0.00000      0.00000      0.00000
MINI EXTERN>     -265.74035   -808.56091      0.00000      0.00000      0.00000
MINI EWALD>       2761.4832-1098967.0736 1062381.6778       0.0000       0.0000
MINI CONSTR>        0.00000      0.00000      0.00000     11.18457      0.00000
MINI QUANTM>     -615.67327    -23.65583
 ----------       ---------    ---------    ---------    ---------    ---------

 ABNER> Minimization exiting with gradient tolerance ( 0.2000000) satisfied.

ABNR MIN: Cycle      ENERgy      Delta-E         GRMS    Step-size
ABNR INTERN:          BONDs       ANGLes       UREY-b    DIHEdrals    IMPRopers
ABNR CROSS:           CMAPs        PMF1D        PMF2D        PRIMO
ABNR EXTERN:        VDWaals         ELEC       HBONds          ASP         USER
ABNR EWALD:          EWKSum       EWSElf       EWEXcl       EWQCor       EWUTil
ABNR CONSTR:       HARMonic    CDIHedral          CIC     RESDistance       NOE
ABNR QUANTUM:        QMELec        QMVDw  
 ----------       ---------    ---------    ---------    ---------    ---------
ABNR>       15 -35139.29169      9.70063      0.19172      0.00434
ABNR INTERN>       30.89608     87.18642      4.55594    284.93947      6.61285
ABNR CROSS>       -17.12137      0.00000      0.00000      0.00000
ABNR EXTERN>     -265.68178   -808.83415      0.00000      0.00000      0.00000
ABNR EWALD>       2761.5744-1098967.0736 1062381.6313       0.0000       0.0000
ABNR CONSTR>        0.00000      0.00000      0.00000      0.05588      0.00000
ABNR QUANTM>     -614.26024    -23.77287
 ----------       ---------    ---------    ---------    ---------    ---------
  
 CHARMM>       skip resd
 SKIPE> The following energy terms will be computed :
  BOND ANGL UREY DIHE IMPR VDW  ELEC HBON USER HARM CDIH CIC  CDRO NOE  SBOU
  IMNB IMEL IMHB EWKS EWSE EXTE RXNF ST2  IMST TSM  QMEL QMVD ASP  EHAR GEO 
  MDIP PINT PRMS PANG SSBP BK4D SHEL SHAP STRB OOPL PULL POLA DMC  RGY  EWEX
  EWQC EWUT PBEL PBNP MBDE STRS BNDB BNDT EBST MBST BBT  SST  GBEN HMCM ADUM
  HYDR GSBP FQPO GRVD GREL SASL CMAP ELRC OLAP UMBR RREP RPHO RHBN RBDO RBAC
  RARO PHEN MMPT VMOD CROS FCTP FCTN PATH PMF1 PMF2 PRIM VALB ECHD ECHA ECHT
  ECHR CPUC SMBP EEMA ERMD CSRE ECS  ERDC DEFE MSPT GRHB PCHA
  
 CHARMM>       energy

 SELECTED IMAGES ATOMS BEING CENTERED ABOUT  0.000000  0.000000  0.000000

 <MKIMAT2>: updating the image atom lists and remapping
 Transformation   Atoms  Groups  Residues  Min-Distance
    1  N1N1N1R1 has       0       0       0        1.65
    2  N1Z0N1R1 has       0       0       0        0.89
    3  N1P1N1R1 has       0       0       0        2.98
    4  Z0N1N1R1 has       0       0       0        0.85
    5  Z0Z0N1R1 has       0       0       0        0.00
    6  Z0P1N1R1 has       0       0       0        0.12
    7  N1N1Z0R1 has       0       0       0        0.83
    8  N1Z0Z0R1 has       0       0       0        0.00
    9  N1P1Z0R1 has       0       0       0        1.61
   10  Z0N1Z0R1 has       0       0       0        0.00
   12  N1N1P1R1 has       0       0       0        1.50
   13  N1Z0P1R1 has       0       0       0        0.91
   14  N1P1P1R1 has       0       0       0        2.92
 Total of53479 atoms and17627 groups and16343 residues were included

 <MAKGRP> found      0 image group exclusions.

 NONBOND OPTION FLAGS: 
     ELEC     VDW      GROUps   CDIElec  SWITch   VGROup   VSWItch 
     BYGRoup  NOEXtnd  EWALd   
 CUTNB  = 14.000 CTEXNB =999.000 CTONNB = 12.000 CTOFNB = 13.000
 CGONNB =  0.000 CGOFNB = 10.000
 WMIN   =  0.500 WRNMXD =  0.500 E14FAC =  1.000 EPS    =  1.000
 NBXMOD =      5
 PME EWALD OPTIONS: KAPPA  =  0.340  QCOR =  0.000  Bspline order = 6
 FFTX=  90  FFTY=  90  FFTZ=  90
                Using Pub FFT
                Real-to-Complex FFT
 There are        0 atom  pairs and    78977 atom  exclusions.
 There are    49536 group pairs and     4702 group exclusions.
 Generating nonbond list with Exclusion mode = 5
 == PRIMARY == SPACE FOR 15367279 ATOM PAIRS AND  3080142 GROUP PAIRS

 General group nonbond list generation found:
    49881 GROUP PAIRS WERE FOUND FOR GROUP LIST
  3089421 GROUP PAIRS WERE BEYOND CUTOFFS
152225076 GROUP PAIRS WERE NOT SELECTED
 SPACE FOR        0 ATOM PAIRS AND  1676038 GROUP PAIRS

 Image group nonbond list generation found:
        0 GROUP PAIRS WERE FOUND FOR GROUP LIST
        0 GROUP PAIRS WERE BEYOND CUTOFFS
 GUPQME>    343 unique QM molecule-MM group interactions generated.
 GUPQME>      0 QM/MM group exclusions generated.
 GUPQMV>    343 group interactions generated for  17627 groups.
ENER ENR:  Eval#     ENERgy      Delta-E         GRMS
ENER INTERN:          BONDs       ANGLes       UREY-b    DIHEdrals    IMPRopers
ENER CROSS:           CMAPs        PMF1D        PMF2D        PRIMO
ENER EXTERN:        VDWaals         ELEC       HBONds          ASP         USER
ENER EWALD:          EWKSum       EWSElf       EWEXcl       EWQCor       EWUTil
ENER QUANTUM:        QMELec        QMVDw  
 ----------       ---------    ---------    ---------    ---------    ---------
ENER>        0 -35139.34757      0.05588      0.76686
ENER INTERN>       30.89608     87.18642      4.55594    284.93947      6.61285
ENER CROSS>       -17.12137      0.00000      0.00000      0.00000
ENER EXTERN>     -265.68178   -808.83415      0.00000      0.00000      0.00000
ENER EWALD>       2761.5744-1098967.0736 1062381.6313       0.0000       0.0000
ENER QUANTM>     -614.26024    -23.77287
 ----------       ---------    ---------    ---------    ---------    ---------
  
 CHARMM>       print resdistance
REDWRI:  Number of distance restraints=   1  Overall scale factor=      1.0000

 REDWRI: Evaluating restraint     1  KVAL=  2000.000 RVAL=    -1.000
    Number of atom pairs=   2 Global Exponent=   2 Internal Exponent=   1 One sided mode= 0
      atom pair:  5685 HETA     223      C1       5695 HETA     223      C8         distance factor=      1.0000  Current distance=      1.571105
      atom pair:  5687 HETA     223      C3       5697 HETA     223      O4         distance factor=     -1.0000  Current distance=      2.578580
      Distance deviation=     -0.007475  Energy=       0.05588 Force=     -14.95016

 REDWRI:  Current number of restraints=   1

  
 CHARMM>       trajectory write
  
 CHARMM>       increase n by 1
 Parameter: N <- "12"
  
 CHARMM>       increase rc by 0.1
 Parameter: RC <- "-0.9"
  
 CHARMM>    if rc le 2.0 goto loop
 Comparing "-0.9" and "2.0".
 IF test evaluated as true.  Performing command
  
 CHARMM>       skip none
 SKIPE> The following energy terms will be computed :
  BOND ANGL UREY DIHE IMPR VDW  ELEC HBON USER HARM CDIH CIC  CDRO NOE  SBOU
  IMNB IMEL IMHB EWKS EWSE EXTE RXNF ST2  IMST TSM  QMEL QMVD ASP  EHAR GEO 
  MDIP PINT PRMS PANG SSBP BK4D SHEL RESD SHAP STRB OOPL PULL POLA DMC  RGY 
  EWEX EWQC EWUT PBEL PBNP MBDE STRS BNDB BNDT EBST MBST BBT  SST  GBEN HMCM
  ADUM HYDR GSBP FQPO GRVD GREL SASL CMAP ELRC OLAP UMBR RREP RPHO RHBN RBDO
  RBAC RARO PHEN MMPT VMOD CROS FCTP FCTN PATH PMF1 PMF2 PRIM VALB ECHD ECHA
  ECHT ECHR CPUC SMBP EEMA ERMD CSRE ECS  ERDC DEFE MSPT GRHB PCHA
  
 CHARMM>       resdistance reset
  RESDIST: Restrained distances restraints reset.
 RESDIST:  Current number of restraints=   0
  
 CHARMM>       resdistance kval 2000.0 rval @rc -
 CHARMM>       1.0 @atom1 @atom2 -1.0 @atom3 @atom4
 Parameter: RC -> "-0.9"
 Parameter: ATOM1 -> "HETA 223 C1"
 Parameter: ATOM2 -> "HETA 223 C8"
 Parameter: ATOM3 -> "HETA 223 C3"
 Parameter: ATOM4 -> "HETA 223 O4"
 REDSET: Adding restraint     1  KVAL=  2000.000 RVAL=    -0.900
     Number of atom pairs=   2 Global Exponent=   2 Internal Exponent=   1 One sided mode= 0
      atom pair:  5685 HETA     223      C1       5695 HETA     223      C8         distance factor=      1.0000
      atom pair:  5687 HETA     223      C3       5697 HETA     223      O4         distance factor=     -1.0000
 RESDIST:  Current number of restraints=   1
  
 CHARMM>       mini abnr nstep 2000 tolitr 2000 tolgrd 0.2 nprint 2000

 SELECTED IMAGES ATOMS BEING CENTERED ABOUT  0.000000  0.000000  0.000000

 <MKIMAT2>: updating the image atom lists and remapping
 Transformation   Atoms  Groups  Residues  Min-Distance
    1  N1N1N1R1 has       0       0       0        1.65
    2  N1Z0N1R1 has       0       0       0        0.89
    3  N1P1N1R1 has       0       0       0        2.98
    4  Z0N1N1R1 has       0       0       0        0.85
    5  Z0Z0N1R1 has       0       0       0        0.00
    6  Z0P1N1R1 has       0       0       0        0.12
    7  N1N1Z0R1 has       0       0       0        0.83
    8  N1Z0Z0R1 has       0       0       0        0.00
    9  N1P1Z0R1 has       0       0       0        1.61
   10  Z0N1Z0R1 has       0       0       0        0.00
   12  N1N1P1R1 has       0       0       0        1.50
   13  N1Z0P1R1 has       0       0       0        0.91
   14  N1P1P1R1 has       0       0       0        2.92
 Total of53479 atoms and17627 groups and16343 residues were included

 <MAKGRP> found      0 image group exclusions.

 NONBOND OPTION FLAGS: 
     ELEC     VDW      GROUps   CDIElec  SWITch   VGROup   VSWItch 
     BYGRoup  NOEXtnd  EWALd   
 CUTNB  = 14.000 CTEXNB =999.000 CTONNB = 12.000 CTOFNB = 13.000
 CGONNB =  0.000 CGOFNB = 10.000
 WMIN   =  0.500 WRNMXD =  0.500 E14FAC =  1.000 EPS    =  1.000
 NBXMOD =      5
 PME EWALD OPTIONS: KAPPA  =  0.340  QCOR =  0.000  Bspline order = 6
 FFTX=  90  FFTY=  90  FFTZ=  90
                Using Pub FFT
                Real-to-Complex FFT
 There are        0 atom  pairs and    78977 atom  exclusions.
 There are    49537 group pairs and     4702 group exclusions.
 Generating nonbond list with Exclusion mode = 5
 == PRIMARY == SPACE FOR 15367279 ATOM PAIRS AND  3080142 GROUP PAIRS

 General group nonbond list generation found:
    49881 GROUP PAIRS WERE FOUND FOR GROUP LIST
  3089421 GROUP PAIRS WERE BEYOND CUTOFFS
152225076 GROUP PAIRS WERE NOT SELECTED
 SPACE FOR        0 ATOM PAIRS AND  1676038 GROUP PAIRS

 Image group nonbond list generation found:
        0 GROUP PAIRS WERE FOUND FOR GROUP LIST
        0 GROUP PAIRS WERE BEYOND CUTOFFS
 GUPQME>    343 unique QM molecule-MM group interactions generated.
 GUPQME>      0 QM/MM group exclusions generated.
 GUPQMV>    343 group interactions generated for  17627 groups.


 ABNER> An energy minimization has been requested.

 EIGRNG =    0.0005000   MINDIM =            5
 NPRINT =         2000   NSTEP  =         2000
 PSTRCT =    0.0000000   SDSTP  =    0.0200000
 STPLIM =    1.0000000   STRICT =    0.1000000
 TOLFUN =    0.0000000   TOLGRD =    0.2000000
 TOLITR =         2000   TOLSTP =    0.0000000
 FMEM   =    0.0000000
MINI MIN: Cycle      ENERgy      Delta-E         GRMS    Step-size
MINI INTERN:          BONDs       ANGLes       UREY-b    DIHEdrals    IMPRopers
MINI CROSS:           CMAPs        PMF1D        PMF2D        PRIMO
MINI EXTERN:        VDWaals         ELEC       HBONds          ASP         USER
MINI EWALD:          EWKSum       EWSElf       EWEXcl       EWQCor       EWUTil
MINI CONSTR:       HARMonic    CDIHedral          CIC     RESDistance       NOE
MINI QUANTUM:        QMELec        QMVDw  
 ----------       ---------    ---------    ---------    ---------    ---------
MINI>        0 -35127.79667    -11.55089      9.19350      0.00000
MINI INTERN>       30.89608     87.18642      4.55594    284.93947      6.61285
MINI CROSS>       -17.12137      0.00000      0.00000      0.00000
MINI EXTERN>     -265.68178   -808.83415      0.00000      0.00000      0.00000
MINI EWALD>       2761.5744-1098967.0736 1062381.6313       0.0000       0.0000
MINI CONSTR>        0.00000      0.00000      0.00000     11.55089      0.00000
MINI QUANTM>     -614.26024    -23.77287
 ----------       ---------    ---------    ---------    ---------    ---------

 ABNER> Minimization exiting with gradient tolerance ( 0.2000000) satisfied.

ABNR MIN: Cycle      ENERgy      Delta-E         GRMS    Step-size
ABNR INTERN:          BONDs       ANGLes       UREY-b    DIHEdrals    IMPRopers
ABNR CROSS:           CMAPs        PMF1D        PMF2D        PRIMO
ABNR EXTERN:        VDWaals         ELEC       HBONds          ASP         USER
ABNR EWALD:          EWKSum       EWSElf       EWEXcl       EWQCor       EWUTil
ABNR CONSTR:       HARMonic    CDIHedral          CIC     RESDistance       NOE
ABNR QUANTUM:        QMELec        QMVDw  
 ----------       ---------    ---------    ---------    ---------    ---------
ABNR>       16 -35137.56556      9.76889      0.18695      0.00732
ABNR INTERN>       30.89283     87.19781      4.55825    284.91113      6.60347
ABNR CROSS>       -17.11535      0.00000      0.00000      0.00000
ABNR EXTERN>     -265.49692   -809.15108      0.00000      0.00000      0.00000
ABNR EWALD>       2761.5334-1098967.0736 1062381.6443       0.0000       0.0000
ABNR CONSTR>        0.00000      0.00000      0.00000      0.09792      0.00000
ABNR QUANTM>     -612.51194    -23.65571
 ----------       ---------    ---------    ---------    ---------    ---------
  
 CHARMM>       skip resd
 SKIPE> The following energy terms will be computed :
  BOND ANGL UREY DIHE IMPR VDW  ELEC HBON USER HARM CDIH CIC  CDRO NOE  SBOU
  IMNB IMEL IMHB EWKS EWSE EXTE RXNF ST2  IMST TSM  QMEL QMVD ASP  EHAR GEO 
  MDIP PINT PRMS PANG SSBP BK4D SHEL SHAP STRB OOPL PULL POLA DMC  RGY  EWEX
  EWQC EWUT PBEL PBNP MBDE STRS BNDB BNDT EBST MBST BBT  SST  GBEN HMCM ADUM
  HYDR GSBP FQPO GRVD GREL SASL CMAP ELRC OLAP UMBR RREP RPHO RHBN RBDO RBAC
  RARO PHEN MMPT VMOD CROS FCTP FCTN PATH PMF1 PMF2 PRIM VALB ECHD ECHA ECHT
  ECHR CPUC SMBP EEMA ERMD CSRE ECS  ERDC DEFE MSPT GRHB PCHA
  
 CHARMM>       energy

 SELECTED IMAGES ATOMS BEING CENTERED ABOUT  0.000000  0.000000  0.000000

 <MKIMAT2>: updating the image atom lists and remapping
 Transformation   Atoms  Groups  Residues  Min-Distance
    1  N1N1N1R1 has       0       0       0        1.65
    2  N1Z0N1R1 has       0       0       0        0.89
    3  N1P1N1R1 has       0       0       0        2.98
    4  Z0N1N1R1 has       0       0       0        0.85
    5  Z0Z0N1R1 has       0       0       0        0.00
    6  Z0P1N1R1 has       0       0       0        0.12
    7  N1N1Z0R1 has       0       0       0        0.83
    8  N1Z0Z0R1 has       0       0       0        0.00
    9  N1P1Z0R1 has       0       0       0        1.61
   10  Z0N1Z0R1 has       0       0       0        0.00
   12  N1N1P1R1 has       0       0       0        1.50
   13  N1Z0P1R1 has       0       0       0        0.91
   14  N1P1P1R1 has       0       0       0        2.92
 Total of53479 atoms and17627 groups and16343 residues were included

 <MAKGRP> found      0 image group exclusions.

 NONBOND OPTION FLAGS: 
     ELEC     VDW      GROUps   CDIElec  SWITch   VGROup   VSWItch 
     BYGRoup  NOEXtnd  EWALd   
 CUTNB  = 14.000 CTEXNB =999.000 CTONNB = 12.000 CTOFNB = 13.000
 CGONNB =  0.000 CGOFNB = 10.000
 WMIN   =  0.500 WRNMXD =  0.500 E14FAC =  1.000 EPS    =  1.000
 NBXMOD =      5
 PME EWALD OPTIONS: KAPPA  =  0.340  QCOR =  0.000  Bspline order = 6
 FFTX=  90  FFTY=  90  FFTZ=  90
                Using Pub FFT
                Real-to-Complex FFT
 There are        0 atom  pairs and    78977 atom  exclusions.
 There are    49537 group pairs and     4702 group exclusions.
 Generating nonbond list with Exclusion mode = 5
 == PRIMARY == SPACE FOR 15367279 ATOM PAIRS AND  3080142 GROUP PAIRS

 General group nonbond list generation found:
    49890 GROUP PAIRS WERE FOUND FOR GROUP LIST
  3089412 GROUP PAIRS WERE BEYOND CUTOFFS
152225076 GROUP PAIRS WERE NOT SELECTED
 SPACE FOR        0 ATOM PAIRS AND  1676038 GROUP PAIRS

 Image group nonbond list generation found:
        0 GROUP PAIRS WERE FOUND FOR GROUP LIST
        0 GROUP PAIRS WERE BEYOND CUTOFFS
 GUPQME>    343 unique QM molecule-MM group interactions generated.
 GUPQME>      0 QM/MM group exclusions generated.
 GUPQMV>    343 group interactions generated for  17627 groups.
ENER ENR:  Eval#     ENERgy      Delta-E         GRMS
ENER INTERN:          BONDs       ANGLes       UREY-b    DIHEdrals    IMPRopers
ENER CROSS:           CMAPs        PMF1D        PMF2D        PRIMO
ENER EXTERN:        VDWaals         ELEC       HBONds          ASP         USER
ENER EWALD:          EWKSum       EWSElf       EWEXcl       EWQCor       EWUTil
ENER QUANTUM:        QMELec        QMVDw  
 ----------       ---------    ---------    ---------    ---------    ---------
ENER>        0 -35137.66348      0.09792      0.90327
ENER INTERN>       30.89283     87.19781      4.55825    284.91113      6.60347
ENER CROSS>       -17.11535      0.00000      0.00000      0.00000
ENER EXTERN>     -265.49692   -809.15108      0.00000      0.00000      0.00000
ENER EWALD>       2761.5334-1098967.0736 1062381.6443       0.0000       0.0000
ENER QUANTM>     -612.51194    -23.65571
 ----------       ---------    ---------    ---------    ---------    ---------
  
 CHARMM>       print resdistance
REDWRI:  Number of distance restraints=   1  Overall scale factor=      1.0000

 REDWRI: Evaluating restraint     1  KVAL=  2000.000 RVAL=    -0.900
    Number of atom pairs=   2 Global Exponent=   2 Internal Exponent=   1 One sided mode= 0
      atom pair:  5685 HETA     223      C1       5695 HETA     223      C8         distance factor=      1.0000  Current distance=      1.577533
      atom pair:  5687 HETA     223      C3       5697 HETA     223      O4         distance factor=     -1.0000  Current distance=      2.487428
      Distance deviation=     -0.009895  Energy=       0.09792 Force=     -19.79089

 REDWRI:  Current number of restraints=   1

  
 CHARMM>       trajectory write
  
 CHARMM>       increase n by 1
 Parameter: N <- "13"
  
 CHARMM>       increase rc by 0.1
 Parameter: RC <- "-0.8"
  
 CHARMM>    if rc le 2.0 goto loop
 Comparing "-0.8" and "2.0".
 IF test evaluated as true.  Performing command
  
 CHARMM>       skip none
 SKIPE> The following energy terms will be computed :
  BOND ANGL UREY DIHE IMPR VDW  ELEC HBON USER HARM CDIH CIC  CDRO NOE  SBOU
  IMNB IMEL IMHB EWKS EWSE EXTE RXNF ST2  IMST TSM  QMEL QMVD ASP  EHAR GEO 
  MDIP PINT PRMS PANG SSBP BK4D SHEL RESD SHAP STRB OOPL PULL POLA DMC  RGY 
  EWEX EWQC EWUT PBEL PBNP MBDE STRS BNDB BNDT EBST MBST BBT  SST  GBEN HMCM
  ADUM HYDR GSBP FQPO GRVD GREL SASL CMAP ELRC OLAP UMBR RREP RPHO RHBN RBDO
  RBAC RARO PHEN MMPT VMOD CROS FCTP FCTN PATH PMF1 PMF2 PRIM VALB ECHD ECHA
  ECHT ECHR CPUC SMBP EEMA ERMD CSRE ECS  ERDC DEFE MSPT GRHB PCHA
  
 CHARMM>       resdistance reset
  RESDIST: Restrained distances restraints reset.
 RESDIST:  Current number of restraints=   0
  
 CHARMM>       resdistance kval 2000.0 rval @rc -
 CHARMM>       1.0 @atom1 @atom2 -1.0 @atom3 @atom4
 Parameter: RC -> "-0.8"
 Parameter: ATOM1 -> "HETA 223 C1"
 Parameter: ATOM2 -> "HETA 223 C8"
 Parameter: ATOM3 -> "HETA 223 C3"
 Parameter: ATOM4 -> "HETA 223 O4"
 REDSET: Adding restraint     1  KVAL=  2000.000 RVAL=    -0.800
     Number of atom pairs=   2 Global Exponent=   2 Internal Exponent=   1 One sided mode= 0
      atom pair:  5685 HETA     223      C1       5695 HETA     223      C8         distance factor=      1.0000
      atom pair:  5687 HETA     223      C3       5697 HETA     223      O4         distance factor=     -1.0000
 RESDIST:  Current number of restraints=   1
  
 CHARMM>       mini abnr nstep 2000 tolitr 2000 tolgrd 0.2 nprint 2000

 SELECTED IMAGES ATOMS BEING CENTERED ABOUT  0.000000  0.000000  0.000000

 <MKIMAT2>: updating the image atom lists and remapping
 Transformation   Atoms  Groups  Residues  Min-Distance
    1  N1N1N1R1 has       0       0       0        1.65
    2  N1Z0N1R1 has       0       0       0        0.89
    3  N1P1N1R1 has       0       0       0        2.98
    4  Z0N1N1R1 has       0       0       0        0.85
    5  Z0Z0N1R1 has       0       0       0        0.00
    6  Z0P1N1R1 has       0       0       0        0.12
    7  N1N1Z0R1 has       0       0       0        0.83
    8  N1Z0Z0R1 has       0       0       0        0.00
    9  N1P1Z0R1 has       0       0       0        1.61
   10  Z0N1Z0R1 has       0       0       0        0.00
   12  N1N1P1R1 has       0       0       0        1.50
   13  N1Z0P1R1 has       0       0       0        0.91
   14  N1P1P1R1 has       0       0       0        2.92
 Total of53479 atoms and17627 groups and16343 residues were included

 <MAKGRP> found      0 image group exclusions.

 NONBOND OPTION FLAGS: 
     ELEC     VDW      GROUps   CDIElec  SWITch   VGROup   VSWItch 
     BYGRoup  NOEXtnd  EWALd   
 CUTNB  = 14.000 CTEXNB =999.000 CTONNB = 12.000 CTOFNB = 13.000
 CGONNB =  0.000 CGOFNB = 10.000
 WMIN   =  0.500 WRNMXD =  0.500 E14FAC =  1.000 EPS    =  1.000
 NBXMOD =      5
 PME EWALD OPTIONS: KAPPA  =  0.340  QCOR =  0.000  Bspline order = 6
 FFTX=  90  FFTY=  90  FFTZ=  90
                Using Pub FFT
                Real-to-Complex FFT
 There are        0 atom  pairs and    78977 atom  exclusions.
 There are    49546 group pairs and     4702 group exclusions.
 Generating nonbond list with Exclusion mode = 5
 == PRIMARY == SPACE FOR 15367279 ATOM PAIRS AND  3080142 GROUP PAIRS

 General group nonbond list generation found:
    49890 GROUP PAIRS WERE FOUND FOR GROUP LIST
  3089412 GROUP PAIRS WERE BEYOND CUTOFFS
152225076 GROUP PAIRS WERE NOT SELECTED
 SPACE FOR        0 ATOM PAIRS AND  1676038 GROUP PAIRS

 Image group nonbond list generation found:
        0 GROUP PAIRS WERE FOUND FOR GROUP LIST
        0 GROUP PAIRS WERE BEYOND CUTOFFS
 GUPQME>    343 unique QM molecule-MM group interactions generated.
 GUPQME>      0 QM/MM group exclusions generated.
 GUPQMV>    343 group interactions generated for  17627 groups.


 ABNER> An energy minimization has been requested.

 EIGRNG =    0.0005000   MINDIM =            5
 NPRINT =         2000   NSTEP  =         2000
 PSTRCT =    0.0000000   SDSTP  =    0.0200000
 STPLIM =    1.0000000   STRICT =    0.1000000
 TOLFUN =    0.0000000   TOLGRD =    0.2000000
 TOLITR =         2000   TOLSTP =    0.0000000
 FMEM   =    0.0000000
MINI MIN: Cycle      ENERgy      Delta-E         GRMS    Step-size
MINI INTERN:          BONDs       ANGLes       UREY-b    DIHEdrals    IMPRopers
MINI CROSS:           CMAPs        PMF1D        PMF2D        PRIMO
MINI EXTERN:        VDWaals         ELEC       HBONds          ASP         USER
MINI EWALD:          EWKSum       EWSElf       EWEXcl       EWQCor       EWUTil
MINI CONSTR:       HARMonic    CDIHedral          CIC     RESDistance       NOE
MINI QUANTUM:        QMELec        QMVDw  
 ----------       ---------    ---------    ---------    ---------    ---------
MINI>        0 -35125.58647    -12.07701      9.27743      0.00000
MINI INTERN>       30.89283     87.19781      4.55825    284.91113      6.60347
MINI CROSS>       -17.11535      0.00000      0.00000      0.00000
MINI EXTERN>     -265.49692   -809.15108      0.00000      0.00000      0.00000
MINI EWALD>       2761.5334-1098967.0736 1062381.6443       0.0000       0.0000
MINI CONSTR>        0.00000      0.00000      0.00000     12.07701      0.00000
MINI QUANTM>     -612.51194    -23.65571
 ----------       ---------    ---------    ---------    ---------    ---------
 UPDECI: Image update at step        25

 <MKIMAT2>: updating the image atom lists and remapping
 Transformation   Atoms  Groups  Residues  Min-Distance
    1  N1N1N1R1 has       0       0       0        1.65
    2  N1Z0N1R1 has       0       0       0        0.89
    3  N1P1N1R1 has       0       0       0        2.98
    4  Z0N1N1R1 has       0       0       0        0.85
    5  Z0Z0N1R1 has       0       0       0        0.00
    6  Z0P1N1R1 has       0       0       0        0.12
    7  N1N1Z0R1 has       0       0       0        0.83
    8  N1Z0Z0R1 has       0       0       0        0.00
    9  N1P1Z0R1 has       0       0       0        1.61
   10  Z0N1Z0R1 has       0       0       0        0.00
   12  N1N1P1R1 has       0       0       0        1.50
   13  N1Z0P1R1 has       0       0       0        0.91
   14  N1P1P1R1 has       0       0       0        2.92
 Total of53479 atoms and17627 groups and16343 residues were included

 <MAKGRP> found      0 image group exclusions.
 UPDECI: Nonbond update at step        25
 Generating nonbond list with Exclusion mode = 5
 == PRIMARY == SPACE FOR 15367279 ATOM PAIRS AND  3080142 GROUP PAIRS

 General group nonbond list generation found:
    49879 GROUP PAIRS WERE FOUND FOR GROUP LIST
  3089423 GROUP PAIRS WERE BEYOND CUTOFFS
152225076 GROUP PAIRS WERE NOT SELECTED
 SPACE FOR        0 ATOM PAIRS AND  1676038 GROUP PAIRS

 Image group nonbond list generation found:
        0 GROUP PAIRS WERE FOUND FOR GROUP LIST
        0 GROUP PAIRS WERE BEYOND CUTOFFS
 GUPQME>    342 unique QM molecule-MM group interactions generated.
 GUPQME>      0 QM/MM group exclusions generated.
 GUPQMV>    342 group interactions generated for  17627 groups.

 ABNER> Minimization exiting with gradient tolerance ( 0.2000000) satisfied.

ABNR MIN: Cycle      ENERgy      Delta-E         GRMS    Step-size
ABNR INTERN:          BONDs       ANGLes       UREY-b    DIHEdrals    IMPRopers
ABNR CROSS:           CMAPs        PMF1D        PMF2D        PRIMO
ABNR EXTERN:        VDWaals         ELEC       HBONds          ASP         USER
ABNR EWALD:          EWKSum       EWSElf       EWEXcl       EWQCor       EWUTil
ABNR CONSTR:       HARMonic    CDIHedral          CIC     RESDistance       NOE
ABNR QUANTUM:        QMELec        QMVDw  
 ----------       ---------    ---------    ---------    ---------    ---------
ABNR>       36 -35137.15209     11.56562      0.18059      0.00412
ABNR INTERN>       30.99711     87.10684      4.58196    284.97965      6.68296
ABNR CROSS>       -17.04290      0.00000      0.00000      0.00000
ABNR EXTERN>     -263.81302   -812.29779      0.00000      0.00000      0.00000
ABNR EWALD>       2761.9818-1098967.0736 1062381.6113       0.0000       0.0000
ABNR CONSTR>        0.00000      0.00000      0.00000      0.16678      0.00000
ABNR QUANTM>     -611.41403    -23.61915
 ----------       ---------    ---------    ---------    ---------    ---------
  
 CHARMM>       skip resd
 SKIPE> The following energy terms will be computed :
  BOND ANGL UREY DIHE IMPR VDW  ELEC HBON USER HARM CDIH CIC  CDRO NOE  SBOU
  IMNB IMEL IMHB EWKS EWSE EXTE RXNF ST2  IMST TSM  QMEL QMVD ASP  EHAR GEO 
  MDIP PINT PRMS PANG SSBP BK4D SHEL SHAP STRB OOPL PULL POLA DMC  RGY  EWEX
  EWQC EWUT PBEL PBNP MBDE STRS BNDB BNDT EBST MBST BBT  SST  GBEN HMCM ADUM
  HYDR GSBP FQPO GRVD GREL SASL CMAP ELRC OLAP UMBR RREP RPHO RHBN RBDO RBAC
  RARO PHEN MMPT VMOD CROS FCTP FCTN PATH PMF1 PMF2 PRIM VALB ECHD ECHA ECHT
  ECHR CPUC SMBP EEMA ERMD CSRE ECS  ERDC DEFE MSPT GRHB PCHA
  
 CHARMM>       energy

 SELECTED IMAGES ATOMS BEING CENTERED ABOUT  0.000000  0.000000  0.000000

 <MKIMAT2>: updating the image atom lists and remapping
 Transformation   Atoms  Groups  Residues  Min-Distance
    1  N1N1N1R1 has       0       0       0        1.65
    2  N1Z0N1R1 has       0       0       0        0.89
    3  N1P1N1R1 has       0       0       0        2.98
    4  Z0N1N1R1 has       0       0       0        0.85
    5  Z0Z0N1R1 has       0       0       0        0.00
    6  Z0P1N1R1 has       0       0       0        0.12
    7  N1N1Z0R1 has       0       0       0        0.83
    8  N1Z0Z0R1 has       0       0       0        0.00
    9  N1P1Z0R1 has       0       0       0        1.61
   10  Z0N1Z0R1 has       0       0       0        0.00
   12  N1N1P1R1 has       0       0       0        1.50
   13  N1Z0P1R1 has       0       0       0        0.91
   14  N1P1P1R1 has       0       0       0        2.92
 Total of53479 atoms and17627 groups and16343 residues were included

 <MAKGRP> found      0 image group exclusions.

 NONBOND OPTION FLAGS: 
     ELEC     VDW      GROUps   CDIElec  SWITch   VGROup   VSWItch 
     BYGRoup  NOEXtnd  EWALd   
 CUTNB  = 14.000 CTEXNB =999.000 CTONNB = 12.000 CTOFNB = 13.000
 CGONNB =  0.000 CGOFNB = 10.000
 WMIN   =  0.500 WRNMXD =  0.500 E14FAC =  1.000 EPS    =  1.000
 NBXMOD =      5
 PME EWALD OPTIONS: KAPPA  =  0.340  QCOR =  0.000  Bspline order = 6
 FFTX=  90  FFTY=  90  FFTZ=  90
                Using Pub FFT
                Real-to-Complex FFT
 There are        0 atom  pairs and    78977 atom  exclusions.
 There are    49536 group pairs and     4702 group exclusions.
 Generating nonbond list with Exclusion mode = 5
 == PRIMARY == SPACE FOR 15367279 ATOM PAIRS AND  3080142 GROUP PAIRS

 General group nonbond list generation found:
    49875 GROUP PAIRS WERE FOUND FOR GROUP LIST
  3089427 GROUP PAIRS WERE BEYOND CUTOFFS
152225076 GROUP PAIRS WERE NOT SELECTED
 SPACE FOR        0 ATOM PAIRS AND  1676038 GROUP PAIRS

 Image group nonbond list generation found:
        0 GROUP PAIRS WERE FOUND FOR GROUP LIST
        0 GROUP PAIRS WERE BEYOND CUTOFFS
 GUPQME>    342 unique QM molecule-MM group interactions generated.
 GUPQME>      0 QM/MM group exclusions generated.
 GUPQMV>    342 group interactions generated for  17627 groups.
ENER ENR:  Eval#     ENERgy      Delta-E         GRMS
ENER INTERN:          BONDs       ANGLes       UREY-b    DIHEdrals    IMPRopers
ENER CROSS:           CMAPs        PMF1D        PMF2D        PRIMO
ENER EXTERN:        VDWaals         ELEC       HBONds          ASP         USER
ENER EWALD:          EWKSum       EWSElf       EWEXcl       EWQCor       EWUTil
ENER QUANTUM:        QMELec        QMVDw  
 ----------       ---------    ---------    ---------    ---------    ---------
ENER>        0 -35137.31887      0.16678      1.22635
ENER INTERN>       30.99711     87.10684      4.58196    284.97965      6.68296
ENER CROSS>       -17.04290      0.00000      0.00000      0.00000
ENER EXTERN>     -263.81302   -812.29779      0.00000      0.00000      0.00000
ENER EWALD>       2761.9818-1098967.0736 1062381.6113       0.0000       0.0000
ENER QUANTM>     -611.41403    -23.61915
 ----------       ---------    ---------    ---------    ---------    ---------
  
 CHARMM>       print resdistance
REDWRI:  Number of distance restraints=   1  Overall scale factor=      1.0000

 REDWRI: Evaluating restraint     1  KVAL=  2000.000 RVAL=    -0.800
    Number of atom pairs=   2 Global Exponent=   2 Internal Exponent=   1 One sided mode= 0
      atom pair:  5685 HETA     223      C1       5695 HETA     223      C8         distance factor=      1.0000  Current distance=      1.592782
      atom pair:  5687 HETA     223      C3       5697 HETA     223      O4         distance factor=     -1.0000  Current distance=      2.405697
      Distance deviation=     -0.012914  Energy=       0.16678 Force=     -25.82900

 REDWRI:  Current number of restraints=   1

  
 CHARMM>       trajectory write
  
 CHARMM>       increase n by 1
 Parameter: N <- "14"
  
 CHARMM>       increase rc by 0.1
 Parameter: RC <- "-0.7"
  
 CHARMM>    if rc le 2.0 goto loop
 Comparing "-0.7" and "2.0".
 IF test evaluated as true.  Performing command
  
 CHARMM>       skip none
 SKIPE> The following energy terms will be computed :
  BOND ANGL UREY DIHE IMPR VDW  ELEC HBON USER HARM CDIH CIC  CDRO NOE  SBOU
  IMNB IMEL IMHB EWKS EWSE EXTE RXNF ST2  IMST TSM  QMEL QMVD ASP  EHAR GEO 
  MDIP PINT PRMS PANG SSBP BK4D SHEL RESD SHAP STRB OOPL PULL POLA DMC  RGY 
  EWEX EWQC EWUT PBEL PBNP MBDE STRS BNDB BNDT EBST MBST BBT  SST  GBEN HMCM
  ADUM HYDR GSBP FQPO GRVD GREL SASL CMAP ELRC OLAP UMBR RREP RPHO RHBN RBDO
  RBAC RARO PHEN MMPT VMOD CROS FCTP FCTN PATH PMF1 PMF2 PRIM VALB ECHD ECHA
  ECHT ECHR CPUC SMBP EEMA ERMD CSRE ECS  ERDC DEFE MSPT GRHB PCHA
  
 CHARMM>       resdistance reset
  RESDIST: Restrained distances restraints reset.
 RESDIST:  Current number of restraints=   0
  
 CHARMM>       resdistance kval 2000.0 rval @rc -
 CHARMM>       1.0 @atom1 @atom2 -1.0 @atom3 @atom4
 Parameter: RC -> "-0.7"
 Parameter: ATOM1 -> "HETA 223 C1"
 Parameter: ATOM2 -> "HETA 223 C8"
 Parameter: ATOM3 -> "HETA 223 C3"
 Parameter: ATOM4 -> "HETA 223 O4"
 REDSET: Adding restraint     1  KVAL=  2000.000 RVAL=    -0.700
     Number of atom pairs=   2 Global Exponent=   2 Internal Exponent=   1 One sided mode= 0
      atom pair:  5685 HETA     223      C1       5695 HETA     223      C8         distance factor=      1.0000
      atom pair:  5687 HETA     223      C3       5697 HETA     223      O4         distance factor=     -1.0000
 RESDIST:  Current number of restraints=   1
  
 CHARMM>       mini abnr nstep 2000 tolitr 2000 tolgrd 0.2 nprint 2000

 SELECTED IMAGES ATOMS BEING CENTERED ABOUT  0.000000  0.000000  0.000000

 <MKIMAT2>: updating the image atom lists and remapping
 Transformation   Atoms  Groups  Residues  Min-Distance
    1  N1N1N1R1 has       0       0       0        1.65
    2  N1Z0N1R1 has       0       0       0        0.89
    3  N1P1N1R1 has       0       0       0        2.98
    4  Z0N1N1R1 has       0       0       0        0.85
    5  Z0Z0N1R1 has       0       0       0        0.00
    6  Z0P1N1R1 has       0       0       0        0.12
    7  N1N1Z0R1 has       0       0       0        0.83
    8  N1Z0Z0R1 has       0       0       0        0.00
    9  N1P1Z0R1 has       0       0       0        1.61
   10  Z0N1Z0R1 has       0       0       0        0.00
   12  N1N1P1R1 has       0       0       0        1.50
   13  N1Z0P1R1 has       0       0       0        0.91
   14  N1P1P1R1 has       0       0       0        2.92
 Total of53479 atoms and17627 groups and16343 residues were included

 <MAKGRP> found      0 image group exclusions.

 NONBOND OPTION FLAGS: 
     ELEC     VDW      GROUps   CDIElec  SWITch   VGROup   VSWItch 
     BYGRoup  NOEXtnd  EWALd   
 CUTNB  = 14.000 CTEXNB =999.000 CTONNB = 12.000 CTOFNB = 13.000
 CGONNB =  0.000 CGOFNB = 10.000
 WMIN   =  0.500 WRNMXD =  0.500 E14FAC =  1.000 EPS    =  1.000
 NBXMOD =      5
 PME EWALD OPTIONS: KAPPA  =  0.340  QCOR =  0.000  Bspline order = 6
 FFTX=  90  FFTY=  90  FFTZ=  90
                Using Pub FFT
                Real-to-Complex FFT
 There are        0 atom  pairs and    78977 atom  exclusions.
 There are    49532 group pairs and     4702 group exclusions.
 Generating nonbond list with Exclusion mode = 5
 == PRIMARY == SPACE FOR 15367279 ATOM PAIRS AND  3080142 GROUP PAIRS

 General group nonbond list generation found:
    49875 GROUP PAIRS WERE FOUND FOR GROUP LIST
  3089427 GROUP PAIRS WERE BEYOND CUTOFFS
152225076 GROUP PAIRS WERE NOT SELECTED
 SPACE FOR        0 ATOM PAIRS AND  1676038 GROUP PAIRS

 Image group nonbond list generation found:
        0 GROUP PAIRS WERE FOUND FOR GROUP LIST
        0 GROUP PAIRS WERE BEYOND CUTOFFS
 GUPQME>    342 unique QM molecule-MM group interactions generated.
 GUPQME>      0 QM/MM group exclusions generated.
 GUPQMV>    342 group interactions generated for  17627 groups.


 ABNER> An energy minimization has been requested.

 EIGRNG =    0.0005000   MINDIM =            5
 NPRINT =         2000   NSTEP  =         2000
 PSTRCT =    0.0000000   SDSTP  =    0.0200000
 STPLIM =    1.0000000   STRICT =    0.1000000
 TOLFUN =    0.0000000   TOLGRD =    0.2000000
 TOLITR =         2000   TOLSTP =    0.0000000
 FMEM   =    0.0000000
MINI MIN: Cycle      ENERgy      Delta-E         GRMS    Step-size
MINI INTERN:          BONDs       ANGLes       UREY-b    DIHEdrals    IMPRopers
MINI CROSS:           CMAPs        PMF1D        PMF2D        PRIMO
MINI EXTERN:        VDWaals         ELEC       HBONds          ASP         USER
MINI EWALD:          EWKSum       EWSElf       EWEXcl       EWQCor       EWUTil
MINI CONSTR:       HARMonic    CDIHedral          CIC     RESDistance       NOE
MINI QUANTUM:        QMELec        QMVDw  
 ----------       ---------    ---------    ---------    ---------    ---------
MINI>        0 -35124.56919    -12.74968      9.22756      0.00000
MINI INTERN>       30.99711     87.10684      4.58196    284.97965      6.68296
MINI CROSS>       -17.04290      0.00000      0.00000      0.00000
MINI EXTERN>     -263.81302   -812.29779      0.00000      0.00000      0.00000
MINI EWALD>       2761.9818-1098967.0736 1062381.6113       0.0000       0.0000
MINI CONSTR>        0.00000      0.00000      0.00000     12.74968      0.00000
MINI QUANTM>     -611.41403    -23.61915
 ----------       ---------    ---------    ---------    ---------    ---------

 ABNER> Minimization exiting with gradient tolerance ( 0.2000000) satisfied.

ABNR MIN: Cycle      ENERgy      Delta-E         GRMS    Step-size
ABNR INTERN:          BONDs       ANGLes       UREY-b    DIHEdrals    IMPRopers
ABNR CROSS:           CMAPs        PMF1D        PMF2D        PRIMO
ABNR EXTERN:        VDWaals         ELEC       HBONds          ASP         USER
ABNR EWALD:          EWKSum       EWSElf       EWEXcl       EWQCor       EWUTil
ABNR CONSTR:       HARMonic    CDIHedral          CIC     RESDistance       NOE
ABNR QUANTUM:        QMELec        QMVDw  
 ----------       ---------    ---------    ---------    ---------    ---------
ABNR>       19 -35134.47824      9.90905      0.17062      0.00534
ABNR INTERN>       30.98792     87.18426      4.59543    284.98097      6.70819
ABNR CROSS>       -17.01534      0.00000      0.00000      0.00000
ABNR EXTERN>     -263.78396   -812.37303      0.00000      0.00000      0.00000
ABNR EWALD>       2762.3075-1098967.0736 1062381.5980       0.0000       0.0000
ABNR CONSTR>        0.00000      0.00000      0.00000      0.28884      0.00000
ABNR QUANTM>     -609.30950    -23.57385
 ----------       ---------    ---------    ---------    ---------    ---------
  
 CHARMM>       skip resd
 SKIPE> The following energy terms will be computed :
  BOND ANGL UREY DIHE IMPR VDW  ELEC HBON USER HARM CDIH CIC  CDRO NOE  SBOU
  IMNB IMEL IMHB EWKS EWSE EXTE RXNF ST2  IMST TSM  QMEL QMVD ASP  EHAR GEO 
  MDIP PINT PRMS PANG SSBP BK4D SHEL SHAP STRB OOPL PULL POLA DMC  RGY  EWEX
  EWQC EWUT PBEL PBNP MBDE STRS BNDB BNDT EBST MBST BBT  SST  GBEN HMCM ADUM
  HYDR GSBP FQPO GRVD GREL SASL CMAP ELRC OLAP UMBR RREP RPHO RHBN RBDO RBAC
  RARO PHEN MMPT VMOD CROS FCTP FCTN PATH PMF1 PMF2 PRIM VALB ECHD ECHA ECHT
  ECHR CPUC SMBP EEMA ERMD CSRE ECS  ERDC DEFE MSPT GRHB PCHA
  
 CHARMM>       energy

 SELECTED IMAGES ATOMS BEING CENTERED ABOUT  0.000000  0.000000  0.000000

 <MKIMAT2>: updating the image atom lists and remapping
 Transformation   Atoms  Groups  Residues  Min-Distance
    1  N1N1N1R1 has       0       0       0        1.65
    2  N1Z0N1R1 has       0       0       0        0.89
    3  N1P1N1R1 has       0       0       0        2.98
    4  Z0N1N1R1 has       0       0       0        0.85
    5  Z0Z0N1R1 has       0       0       0        0.00
    6  Z0P1N1R1 has       0       0       0        0.12
    7  N1N1Z0R1 has       0       0       0        0.83
    8  N1Z0Z0R1 has       0       0       0        0.00
    9  N1P1Z0R1 has       0       0       0        1.61
   10  Z0N1Z0R1 has       0       0       0        0.00
   12  N1N1P1R1 has       0       0       0        1.50
   13  N1Z0P1R1 has       0       0       0        0.91
   14  N1P1P1R1 has       0       0       0        2.92
 Total of53479 atoms and17627 groups and16343 residues were included

 <MAKGRP> found      0 image group exclusions.

 NONBOND OPTION FLAGS: 
     ELEC     VDW      GROUps   CDIElec  SWITch   VGROup   VSWItch 
     BYGRoup  NOEXtnd  EWALd   
 CUTNB  = 14.000 CTEXNB =999.000 CTONNB = 12.000 CTOFNB = 13.000
 CGONNB =  0.000 CGOFNB = 10.000
 WMIN   =  0.500 WRNMXD =  0.500 E14FAC =  1.000 EPS    =  1.000
 NBXMOD =      5
 PME EWALD OPTIONS: KAPPA  =  0.340  QCOR =  0.000  Bspline order = 6
 FFTX=  90  FFTY=  90  FFTZ=  90
                Using Pub FFT
                Real-to-Complex FFT
 There are        0 atom  pairs and    78977 atom  exclusions.
 There are    49532 group pairs and     4702 group exclusions.
 Generating nonbond list with Exclusion mode = 5
 == PRIMARY == SPACE FOR 15367279 ATOM PAIRS AND  3080142 GROUP PAIRS

 General group nonbond list generation found:
    49873 GROUP PAIRS WERE FOUND FOR GROUP LIST
  3089429 GROUP PAIRS WERE BEYOND CUTOFFS
152225076 GROUP PAIRS WERE NOT SELECTED
 SPACE FOR        0 ATOM PAIRS AND  1676038 GROUP PAIRS

 Image group nonbond list generation found:
        0 GROUP PAIRS WERE FOUND FOR GROUP LIST
        0 GROUP PAIRS WERE BEYOND CUTOFFS
 GUPQME>    342 unique QM molecule-MM group interactions generated.
 GUPQME>      0 QM/MM group exclusions generated.
 GUPQMV>    342 group interactions generated for  17627 groups.
ENER ENR:  Eval#     ENERgy      Delta-E         GRMS
ENER INTERN:          BONDs       ANGLes       UREY-b    DIHEdrals    IMPRopers
ENER CROSS:           CMAPs        PMF1D        PMF2D        PRIMO
ENER EXTERN:        VDWaals         ELEC       HBONds          ASP         USER
ENER EWALD:          EWKSum       EWSElf       EWEXcl       EWQCor       EWUTil
ENER QUANTUM:        QMELec        QMVDw  
 ----------       ---------    ---------    ---------    ---------    ---------
ENER>        0 -35134.76708      0.28884      1.45575
ENER INTERN>       30.98792     87.18426      4.59543    284.98097      6.70819
ENER CROSS>       -17.01534      0.00000      0.00000      0.00000
ENER EXTERN>     -263.78396   -812.37303      0.00000      0.00000      0.00000
ENER EWALD>       2762.3075-1098967.0736 1062381.5980       0.0000       0.0000
ENER QUANTM>     -609.30950    -23.57385
 ----------       ---------    ---------    ---------    ---------    ---------
  
 CHARMM>       print resdistance
REDWRI:  Number of distance restraints=   1  Overall scale factor=      1.0000

 REDWRI: Evaluating restraint     1  KVAL=  2000.000 RVAL=    -0.700
    Number of atom pairs=   2 Global Exponent=   2 Internal Exponent=   1 One sided mode= 0
      atom pair:  5685 HETA     223      C1       5695 HETA     223      C8         distance factor=      1.0000  Current distance=      1.608131
      atom pair:  5687 HETA     223      C3       5697 HETA     223      O4         distance factor=     -1.0000  Current distance=      2.325126
      Distance deviation=     -0.016995  Energy=       0.28884 Force=     -33.99078

 REDWRI:  Current number of restraints=   1

  
 CHARMM>       trajectory write
  
 CHARMM>       increase n by 1
 Parameter: N <- "15"
  
 CHARMM>       increase rc by 0.1
 Parameter: RC <- "-0.6"
  
 CHARMM>    if rc le 2.0 goto loop
 Comparing "-0.6" and "2.0".
 IF test evaluated as true.  Performing command
  
 CHARMM>       skip none
 SKIPE> The following energy terms will be computed :
  BOND ANGL UREY DIHE IMPR VDW  ELEC HBON USER HARM CDIH CIC  CDRO NOE  SBOU
  IMNB IMEL IMHB EWKS EWSE EXTE RXNF ST2  IMST TSM  QMEL QMVD ASP  EHAR GEO 
  MDIP PINT PRMS PANG SSBP BK4D SHEL RESD SHAP STRB OOPL PULL POLA DMC  RGY 
  EWEX EWQC EWUT PBEL PBNP MBDE STRS BNDB BNDT EBST MBST BBT  SST  GBEN HMCM
  ADUM HYDR GSBP FQPO GRVD GREL SASL CMAP ELRC OLAP UMBR RREP RPHO RHBN RBDO
  RBAC RARO PHEN MMPT VMOD CROS FCTP FCTN PATH PMF1 PMF2 PRIM VALB ECHD ECHA
  ECHT ECHR CPUC SMBP EEMA ERMD CSRE ECS  ERDC DEFE MSPT GRHB PCHA
  
 CHARMM>       resdistance reset
  RESDIST: Restrained distances restraints reset.
 RESDIST:  Current number of restraints=   0
  
 CHARMM>       resdistance kval 2000.0 rval @rc -
 CHARMM>       1.0 @atom1 @atom2 -1.0 @atom3 @atom4
 Parameter: RC -> "-0.6"
 Parameter: ATOM1 -> "HETA 223 C1"
 Parameter: ATOM2 -> "HETA 223 C8"
 Parameter: ATOM3 -> "HETA 223 C3"
 Parameter: ATOM4 -> "HETA 223 O4"
 REDSET: Adding restraint     1  KVAL=  2000.000 RVAL=    -0.600
     Number of atom pairs=   2 Global Exponent=   2 Internal Exponent=   1 One sided mode= 0
      atom pair:  5685 HETA     223      C1       5695 HETA     223      C8         distance factor=      1.0000
      atom pair:  5687 HETA     223      C3       5697 HETA     223      O4         distance factor=     -1.0000
 RESDIST:  Current number of restraints=   1
  
 CHARMM>       mini abnr nstep 2000 tolitr 2000 tolgrd 0.2 nprint 2000

 SELECTED IMAGES ATOMS BEING CENTERED ABOUT  0.000000  0.000000  0.000000

 <MKIMAT2>: updating the image atom lists and remapping
 Transformation   Atoms  Groups  Residues  Min-Distance
    1  N1N1N1R1 has       0       0       0        1.65
    2  N1Z0N1R1 has       0       0       0        0.89
    3  N1P1N1R1 has       0       0       0        2.98
    4  Z0N1N1R1 has       0       0       0        0.85
    5  Z0Z0N1R1 has       0       0       0        0.00
    6  Z0P1N1R1 has       0       0       0        0.12
    7  N1N1Z0R1 has       0       0       0        0.83
    8  N1Z0Z0R1 has       0       0       0        0.00
    9  N1P1Z0R1 has       0       0       0        1.61
   10  Z0N1Z0R1 has       0       0       0        0.00
   12  N1N1P1R1 has       0       0       0        1.50
   13  N1Z0P1R1 has       0       0       0        0.91
   14  N1P1P1R1 has       0       0       0        2.92
 Total of53479 atoms and17627 groups and16343 residues were included

 <MAKGRP> found      0 image group exclusions.

 NONBOND OPTION FLAGS: 
     ELEC     VDW      GROUps   CDIElec  SWITch   VGROup   VSWItch 
     BYGRoup  NOEXtnd  EWALd   
 CUTNB  = 14.000 CTEXNB =999.000 CTONNB = 12.000 CTOFNB = 13.000
 CGONNB =  0.000 CGOFNB = 10.000
 WMIN   =  0.500 WRNMXD =  0.500 E14FAC =  1.000 EPS    =  1.000
 NBXMOD =      5
 PME EWALD OPTIONS: KAPPA  =  0.340  QCOR =  0.000  Bspline order = 6
 FFTX=  90  FFTY=  90  FFTZ=  90
                Using Pub FFT
                Real-to-Complex FFT
 There are        0 atom  pairs and    78977 atom  exclusions.
 There are    49530 group pairs and     4702 group exclusions.
 Generating nonbond list with Exclusion mode = 5
 == PRIMARY == SPACE FOR 15367279 ATOM PAIRS AND  3080142 GROUP PAIRS

 General group nonbond list generation found:
    49873 GROUP PAIRS WERE FOUND FOR GROUP LIST
  3089429 GROUP PAIRS WERE BEYOND CUTOFFS
152225076 GROUP PAIRS WERE NOT SELECTED
 SPACE FOR        0 ATOM PAIRS AND  1676038 GROUP PAIRS

 Image group nonbond list generation found:
        0 GROUP PAIRS WERE FOUND FOR GROUP LIST
        0 GROUP PAIRS WERE BEYOND CUTOFFS
 GUPQME>    342 unique QM molecule-MM group interactions generated.
 GUPQME>      0 QM/MM group exclusions generated.
 GUPQMV>    342 group interactions generated for  17627 groups.


 ABNER> An energy minimization has been requested.

 EIGRNG =    0.0005000   MINDIM =            5
 NPRINT =         2000   NSTEP  =         2000
 PSTRCT =    0.0000000   SDSTP  =    0.0200000
 STPLIM =    1.0000000   STRICT =    0.1000000
 TOLFUN =    0.0000000   TOLGRD =    0.2000000
 TOLITR =         2000   TOLSTP =    0.0000000
 FMEM   =    0.0000000
MINI MIN: Cycle      ENERgy      Delta-E         GRMS    Step-size
MINI INTERN:          BONDs       ANGLes       UREY-b    DIHEdrals    IMPRopers
MINI CROSS:           CMAPs        PMF1D        PMF2D        PRIMO
MINI EXTERN:        VDWaals         ELEC       HBONds          ASP         USER
MINI EWALD:          EWKSum       EWSElf       EWEXcl       EWQCor       EWUTil
MINI CONSTR:       HARMonic    CDIHedral          CIC     RESDistance       NOE
MINI QUANTUM:        QMELec        QMVDw  
 ----------       ---------    ---------    ---------    ---------    ---------
MINI>        0 -35121.07916    -13.68792      9.36628      0.00000
MINI INTERN>       30.98792     87.18426      4.59543    284.98097      6.70819
MINI CROSS>       -17.01534      0.00000      0.00000      0.00000
MINI EXTERN>     -263.78396   -812.37303      0.00000      0.00000      0.00000
MINI EWALD>       2762.3075-1098967.0736 1062381.5980       0.0000       0.0000
MINI CONSTR>        0.00000      0.00000      0.00000     13.68792      0.00000
MINI QUANTM>     -609.30950    -23.57385
 ----------       ---------    ---------    ---------    ---------    ---------

 ABNER> Minimization exiting with gradient tolerance ( 0.2000000) satisfied.

ABNR MIN: Cycle      ENERgy      Delta-E         GRMS    Step-size
ABNR INTERN:          BONDs       ANGLes       UREY-b    DIHEdrals    IMPRopers
ABNR CROSS:           CMAPs        PMF1D        PMF2D        PRIMO
ABNR EXTERN:        VDWaals         ELEC       HBONds          ASP         USER
ABNR EWALD:          EWKSum       EWSElf       EWEXcl       EWQCor       EWUTil
ABNR CONSTR:       HARMonic    CDIHedral          CIC     RESDistance       NOE
ABNR QUANTUM:        QMELec        QMVDw  
 ----------       ---------    ---------    ---------    ---------    ---------
ABNR>       18 -35131.03458      9.95542      0.17941      0.00400
ABNR INTERN>       30.98328     87.11526      4.58431    284.91229      6.70334
ABNR CROSS>       -17.00408      0.00000      0.00000      0.00000
ABNR EXTERN>     -263.58962   -812.65639      0.00000      0.00000      0.00000
ABNR EWALD>       2762.2840-1098967.0736 1062381.6050       0.0000       0.0000
ABNR CONSTR>        0.00000      0.00000      0.00000      0.45965      0.00000
ABNR QUANTM>     -605.66065    -23.69735
 ----------       ---------    ---------    ---------    ---------    ---------
  
 CHARMM>       skip resd
 SKIPE> The following energy terms will be computed :
  BOND ANGL UREY DIHE IMPR VDW  ELEC HBON USER HARM CDIH CIC  CDRO NOE  SBOU
  IMNB IMEL IMHB EWKS EWSE EXTE RXNF ST2  IMST TSM  QMEL QMVD ASP  EHAR GEO 
  MDIP PINT PRMS PANG SSBP BK4D SHEL SHAP STRB OOPL PULL POLA DMC  RGY  EWEX
  EWQC EWUT PBEL PBNP MBDE STRS BNDB BNDT EBST MBST BBT  SST  GBEN HMCM ADUM
  HYDR GSBP FQPO GRVD GREL SASL CMAP ELRC OLAP UMBR RREP RPHO RHBN RBDO RBAC
  RARO PHEN MMPT VMOD CROS FCTP FCTN PATH PMF1 PMF2 PRIM VALB ECHD ECHA ECHT
  ECHR CPUC SMBP EEMA ERMD CSRE ECS  ERDC DEFE MSPT GRHB PCHA
  
 CHARMM>       energy

 SELECTED IMAGES ATOMS BEING CENTERED ABOUT  0.000000  0.000000  0.000000

 <MKIMAT2>: updating the image atom lists and remapping
 Transformation   Atoms  Groups  Residues  Min-Distance
    1  N1N1N1R1 has       0       0       0        1.65
    2  N1Z0N1R1 has       0       0       0        0.89
    3  N1P1N1R1 has       0       0       0        2.98
    4  Z0N1N1R1 has       0       0       0        0.85
    5  Z0Z0N1R1 has       0       0       0        0.00
    6  Z0P1N1R1 has       0       0       0        0.12
    7  N1N1Z0R1 has       0       0       0        0.83
    8  N1Z0Z0R1 has       0       0       0        0.00
    9  N1P1Z0R1 has       0       0       0        1.61
   10  Z0N1Z0R1 has       0       0       0        0.00
   12  N1N1P1R1 has       0       0       0        1.50
   13  N1Z0P1R1 has       0       0       0        0.91
   14  N1P1P1R1 has       0       0       0        2.92
 Total of53479 atoms and17627 groups and16343 residues were included

 <MAKGRP> found      0 image group exclusions.

 NONBOND OPTION FLAGS: 
     ELEC     VDW      GROUps   CDIElec  SWITch   VGROup   VSWItch 
     BYGRoup  NOEXtnd  EWALd   
 CUTNB  = 14.000 CTEXNB =999.000 CTONNB = 12.000 CTOFNB = 13.000
 CGONNB =  0.000 CGOFNB = 10.000
 WMIN   =  0.500 WRNMXD =  0.500 E14FAC =  1.000 EPS    =  1.000
 NBXMOD =      5
 PME EWALD OPTIONS: KAPPA  =  0.340  QCOR =  0.000  Bspline order = 6
 FFTX=  90  FFTY=  90  FFTZ=  90
                Using Pub FFT
                Real-to-Complex FFT
 There are        0 atom  pairs and    78977 atom  exclusions.
 There are    49530 group pairs and     4702 group exclusions.
 Generating nonbond list with Exclusion mode = 5
 == PRIMARY == SPACE FOR 15367279 ATOM PAIRS AND  3080142 GROUP PAIRS

 General group nonbond list generation found:
    49871 GROUP PAIRS WERE FOUND FOR GROUP LIST
  3089431 GROUP PAIRS WERE BEYOND CUTOFFS
152225076 GROUP PAIRS WERE NOT SELECTED
 SPACE FOR        0 ATOM PAIRS AND  1676038 GROUP PAIRS

 Image group nonbond list generation found:
        0 GROUP PAIRS WERE FOUND FOR GROUP LIST
        0 GROUP PAIRS WERE BEYOND CUTOFFS
 GUPQME>    342 unique QM molecule-MM group interactions generated.
 GUPQME>      0 QM/MM group exclusions generated.
 GUPQMV>    342 group interactions generated for  17627 groups.
ENER ENR:  Eval#     ENERgy      Delta-E         GRMS
ENER INTERN:          BONDs       ANGLes       UREY-b    DIHEdrals    IMPRopers
ENER CROSS:           CMAPs        PMF1D        PMF2D        PRIMO
ENER EXTERN:        VDWaals         ELEC       HBONds          ASP         USER
ENER EWALD:          EWKSum       EWSElf       EWEXcl       EWQCor       EWUTil
ENER QUANTUM:        QMELec        QMVDw  
 ----------       ---------    ---------    ---------    ---------    ---------
ENER>        0 -35131.49423      0.45965      1.85815
ENER INTERN>       30.98328     87.11526      4.58431    284.91229      6.70334
ENER CROSS>       -17.00408      0.00000      0.00000      0.00000
ENER EXTERN>     -263.58962   -812.65639      0.00000      0.00000      0.00000
ENER EWALD>       2762.2840-1098967.0736 1062381.6050       0.0000       0.0000
ENER QUANTM>     -605.66065    -23.69735
 ----------       ---------    ---------    ---------    ---------    ---------
  
 CHARMM>       print resdistance
REDWRI:  Number of distance restraints=   1  Overall scale factor=      1.0000

 REDWRI: Evaluating restraint     1  KVAL=  2000.000 RVAL=    -0.600
    Number of atom pairs=   2 Global Exponent=   2 Internal Exponent=   1 One sided mode= 0
      atom pair:  5685 HETA     223      C1       5695 HETA     223      C8         distance factor=      1.0000  Current distance=      1.632798
      atom pair:  5687 HETA     223      C3       5697 HETA     223      O4         distance factor=     -1.0000  Current distance=      2.254237
      Distance deviation=     -0.021439  Energy=       0.45965 Force=     -42.87885

 REDWRI:  Current number of restraints=   1

  
 CHARMM>       trajectory write
  
 CHARMM>       increase n by 1
 Parameter: N <- "16"
  
 CHARMM>       increase rc by 0.1
 Parameter: RC <- "-0.5"
  
 CHARMM>    if rc le 2.0 goto loop
 Comparing "-0.5" and "2.0".
 IF test evaluated as true.  Performing command
  
 CHARMM>       skip none
 SKIPE> The following energy terms will be computed :
  BOND ANGL UREY DIHE IMPR VDW  ELEC HBON USER HARM CDIH CIC  CDRO NOE  SBOU
  IMNB IMEL IMHB EWKS EWSE EXTE RXNF ST2  IMST TSM  QMEL QMVD ASP  EHAR GEO 
  MDIP PINT PRMS PANG SSBP BK4D SHEL RESD SHAP STRB OOPL PULL POLA DMC  RGY 
  EWEX EWQC EWUT PBEL PBNP MBDE STRS BNDB BNDT EBST MBST BBT  SST  GBEN HMCM
  ADUM HYDR GSBP FQPO GRVD GREL SASL CMAP ELRC OLAP UMBR RREP RPHO RHBN RBDO
  RBAC RARO PHEN MMPT VMOD CROS FCTP FCTN PATH PMF1 PMF2 PRIM VALB ECHD ECHA
  ECHT ECHR CPUC SMBP EEMA ERMD CSRE ECS  ERDC DEFE MSPT GRHB PCHA
  
 CHARMM>       resdistance reset
  RESDIST: Restrained distances restraints reset.
 RESDIST:  Current number of restraints=   0
  
 CHARMM>       resdistance kval 2000.0 rval @rc -
 CHARMM>       1.0 @atom1 @atom2 -1.0 @atom3 @atom4
 Parameter: RC -> "-0.5"
 Parameter: ATOM1 -> "HETA 223 C1"
 Parameter: ATOM2 -> "HETA 223 C8"
 Parameter: ATOM3 -> "HETA 223 C3"
 Parameter: ATOM4 -> "HETA 223 O4"
 REDSET: Adding restraint     1  KVAL=  2000.000 RVAL=    -0.500
     Number of atom pairs=   2 Global Exponent=   2 Internal Exponent=   1 One sided mode= 0
      atom pair:  5685 HETA     223      C1       5695 HETA     223      C8         distance factor=      1.0000
      atom pair:  5687 HETA     223      C3       5697 HETA     223      O4         distance factor=     -1.0000
 RESDIST:  Current number of restraints=   1
  
 CHARMM>       mini abnr nstep 2000 tolitr 2000 tolgrd 0.2 nprint 2000

 SELECTED IMAGES ATOMS BEING CENTERED ABOUT  0.000000  0.000000  0.000000

 <MKIMAT2>: updating the image atom lists and remapping
 Transformation   Atoms  Groups  Residues  Min-Distance
    1  N1N1N1R1 has       0       0       0        1.65
    2  N1Z0N1R1 has       0       0       0        0.89
    3  N1P1N1R1 has       0       0       0        2.98
    4  Z0N1N1R1 has       0       0       0        0.85
    5  Z0Z0N1R1 has       0       0       0        0.00
    6  Z0P1N1R1 has       0       0       0        0.12
    7  N1N1Z0R1 has       0       0       0        0.83
    8  N1Z0Z0R1 has       0       0       0        0.00
    9  N1P1Z0R1 has       0       0       0        1.61
   10  Z0N1Z0R1 has       0       0       0        0.00
   12  N1N1P1R1 has       0       0       0        1.50
   13  N1Z0P1R1 has       0       0       0        0.91
   14  N1P1P1R1 has       0       0       0        2.92
 Total of53479 atoms and17627 groups and16343 residues were included

 <MAKGRP> found      0 image group exclusions.

 NONBOND OPTION FLAGS: 
     ELEC     VDW      GROUps   CDIElec  SWITch   VGROup   VSWItch 
     BYGRoup  NOEXtnd  EWALd   
 CUTNB  = 14.000 CTEXNB =999.000 CTONNB = 12.000 CTOFNB = 13.000
 CGONNB =  0.000 CGOFNB = 10.000
 WMIN   =  0.500 WRNMXD =  0.500 E14FAC =  1.000 EPS    =  1.000
 NBXMOD =      5
 PME EWALD OPTIONS: KAPPA  =  0.340  QCOR =  0.000  Bspline order = 6
 FFTX=  90  FFTY=  90  FFTZ=  90
                Using Pub FFT
                Real-to-Complex FFT
 There are        0 atom  pairs and    78977 atom  exclusions.
 There are    49528 group pairs and     4702 group exclusions.
 Generating nonbond list with Exclusion mode = 5
 == PRIMARY == SPACE FOR 15367279 ATOM PAIRS AND  3080142 GROUP PAIRS

 General group nonbond list generation found:
    49871 GROUP PAIRS WERE FOUND FOR GROUP LIST
  3089431 GROUP PAIRS WERE BEYOND CUTOFFS
152225076 GROUP PAIRS WERE NOT SELECTED
 SPACE FOR        0 ATOM PAIRS AND  1676038 GROUP PAIRS

 Image group nonbond list generation found:
        0 GROUP PAIRS WERE FOUND FOR GROUP LIST
        0 GROUP PAIRS WERE BEYOND CUTOFFS
 GUPQME>    342 unique QM molecule-MM group interactions generated.
 GUPQME>      0 QM/MM group exclusions generated.
 GUPQMV>    342 group interactions generated for  17627 groups.


 ABNER> An energy minimization has been requested.

 EIGRNG =    0.0005000   MINDIM =            5
 NPRINT =         2000   NSTEP  =         2000
 PSTRCT =    0.0000000   SDSTP  =    0.0200000
 STPLIM =    1.0000000   STRICT =    0.1000000
 TOLFUN =    0.0000000   TOLGRD =    0.2000000
 TOLITR =         2000   TOLSTP =    0.0000000
 FMEM   =    0.0000000
MINI MIN: Cycle      ENERgy      Delta-E         GRMS    Step-size
MINI INTERN:          BONDs       ANGLes       UREY-b    DIHEdrals    IMPRopers
MINI CROSS:           CMAPs        PMF1D        PMF2D        PRIMO
MINI EXTERN:        VDWaals         ELEC       HBONds          ASP         USER
MINI EWALD:          EWKSum       EWSElf       EWEXcl       EWQCor       EWUTil
MINI CONSTR:       HARMonic    CDIHedral          CIC     RESDistance       NOE
MINI QUANTUM:        QMELec        QMVDw  
 ----------       ---------    ---------    ---------    ---------    ---------
MINI>        0 -35116.74669    -14.74753      9.37402      0.00000
MINI INTERN>       30.98328     87.11526      4.58431    284.91229      6.70334
MINI CROSS>       -17.00408      0.00000      0.00000      0.00000
MINI EXTERN>     -263.58962   -812.65639      0.00000      0.00000      0.00000
MINI EWALD>       2762.2840-1098967.0736 1062381.6050       0.0000       0.0000
MINI CONSTR>        0.00000      0.00000      0.00000     14.74753      0.00000
MINI QUANTM>     -605.66065    -23.69735
 ----------       ---------    ---------    ---------    ---------    ---------

 ABNER> Minimization exiting with gradient tolerance ( 0.2000000) satisfied.

ABNR MIN: Cycle      ENERgy      Delta-E         GRMS    Step-size
ABNR INTERN:          BONDs       ANGLes       UREY-b    DIHEdrals    IMPRopers
ABNR CROSS:           CMAPs        PMF1D        PMF2D        PRIMO
ABNR EXTERN:        VDWaals         ELEC       HBONds          ASP         USER
ABNR EWALD:          EWKSum       EWSElf       EWEXcl       EWQCor       EWUTil
ABNR CONSTR:       HARMonic    CDIHedral          CIC     RESDistance       NOE
ABNR QUANTUM:        QMELec        QMVDw  
 ----------       ---------    ---------    ---------    ---------    ---------
ABNR>       15 -35126.78276     10.03607      0.16631      0.00723
ABNR INTERN>       30.99231     87.12991      4.58465    284.91043      6.71658
ABNR CROSS>       -16.99196      0.00000      0.00000      0.00000
ABNR EXTERN>     -263.53129   -812.77394      0.00000      0.00000      0.00000
ABNR EWALD>       2762.3725-1098967.0736 1062381.6043       0.0000       0.0000
ABNR CONSTR>        0.00000      0.00000      0.00000      0.48856      0.00000
ABNR QUANTM>     -601.52300    -23.68822
 ----------       ---------    ---------    ---------    ---------    ---------
  
 CHARMM>       skip resd
 SKIPE> The following energy terms will be computed :
  BOND ANGL UREY DIHE IMPR VDW  ELEC HBON USER HARM CDIH CIC  CDRO NOE  SBOU
  IMNB IMEL IMHB EWKS EWSE EXTE RXNF ST2  IMST TSM  QMEL QMVD ASP  EHAR GEO 
  MDIP PINT PRMS PANG SSBP BK4D SHEL SHAP STRB OOPL PULL POLA DMC  RGY  EWEX
  EWQC EWUT PBEL PBNP MBDE STRS BNDB BNDT EBST MBST BBT  SST  GBEN HMCM ADUM
  HYDR GSBP FQPO GRVD GREL SASL CMAP ELRC OLAP UMBR RREP RPHO RHBN RBDO RBAC
  RARO PHEN MMPT VMOD CROS FCTP FCTN PATH PMF1 PMF2 PRIM VALB ECHD ECHA ECHT
  ECHR CPUC SMBP EEMA ERMD CSRE ECS  ERDC DEFE MSPT GRHB PCHA
  
 CHARMM>       energy

 SELECTED IMAGES ATOMS BEING CENTERED ABOUT  0.000000  0.000000  0.000000

 <MKIMAT2>: updating the image atom lists and remapping
 Transformation   Atoms  Groups  Residues  Min-Distance
    1  N1N1N1R1 has       0       0       0        1.65
    2  N1Z0N1R1 has       0       0       0        0.89
    3  N1P1N1R1 has       0       0       0        2.98
    4  Z0N1N1R1 has       0       0       0        0.85
    5  Z0Z0N1R1 has       0       0       0        0.00
    6  Z0P1N1R1 has       0       0       0        0.12
    7  N1N1Z0R1 has       0       0       0        0.83
    8  N1Z0Z0R1 has       0       0       0        0.00
    9  N1P1Z0R1 has       0       0       0        1.61
   10  Z0N1Z0R1 has       0       0       0        0.00
   12  N1N1P1R1 has       0       0       0        1.50
   13  N1Z0P1R1 has       0       0       0        0.91
   14  N1P1P1R1 has       0       0       0        2.92
 Total of53479 atoms and17627 groups and16343 residues were included

 <MAKGRP> found      0 image group exclusions.

 NONBOND OPTION FLAGS: 
     ELEC     VDW      GROUps   CDIElec  SWITch   VGROup   VSWItch 
     BYGRoup  NOEXtnd  EWALd   
 CUTNB  = 14.000 CTEXNB =999.000 CTONNB = 12.000 CTOFNB = 13.000
 CGONNB =  0.000 CGOFNB = 10.000
 WMIN   =  0.500 WRNMXD =  0.500 E14FAC =  1.000 EPS    =  1.000
 NBXMOD =      5
 PME EWALD OPTIONS: KAPPA  =  0.340  QCOR =  0.000  Bspline order = 6
 FFTX=  90  FFTY=  90  FFTZ=  90
                Using Pub FFT
                Real-to-Complex FFT
 There are        0 atom  pairs and    78977 atom  exclusions.
 There are    49528 group pairs and     4702 group exclusions.
 Generating nonbond list with Exclusion mode = 5
 == PRIMARY == SPACE FOR 15367279 ATOM PAIRS AND  3080142 GROUP PAIRS

 General group nonbond list generation found:
    49870 GROUP PAIRS WERE FOUND FOR GROUP LIST
  3089432 GROUP PAIRS WERE BEYOND CUTOFFS
152225076 GROUP PAIRS WERE NOT SELECTED
 SPACE FOR        0 ATOM PAIRS AND  1676038 GROUP PAIRS

 Image group nonbond list generation found:
        0 GROUP PAIRS WERE FOUND FOR GROUP LIST
        0 GROUP PAIRS WERE BEYOND CUTOFFS
 GUPQME>    341 unique QM molecule-MM group interactions generated.
 GUPQME>      0 QM/MM group exclusions generated.
 GUPQMV>    341 group interactions generated for  17627 groups.
ENER ENR:  Eval#     ENERgy      Delta-E         GRMS
ENER INTERN:          BONDs       ANGLes       UREY-b    DIHEdrals    IMPRopers
ENER CROSS:           CMAPs        PMF1D        PMF2D        PRIMO
ENER EXTERN:        VDWaals         ELEC       HBONds          ASP         USER
ENER EWALD:          EWKSum       EWSElf       EWEXcl       EWQCor       EWUTil
ENER QUANTUM:        QMELec        QMVDw  
 ----------       ---------    ---------    ---------    ---------    ---------
ENER>        0 -35127.27132      0.48856      2.13589
ENER INTERN>       30.99231     87.12991      4.58465    284.91043      6.71658
ENER CROSS>       -16.99196      0.00000      0.00000      0.00000
ENER EXTERN>     -263.53129   -812.77394      0.00000      0.00000      0.00000
ENER EWALD>       2762.3725-1098967.0736 1062381.6043       0.0000       0.0000
ENER QUANTM>     -601.52300    -23.68822
 ----------       ---------    ---------    ---------    ---------    ---------
  
 CHARMM>       print resdistance
REDWRI:  Number of distance restraints=   1  Overall scale factor=      1.0000

 REDWRI: Evaluating restraint     1  KVAL=  2000.000 RVAL=    -0.500
    Number of atom pairs=   2 Global Exponent=   2 Internal Exponent=   1 One sided mode= 0
      atom pair:  5685 HETA     223      C1       5695 HETA     223      C8         distance factor=      1.0000  Current distance=      1.656190
      atom pair:  5687 HETA     223      C3       5697 HETA     223      O4         distance factor=     -1.0000  Current distance=      2.178294
      Distance deviation=     -0.022103  Energy=       0.48856 Force=     -44.20690

 REDWRI:  Current number of restraints=   1

  
 CHARMM>       trajectory write
  
 CHARMM>       increase n by 1
 Parameter: N <- "17"
  
 CHARMM>       increase rc by 0.1
 Parameter: RC <- "-0.4"
  
 CHARMM>    if rc le 2.0 goto loop
 Comparing "-0.4" and "2.0".
 IF test evaluated as true.  Performing command
  
 CHARMM>       skip none
 SKIPE> The following energy terms will be computed :
  BOND ANGL UREY DIHE IMPR VDW  ELEC HBON USER HARM CDIH CIC  CDRO NOE  SBOU
  IMNB IMEL IMHB EWKS EWSE EXTE RXNF ST2  IMST TSM  QMEL QMVD ASP  EHAR GEO 
  MDIP PINT PRMS PANG SSBP BK4D SHEL RESD SHAP STRB OOPL PULL POLA DMC  RGY 
  EWEX EWQC EWUT PBEL PBNP MBDE STRS BNDB BNDT EBST MBST BBT  SST  GBEN HMCM
  ADUM HYDR GSBP FQPO GRVD GREL SASL CMAP ELRC OLAP UMBR RREP RPHO RHBN RBDO
  RBAC RARO PHEN MMPT VMOD CROS FCTP FCTN PATH PMF1 PMF2 PRIM VALB ECHD ECHA
  ECHT ECHR CPUC SMBP EEMA ERMD CSRE ECS  ERDC DEFE MSPT GRHB PCHA
  
 CHARMM>       resdistance reset
  RESDIST: Restrained distances restraints reset.
 RESDIST:  Current number of restraints=   0
  
 CHARMM>       resdistance kval 2000.0 rval @rc -
 CHARMM>       1.0 @atom1 @atom2 -1.0 @atom3 @atom4
 Parameter: RC -> "-0.4"
 Parameter: ATOM1 -> "HETA 223 C1"
 Parameter: ATOM2 -> "HETA 223 C8"
 Parameter: ATOM3 -> "HETA 223 C3"
 Parameter: ATOM4 -> "HETA 223 O4"
 REDSET: Adding restraint     1  KVAL=  2000.000 RVAL=    -0.400
     Number of atom pairs=   2 Global Exponent=   2 Internal Exponent=   1 One sided mode= 0
      atom pair:  5685 HETA     223      C1       5695 HETA     223      C8         distance factor=      1.0000
      atom pair:  5687 HETA     223      C3       5697 HETA     223      O4         distance factor=     -1.0000
 RESDIST:  Current number of restraints=   1
  
 CHARMM>       mini abnr nstep 2000 tolitr 2000 tolgrd 0.2 nprint 2000

 SELECTED IMAGES ATOMS BEING CENTERED ABOUT  0.000000  0.000000  0.000000

 <MKIMAT2>: updating the image atom lists and remapping
 Transformation   Atoms  Groups  Residues  Min-Distance
    1  N1N1N1R1 has       0       0       0        1.65
    2  N1Z0N1R1 has       0       0       0        0.89
    3  N1P1N1R1 has       0       0       0        2.98
    4  Z0N1N1R1 has       0       0       0        0.85
    5  Z0Z0N1R1 has       0       0       0        0.00
    6  Z0P1N1R1 has       0       0       0        0.12
    7  N1N1Z0R1 has       0       0       0        0.83
    8  N1Z0Z0R1 has       0       0       0        0.00
    9  N1P1Z0R1 has       0       0       0        1.61
   10  Z0N1Z0R1 has       0       0       0        0.00
   12  N1N1P1R1 has       0       0       0        1.50
   13  N1Z0P1R1 has       0       0       0        0.91
   14  N1P1P1R1 has       0       0       0        2.92
 Total of53479 atoms and17627 groups and16343 residues were included

 <MAKGRP> found      0 image group exclusions.

 NONBOND OPTION FLAGS: 
     ELEC     VDW      GROUps   CDIElec  SWITch   VGROup   VSWItch 
     BYGRoup  NOEXtnd  EWALd   
 CUTNB  = 14.000 CTEXNB =999.000 CTONNB = 12.000 CTOFNB = 13.000
 CGONNB =  0.000 CGOFNB = 10.000
 WMIN   =  0.500 WRNMXD =  0.500 E14FAC =  1.000 EPS    =  1.000
 NBXMOD =      5
 PME EWALD OPTIONS: KAPPA  =  0.340  QCOR =  0.000  Bspline order = 6
 FFTX=  90  FFTY=  90  FFTZ=  90
                Using Pub FFT
                Real-to-Complex FFT
 There are        0 atom  pairs and    78977 atom  exclusions.
 There are    49528 group pairs and     4702 group exclusions.
 Generating nonbond list with Exclusion mode = 5
 == PRIMARY == SPACE FOR 15367279 ATOM PAIRS AND  3080142 GROUP PAIRS

 General group nonbond list generation found:
    49870 GROUP PAIRS WERE FOUND FOR GROUP LIST
  3089432 GROUP PAIRS WERE BEYOND CUTOFFS
152225076 GROUP PAIRS WERE NOT SELECTED
 SPACE FOR        0 ATOM PAIRS AND  1676038 GROUP PAIRS

 Image group nonbond list generation found:
        0 GROUP PAIRS WERE FOUND FOR GROUP LIST
        0 GROUP PAIRS WERE BEYOND CUTOFFS
 GUPQME>    341 unique QM molecule-MM group interactions generated.
 GUPQME>      0 QM/MM group exclusions generated.
 GUPQMV>    341 group interactions generated for  17627 groups.


 ABNER> An energy minimization has been requested.

 EIGRNG =    0.0005000   MINDIM =            5
 NPRINT =         2000   NSTEP  =         2000
 PSTRCT =    0.0000000   SDSTP  =    0.0200000
 STPLIM =    1.0000000   STRICT =    0.1000000
 TOLFUN =    0.0000000   TOLGRD =    0.2000000
 TOLITR =         2000   TOLSTP =    0.0000000
 FMEM   =    0.0000000
MINI MIN: Cycle      ENERgy      Delta-E         GRMS    Step-size
MINI INTERN:          BONDs       ANGLes       UREY-b    DIHEdrals    IMPRopers
MINI CROSS:           CMAPs        PMF1D        PMF2D        PRIMO
MINI EXTERN:        VDWaals         ELEC       HBONds          ASP         USER
MINI EWALD:          EWKSum       EWSElf       EWEXcl       EWQCor       EWUTil
MINI CONSTR:       HARMonic    CDIHedral          CIC     RESDistance       NOE
MINI QUANTUM:        QMELec        QMVDw  
 ----------       ---------    ---------    ---------    ---------    ---------
MINI>        0 -35112.36207    -14.90925      9.15834      0.00000
MINI INTERN>       30.99231     87.12991      4.58465    284.91043      6.71658
MINI CROSS>       -16.99196      0.00000      0.00000      0.00000
MINI EXTERN>     -263.53129   -812.77394      0.00000      0.00000      0.00000
MINI EWALD>       2762.3725-1098967.0736 1062381.6043       0.0000       0.0000
MINI CONSTR>        0.00000      0.00000      0.00000     14.90925      0.00000
MINI QUANTM>     -601.52300    -23.68822
 ----------       ---------    ---------    ---------    ---------    ---------

 ABNER> Minimization exiting with gradient tolerance ( 0.2000000) satisfied.

ABNR MIN: Cycle      ENERgy      Delta-E         GRMS    Step-size
ABNR INTERN:          BONDs       ANGLes       UREY-b    DIHEdrals    IMPRopers
ABNR CROSS:           CMAPs        PMF1D        PMF2D        PRIMO
ABNR EXTERN:        VDWaals         ELEC       HBONds          ASP         USER
ABNR EWALD:          EWKSum       EWSElf       EWEXcl       EWQCor       EWUTil
ABNR CONSTR:       HARMonic    CDIHedral          CIC     RESDistance       NOE
ABNR QUANTUM:        QMELec        QMVDw  
 ----------       ---------    ---------    ---------    ---------    ---------
ABNR>       14 -35121.90661      9.54454      0.15392      0.00542
ABNR INTERN>       30.99773     87.12151      4.58317    284.89429      6.72224
ABNR CROSS>       -16.98490      0.00000      0.00000      0.00000
ABNR EXTERN>     -263.45448   -812.88805      0.00000      0.00000      0.00000
ABNR EWALD>       2762.3927-1098967.0736 1062381.6027       0.0000       0.0000
ABNR CONSTR>        0.00000      0.00000      0.00000      0.69065      0.00000
ABNR QUANTM>     -596.81095    -23.69954
 ----------       ---------    ---------    ---------    ---------    ---------
  
 CHARMM>       skip resd
 SKIPE> The following energy terms will be computed :
  BOND ANGL UREY DIHE IMPR VDW  ELEC HBON USER HARM CDIH CIC  CDRO NOE  SBOU
  IMNB IMEL IMHB EWKS EWSE EXTE RXNF ST2  IMST TSM  QMEL QMVD ASP  EHAR GEO 
  MDIP PINT PRMS PANG SSBP BK4D SHEL SHAP STRB OOPL PULL POLA DMC  RGY  EWEX
  EWQC EWUT PBEL PBNP MBDE STRS BNDB BNDT EBST MBST BBT  SST  GBEN HMCM ADUM
  HYDR GSBP FQPO GRVD GREL SASL CMAP ELRC OLAP UMBR RREP RPHO RHBN RBDO RBAC
  RARO PHEN MMPT VMOD CROS FCTP FCTN PATH PMF1 PMF2 PRIM VALB ECHD ECHA ECHT
  ECHR CPUC SMBP EEMA ERMD CSRE ECS  ERDC DEFE MSPT GRHB PCHA
  
 CHARMM>       energy

 SELECTED IMAGES ATOMS BEING CENTERED ABOUT  0.000000  0.000000  0.000000

 <MKIMAT2>: updating the image atom lists and remapping
 Transformation   Atoms  Groups  Residues  Min-Distance
    1  N1N1N1R1 has       0       0       0        1.65
    2  N1Z0N1R1 has       0       0       0        0.89
    3  N1P1N1R1 has       0       0       0        2.98
    4  Z0N1N1R1 has       0       0       0        0.85
    5  Z0Z0N1R1 has       0       0       0        0.00
    6  Z0P1N1R1 has       0       0       0        0.12
    7  N1N1Z0R1 has       0       0       0        0.83
    8  N1Z0Z0R1 has       0       0       0        0.00
    9  N1P1Z0R1 has       0       0       0        1.61
   10  Z0N1Z0R1 has       0       0       0        0.00
   12  N1N1P1R1 has       0       0       0        1.50
   13  N1Z0P1R1 has       0       0       0        0.91
   14  N1P1P1R1 has       0       0       0        2.92
 Total of53479 atoms and17627 groups and16343 residues were included

 <MAKGRP> found      0 image group exclusions.

 NONBOND OPTION FLAGS: 
     ELEC     VDW      GROUps   CDIElec  SWITch   VGROup   VSWItch 
     BYGRoup  NOEXtnd  EWALd   
 CUTNB  = 14.000 CTEXNB =999.000 CTONNB = 12.000 CTOFNB = 13.000
 CGONNB =  0.000 CGOFNB = 10.000
 WMIN   =  0.500 WRNMXD =  0.500 E14FAC =  1.000 EPS    =  1.000
 NBXMOD =      5
 PME EWALD OPTIONS: KAPPA  =  0.340  QCOR =  0.000  Bspline order = 6
 FFTX=  90  FFTY=  90  FFTZ=  90
                Using Pub FFT
                Real-to-Complex FFT
 There are        0 atom  pairs and    78977 atom  exclusions.
 There are    49528 group pairs and     4702 group exclusions.
 Generating nonbond list with Exclusion mode = 5
 == PRIMARY == SPACE FOR 15367279 ATOM PAIRS AND  3080142 GROUP PAIRS

 General group nonbond list generation found:
    49870 GROUP PAIRS WERE FOUND FOR GROUP LIST
  3089432 GROUP PAIRS WERE BEYOND CUTOFFS
152225076 GROUP PAIRS WERE NOT SELECTED
 SPACE FOR        0 ATOM PAIRS AND  1676038 GROUP PAIRS

 Image group nonbond list generation found:
        0 GROUP PAIRS WERE FOUND FOR GROUP LIST
        0 GROUP PAIRS WERE BEYOND CUTOFFS
 GUPQME>    341 unique QM molecule-MM group interactions generated.
 GUPQME>      0 QM/MM group exclusions generated.
 GUPQMV>    341 group interactions generated for  17627 groups.
ENER ENR:  Eval#     ENERgy      Delta-E         GRMS
ENER INTERN:          BONDs       ANGLes       UREY-b    DIHEdrals    IMPRopers
ENER CROSS:           CMAPs        PMF1D        PMF2D        PRIMO
ENER EXTERN:        VDWaals         ELEC       HBONds          ASP         USER
ENER EWALD:          EWKSum       EWSElf       EWEXcl       EWQCor       EWUTil
ENER QUANTUM:        QMELec        QMVDw  
 ----------       ---------    ---------    ---------    ---------    ---------
ENER>        0 -35122.59726      0.69065      2.45503
ENER INTERN>       30.99773     87.12151      4.58317    284.89429      6.72224
ENER CROSS>       -16.98490      0.00000      0.00000      0.00000
ENER EXTERN>     -263.45448   -812.88805      0.00000      0.00000      0.00000
ENER EWALD>       2762.3927-1098967.0736 1062381.6027       0.0000       0.0000
ENER QUANTM>     -596.81095    -23.69954
 ----------       ---------    ---------    ---------    ---------    ---------
  
 CHARMM>       print resdistance
REDWRI:  Number of distance restraints=   1  Overall scale factor=      1.0000

 REDWRI: Evaluating restraint     1  KVAL=  2000.000 RVAL=    -0.400
    Number of atom pairs=   2 Global Exponent=   2 Internal Exponent=   1 One sided mode= 0
      atom pair:  5685 HETA     223      C1       5695 HETA     223      C8         distance factor=      1.0000  Current distance=      1.694277
      atom pair:  5687 HETA     223      C3       5697 HETA     223      O4         distance factor=     -1.0000  Current distance=      2.120557
      Distance deviation=     -0.026280  Energy=       0.69065 Force=     -52.56037

 REDWRI:  Current number of restraints=   1

  
 CHARMM>       trajectory write
  
 CHARMM>       increase n by 1
 Parameter: N <- "18"
  
 CHARMM>       increase rc by 0.1
 Parameter: RC <- "-0.3"
  
 CHARMM>    if rc le 2.0 goto loop
 Comparing "-0.3" and "2.0".
 IF test evaluated as true.  Performing command
  
 CHARMM>       skip none
 SKIPE> The following energy terms will be computed :
  BOND ANGL UREY DIHE IMPR VDW  ELEC HBON USER HARM CDIH CIC  CDRO NOE  SBOU
  IMNB IMEL IMHB EWKS EWSE EXTE RXNF ST2  IMST TSM  QMEL QMVD ASP  EHAR GEO 
  MDIP PINT PRMS PANG SSBP BK4D SHEL RESD SHAP STRB OOPL PULL POLA DMC  RGY 
  EWEX EWQC EWUT PBEL PBNP MBDE STRS BNDB BNDT EBST MBST BBT  SST  GBEN HMCM
  ADUM HYDR GSBP FQPO GRVD GREL SASL CMAP ELRC OLAP UMBR RREP RPHO RHBN RBDO
  RBAC RARO PHEN MMPT VMOD CROS FCTP FCTN PATH PMF1 PMF2 PRIM VALB ECHD ECHA
  ECHT ECHR CPUC SMBP EEMA ERMD CSRE ECS  ERDC DEFE MSPT GRHB PCHA
  
 CHARMM>       resdistance reset
  RESDIST: Restrained distances restraints reset.
 RESDIST:  Current number of restraints=   0
  
 CHARMM>       resdistance kval 2000.0 rval @rc -
 CHARMM>       1.0 @atom1 @atom2 -1.0 @atom3 @atom4
 Parameter: RC -> "-0.3"
 Parameter: ATOM1 -> "HETA 223 C1"
 Parameter: ATOM2 -> "HETA 223 C8"
 Parameter: ATOM3 -> "HETA 223 C3"
 Parameter: ATOM4 -> "HETA 223 O4"
 REDSET: Adding restraint     1  KVAL=  2000.000 RVAL=    -0.300
     Number of atom pairs=   2 Global Exponent=   2 Internal Exponent=   1 One sided mode= 0
      atom pair:  5685 HETA     223      C1       5695 HETA     223      C8         distance factor=      1.0000
      atom pair:  5687 HETA     223      C3       5697 HETA     223      O4         distance factor=     -1.0000
 RESDIST:  Current number of restraints=   1
  
 CHARMM>       mini abnr nstep 2000 tolitr 2000 tolgrd 0.2 nprint 2000

 SELECTED IMAGES ATOMS BEING CENTERED ABOUT  0.000000  0.000000  0.000000

 <MKIMAT2>: updating the image atom lists and remapping
 Transformation   Atoms  Groups  Residues  Min-Distance
    1  N1N1N1R1 has       0       0       0        1.65
    2  N1Z0N1R1 has       0       0       0        0.89
    3  N1P1N1R1 has       0       0       0        2.98
    4  Z0N1N1R1 has       0       0       0        0.85
    5  Z0Z0N1R1 has       0       0       0        0.00
    6  Z0P1N1R1 has       0       0       0        0.12
    7  N1N1Z0R1 has       0       0       0        0.83
    8  N1Z0Z0R1 has       0       0       0        0.00
    9  N1P1Z0R1 has       0       0       0        1.61
   10  Z0N1Z0R1 has       0       0       0        0.00
   12  N1N1P1R1 has       0       0       0        1.50
   13  N1Z0P1R1 has       0       0       0        0.91
   14  N1P1P1R1 has       0       0       0        2.92
 Total of53479 atoms and17627 groups and16343 residues were included

 <MAKGRP> found      0 image group exclusions.

 NONBOND OPTION FLAGS: 
     ELEC     VDW      GROUps   CDIElec  SWITch   VGROup   VSWItch 
     BYGRoup  NOEXtnd  EWALd   
 CUTNB  = 14.000 CTEXNB =999.000 CTONNB = 12.000 CTOFNB = 13.000
 CGONNB =  0.000 CGOFNB = 10.000
 WMIN   =  0.500 WRNMXD =  0.500 E14FAC =  1.000 EPS    =  1.000
 NBXMOD =      5
 PME EWALD OPTIONS: KAPPA  =  0.340  QCOR =  0.000  Bspline order = 6
 FFTX=  90  FFTY=  90  FFTZ=  90
                Using Pub FFT
                Real-to-Complex FFT
 There are        0 atom  pairs and    78977 atom  exclusions.
 There are    49528 group pairs and     4702 group exclusions.
 Generating nonbond list with Exclusion mode = 5
 == PRIMARY == SPACE FOR 15367279 ATOM PAIRS AND  3080142 GROUP PAIRS

 General group nonbond list generation found:
    49870 GROUP PAIRS WERE FOUND FOR GROUP LIST
  3089432 GROUP PAIRS WERE BEYOND CUTOFFS
152225076 GROUP PAIRS WERE NOT SELECTED
 SPACE FOR        0 ATOM PAIRS AND  1676038 GROUP PAIRS

 Image group nonbond list generation found:
        0 GROUP PAIRS WERE FOUND FOR GROUP LIST
        0 GROUP PAIRS WERE BEYOND CUTOFFS
 GUPQME>    341 unique QM molecule-MM group interactions generated.
 GUPQME>      0 QM/MM group exclusions generated.
 GUPQMV>    341 group interactions generated for  17627 groups.


 ABNER> An energy minimization has been requested.

 EIGRNG =    0.0005000   MINDIM =            5
 NPRINT =         2000   NSTEP  =         2000
 PSTRCT =    0.0000000   SDSTP  =    0.0200000
 STPLIM =    1.0000000   STRICT =    0.1000000
 TOLFUN =    0.0000000   TOLGRD =    0.2000000
 TOLITR =         2000   TOLSTP =    0.0000000
 FMEM   =    0.0000000
MINI MIN: Cycle      ENERgy      Delta-E         GRMS    Step-size
MINI INTERN:          BONDs       ANGLes       UREY-b    DIHEdrals    IMPRopers
MINI CROSS:           CMAPs        PMF1D        PMF2D        PRIMO
MINI EXTERN:        VDWaals         ELEC       HBONds          ASP         USER
MINI EWALD:          EWKSum       EWSElf       EWEXcl       EWQCor       EWUTil
MINI CONSTR:       HARMonic    CDIHedral          CIC     RESDistance       NOE
MINI QUANTUM:        QMELec        QMVDw  
 ----------       ---------    ---------    ---------    ---------    ---------
MINI>        0 -35106.65057    -15.94669      9.22558      0.00000
MINI INTERN>       30.99773     87.12151      4.58317    284.89429      6.72224
MINI CROSS>       -16.98490      0.00000      0.00000      0.00000
MINI EXTERN>     -263.45448   -812.88805      0.00000      0.00000      0.00000
MINI EWALD>       2762.3927-1098967.0736 1062381.6027       0.0000       0.0000
MINI CONSTR>        0.00000      0.00000      0.00000     15.94669      0.00000
MINI QUANTM>     -596.81095    -23.69954
 ----------       ---------    ---------    ---------    ---------    ---------

 ABNER> Minimization exiting with gradient tolerance ( 0.2000000) satisfied.

ABNR MIN: Cycle      ENERgy      Delta-E         GRMS    Step-size
ABNR INTERN:          BONDs       ANGLes       UREY-b    DIHEdrals    IMPRopers
ABNR CROSS:           CMAPs        PMF1D        PMF2D        PRIMO
ABNR EXTERN:        VDWaals         ELEC       HBONds          ASP         USER
ABNR EWALD:          EWKSum       EWSElf       EWEXcl       EWQCor       EWUTil
ABNR CONSTR:       HARMonic    CDIHedral          CIC     RESDistance       NOE
ABNR QUANTUM:        QMELec        QMVDw  
 ----------       ---------    ---------    ---------    ---------    ---------
ABNR>       15 -35116.60579      9.95522      0.17755      0.00488
ABNR INTERN>       31.02152     87.11438      4.58033    284.85530      6.72820
ABNR CROSS>       -16.97035      0.00000      0.00000      0.00000
ABNR EXTERN>     -263.35398   -813.01990      0.00000      0.00000      0.00000
ABNR EWALD>       2762.4584-1098967.0736 1062381.6080       0.0000       0.0000
ABNR CONSTR>        0.00000      0.00000      0.00000      0.73411      0.00000
ABNR QUANTM>     -591.72174    -23.56651
 ----------       ---------    ---------    ---------    ---------    ---------
  
 CHARMM>       skip resd
 SKIPE> The following energy terms will be computed :
  BOND ANGL UREY DIHE IMPR VDW  ELEC HBON USER HARM CDIH CIC  CDRO NOE  SBOU
  IMNB IMEL IMHB EWKS EWSE EXTE RXNF ST2  IMST TSM  QMEL QMVD ASP  EHAR GEO 
  MDIP PINT PRMS PANG SSBP BK4D SHEL SHAP STRB OOPL PULL POLA DMC  RGY  EWEX
  EWQC EWUT PBEL PBNP MBDE STRS BNDB BNDT EBST MBST BBT  SST  GBEN HMCM ADUM
  HYDR GSBP FQPO GRVD GREL SASL CMAP ELRC OLAP UMBR RREP RPHO RHBN RBDO RBAC
  RARO PHEN MMPT VMOD CROS FCTP FCTN PATH PMF1 PMF2 PRIM VALB ECHD ECHA ECHT
  ECHR CPUC SMBP EEMA ERMD CSRE ECS  ERDC DEFE MSPT GRHB PCHA
  
 CHARMM>       energy

 SELECTED IMAGES ATOMS BEING CENTERED ABOUT  0.000000  0.000000  0.000000

 <MKIMAT2>: updating the image atom lists and remapping
 Transformation   Atoms  Groups  Residues  Min-Distance
    1  N1N1N1R1 has       0       0       0        1.65
    2  N1Z0N1R1 has       0       0       0        0.89
    3  N1P1N1R1 has       0       0       0        2.98
    4  Z0N1N1R1 has       0       0       0        0.85
    5  Z0Z0N1R1 has       0       0       0        0.00
    6  Z0P1N1R1 has       0       0       0        0.12
    7  N1N1Z0R1 has       0       0       0        0.83
    8  N1Z0Z0R1 has       0       0       0        0.00
    9  N1P1Z0R1 has       0       0       0        1.61
   10  Z0N1Z0R1 has       0       0       0        0.00
   12  N1N1P1R1 has       0       0       0        1.50
   13  N1Z0P1R1 has       0       0       0        0.91
   14  N1P1P1R1 has       0       0       0        2.92
 Total of53479 atoms and17627 groups and16343 residues were included

 <MAKGRP> found      0 image group exclusions.

 NONBOND OPTION FLAGS: 
     ELEC     VDW      GROUps   CDIElec  SWITch   VGROup   VSWItch 
     BYGRoup  NOEXtnd  EWALd   
 CUTNB  = 14.000 CTEXNB =999.000 CTONNB = 12.000 CTOFNB = 13.000
 CGONNB =  0.000 CGOFNB = 10.000
 WMIN   =  0.500 WRNMXD =  0.500 E14FAC =  1.000 EPS    =  1.000
 NBXMOD =      5
 PME EWALD OPTIONS: KAPPA  =  0.340  QCOR =  0.000  Bspline order = 6
 FFTX=  90  FFTY=  90  FFTZ=  90
                Using Pub FFT
                Real-to-Complex FFT
 There are        0 atom  pairs and    78977 atom  exclusions.
 There are    49528 group pairs and     4702 group exclusions.
 Generating nonbond list with Exclusion mode = 5
 == PRIMARY == SPACE FOR 15367279 ATOM PAIRS AND  3080142 GROUP PAIRS

 General group nonbond list generation found:
    49864 GROUP PAIRS WERE FOUND FOR GROUP LIST
  3089438 GROUP PAIRS WERE BEYOND CUTOFFS
152225076 GROUP PAIRS WERE NOT SELECTED
 SPACE FOR        0 ATOM PAIRS AND  1676038 GROUP PAIRS

 Image group nonbond list generation found:
        0 GROUP PAIRS WERE FOUND FOR GROUP LIST
        0 GROUP PAIRS WERE BEYOND CUTOFFS
 GUPQME>    341 unique QM molecule-MM group interactions generated.
 GUPQME>      0 QM/MM group exclusions generated.
 GUPQMV>    341 group interactions generated for  17627 groups.
ENER ENR:  Eval#     ENERgy      Delta-E         GRMS
ENER INTERN:          BONDs       ANGLes       UREY-b    DIHEdrals    IMPRopers
ENER CROSS:           CMAPs        PMF1D        PMF2D        PRIMO
ENER EXTERN:        VDWaals         ELEC       HBONds          ASP         USER
ENER EWALD:          EWKSum       EWSElf       EWEXcl       EWQCor       EWUTil
ENER QUANTUM:        QMELec        QMVDw  
 ----------       ---------    ---------    ---------    ---------    ---------
ENER>        0 -35117.33990      0.73411      2.54004
ENER INTERN>       31.02152     87.11438      4.58033    284.85530      6.72820
ENER CROSS>       -16.97035      0.00000      0.00000      0.00000
ENER EXTERN>     -263.35398   -813.01990      0.00000      0.00000      0.00000
ENER EWALD>       2762.4584-1098967.0736 1062381.6080       0.0000       0.0000
ENER QUANTM>     -591.72174    -23.56651
 ----------       ---------    ---------    ---------    ---------    ---------
  
 CHARMM>       print resdistance
REDWRI:  Number of distance restraints=   1  Overall scale factor=      1.0000

 REDWRI: Evaluating restraint     1  KVAL=  2000.000 RVAL=    -0.300
    Number of atom pairs=   2 Global Exponent=   2 Internal Exponent=   1 One sided mode= 0
      atom pair:  5685 HETA     223      C1       5695 HETA     223      C8         distance factor=      1.0000  Current distance=      1.732436
      atom pair:  5687 HETA     223      C3       5697 HETA     223      O4         distance factor=     -1.0000  Current distance=      2.059531
      Distance deviation=     -0.027095  Energy=       0.73411 Force=     -54.18904

 REDWRI:  Current number of restraints=   1

  
 CHARMM>       trajectory write
  
 CHARMM>       increase n by 1
 Parameter: N <- "19"
  
 CHARMM>       increase rc by 0.1
 Parameter: RC <- "-0.2"
  
 CHARMM>    if rc le 2.0 goto loop
 Comparing "-0.2" and "2.0".
 IF test evaluated as true.  Performing command
  
 CHARMM>       skip none
 SKIPE> The following energy terms will be computed :
  BOND ANGL UREY DIHE IMPR VDW  ELEC HBON USER HARM CDIH CIC  CDRO NOE  SBOU
  IMNB IMEL IMHB EWKS EWSE EXTE RXNF ST2  IMST TSM  QMEL QMVD ASP  EHAR GEO 
  MDIP PINT PRMS PANG SSBP BK4D SHEL RESD SHAP STRB OOPL PULL POLA DMC  RGY 
  EWEX EWQC EWUT PBEL PBNP MBDE STRS BNDB BNDT EBST MBST BBT  SST  GBEN HMCM
  ADUM HYDR GSBP FQPO GRVD GREL SASL CMAP ELRC OLAP UMBR RREP RPHO RHBN RBDO
  RBAC RARO PHEN MMPT VMOD CROS FCTP FCTN PATH PMF1 PMF2 PRIM VALB ECHD ECHA
  ECHT ECHR CPUC SMBP EEMA ERMD CSRE ECS  ERDC DEFE MSPT GRHB PCHA
  
 CHARMM>       resdistance reset
  RESDIST: Restrained distances restraints reset.
 RESDIST:  Current number of restraints=   0
  
 CHARMM>       resdistance kval 2000.0 rval @rc -
 CHARMM>       1.0 @atom1 @atom2 -1.0 @atom3 @atom4
 Parameter: RC -> "-0.2"
 Parameter: ATOM1 -> "HETA 223 C1"
 Parameter: ATOM2 -> "HETA 223 C8"
 Parameter: ATOM3 -> "HETA 223 C3"
 Parameter: ATOM4 -> "HETA 223 O4"
 REDSET: Adding restraint     1  KVAL=  2000.000 RVAL=    -0.200
     Number of atom pairs=   2 Global Exponent=   2 Internal Exponent=   1 One sided mode= 0
      atom pair:  5685 HETA     223      C1       5695 HETA     223      C8         distance factor=      1.0000
      atom pair:  5687 HETA     223      C3       5697 HETA     223      O4         distance factor=     -1.0000
 RESDIST:  Current number of restraints=   1
  
 CHARMM>       mini abnr nstep 2000 tolitr 2000 tolgrd 0.2 nprint 2000

 SELECTED IMAGES ATOMS BEING CENTERED ABOUT  0.000000  0.000000  0.000000

 <MKIMAT2>: updating the image atom lists and remapping
 Transformation   Atoms  Groups  Residues  Min-Distance
    1  N1N1N1R1 has       0       0       0        1.65
    2  N1Z0N1R1 has       0       0       0        0.89
    3  N1P1N1R1 has       0       0       0        2.98
    4  Z0N1N1R1 has       0       0       0        0.85
    5  Z0Z0N1R1 has       0       0       0        0.00
    6  Z0P1N1R1 has       0       0       0        0.12
    7  N1N1Z0R1 has       0       0       0        0.83
    8  N1Z0Z0R1 has       0       0       0        0.00
    9  N1P1Z0R1 has       0       0       0        1.61
   10  Z0N1Z0R1 has       0       0       0        0.00
   12  N1N1P1R1 has       0       0       0        1.50
   13  N1Z0P1R1 has       0       0       0        0.91
   14  N1P1P1R1 has       0       0       0        2.92
 Total of53479 atoms and17627 groups and16343 residues were included

 <MAKGRP> found      0 image group exclusions.

 NONBOND OPTION FLAGS: 
     ELEC     VDW      GROUps   CDIElec  SWITch   VGROup   VSWItch 
     BYGRoup  NOEXtnd  EWALd   
 CUTNB  = 14.000 CTEXNB =999.000 CTONNB = 12.000 CTOFNB = 13.000
 CGONNB =  0.000 CGOFNB = 10.000
 WMIN   =  0.500 WRNMXD =  0.500 E14FAC =  1.000 EPS    =  1.000
 NBXMOD =      5
 PME EWALD OPTIONS: KAPPA  =  0.340  QCOR =  0.000  Bspline order = 6
 FFTX=  90  FFTY=  90  FFTZ=  90
                Using Pub FFT
                Real-to-Complex FFT
 There are        0 atom  pairs and    78977 atom  exclusions.
 There are    49522 group pairs and     4702 group exclusions.
 Generating nonbond list with Exclusion mode = 5
 == PRIMARY == SPACE FOR 15367279 ATOM PAIRS AND  3080142 GROUP PAIRS

 General group nonbond list generation found:
    49864 GROUP PAIRS WERE FOUND FOR GROUP LIST
  3089438 GROUP PAIRS WERE BEYOND CUTOFFS
152225076 GROUP PAIRS WERE NOT SELECTED
 SPACE FOR        0 ATOM PAIRS AND  1676038 GROUP PAIRS

 Image group nonbond list generation found:
        0 GROUP PAIRS WERE FOUND FOR GROUP LIST
        0 GROUP PAIRS WERE BEYOND CUTOFFS
 GUPQME>    341 unique QM molecule-MM group interactions generated.
 GUPQME>      0 QM/MM group exclusions generated.
 GUPQMV>    341 group interactions generated for  17627 groups.


 ABNER> An energy minimization has been requested.

 EIGRNG =    0.0005000   MINDIM =            5
 NPRINT =         2000   NSTEP  =         2000
 PSTRCT =    0.0000000   SDSTP  =    0.0200000
 STPLIM =    1.0000000   STRICT =    0.1000000
 TOLFUN =    0.0000000   TOLGRD =    0.2000000
 TOLITR =         2000   TOLSTP =    0.0000000
 FMEM   =    0.0000000
MINI MIN: Cycle      ENERgy      Delta-E         GRMS    Step-size
MINI INTERN:          BONDs       ANGLes       UREY-b    DIHEdrals    IMPRopers
MINI CROSS:           CMAPs        PMF1D        PMF2D        PRIMO
MINI EXTERN:        VDWaals         ELEC       HBONds          ASP         USER
MINI EWALD:          EWKSum       EWSElf       EWEXcl       EWQCor       EWUTil
MINI CONSTR:       HARMonic    CDIHedral          CIC     RESDistance       NOE
MINI QUANTUM:        QMELec        QMVDw  
 ----------       ---------    ---------    ---------    ---------    ---------
MINI>        0 -35101.18688    -16.15302      9.21756      0.00000
MINI INTERN>       31.02152     87.11438      4.58033    284.85530      6.72820
MINI CROSS>       -16.97035      0.00000      0.00000      0.00000
MINI EXTERN>     -263.35398   -813.01990      0.00000      0.00000      0.00000
MINI EWALD>       2762.4584-1098967.0736 1062381.6080       0.0000       0.0000
MINI CONSTR>        0.00000      0.00000      0.00000     16.15302      0.00000
MINI QUANTM>     -591.72174    -23.56651
 ----------       ---------    ---------    ---------    ---------    ---------

 ABNER> Minimization exiting with gradient tolerance ( 0.2000000) satisfied.

ABNR MIN: Cycle      ENERgy      Delta-E         GRMS    Step-size
ABNR INTERN:          BONDs       ANGLes       UREY-b    DIHEdrals    IMPRopers
ABNR CROSS:           CMAPs        PMF1D        PMF2D        PRIMO
ABNR EXTERN:        VDWaals         ELEC       HBONds          ASP         USER
ABNR EWALD:          EWKSum       EWSElf       EWEXcl       EWQCor       EWUTil
ABNR CONSTR:       HARMonic    CDIHedral          CIC     RESDistance       NOE
ABNR QUANTUM:        QMELec        QMVDw  
 ----------       ---------    ---------    ---------    ---------    ---------
ABNR>       17 -35111.38507     10.19819      0.16285      0.00659
ABNR INTERN>       31.06756     87.15513      4.58996    284.95096      6.76454
ABNR CROSS>       -16.93762      0.00000      0.00000      0.00000
ABNR EXTERN>     -263.01787   -813.58184      0.00000      0.00000      0.00000
ABNR EWALD>       2762.6756-1098967.0736 1062381.5604       0.0000       0.0000
ABNR CONSTR>        0.00000      0.00000      0.00000      0.74894      0.00000
ABNR QUANTM>     -586.97891    -23.30832
 ----------       ---------    ---------    ---------    ---------    ---------
  
 CHARMM>       skip resd
 SKIPE> The following energy terms will be computed :
  BOND ANGL UREY DIHE IMPR VDW  ELEC HBON USER HARM CDIH CIC  CDRO NOE  SBOU
  IMNB IMEL IMHB EWKS EWSE EXTE RXNF ST2  IMST TSM  QMEL QMVD ASP  EHAR GEO 
  MDIP PINT PRMS PANG SSBP BK4D SHEL SHAP STRB OOPL PULL POLA DMC  RGY  EWEX
  EWQC EWUT PBEL PBNP MBDE STRS BNDB BNDT EBST MBST BBT  SST  GBEN HMCM ADUM
  HYDR GSBP FQPO GRVD GREL SASL CMAP ELRC OLAP UMBR RREP RPHO RHBN RBDO RBAC
  RARO PHEN MMPT VMOD CROS FCTP FCTN PATH PMF1 PMF2 PRIM VALB ECHD ECHA ECHT
  ECHR CPUC SMBP EEMA ERMD CSRE ECS  ERDC DEFE MSPT GRHB PCHA
  
 CHARMM>       energy

 SELECTED IMAGES ATOMS BEING CENTERED ABOUT  0.000000  0.000000  0.000000

 <MKIMAT2>: updating the image atom lists and remapping
 Transformation   Atoms  Groups  Residues  Min-Distance
    1  N1N1N1R1 has       0       0       0        1.65
    2  N1Z0N1R1 has       0       0       0        0.89
    3  N1P1N1R1 has       0       0       0        2.98
    4  Z0N1N1R1 has       0       0       0        0.85
    5  Z0Z0N1R1 has       0       0       0        0.00
    6  Z0P1N1R1 has       0       0       0        0.12
    7  N1N1Z0R1 has       0       0       0        0.83
    8  N1Z0Z0R1 has       0       0       0        0.00
    9  N1P1Z0R1 has       0       0       0        1.61
   10  Z0N1Z0R1 has       0       0       0        0.00
   12  N1N1P1R1 has       0       0       0        1.50
   13  N1Z0P1R1 has       0       0       0        0.91
   14  N1P1P1R1 has       0       0       0        2.92
 Total of53479 atoms and17627 groups and16343 residues were included

 <MAKGRP> found      0 image group exclusions.

 NONBOND OPTION FLAGS: 
     ELEC     VDW      GROUps   CDIElec  SWITch   VGROup   VSWItch 
     BYGRoup  NOEXtnd  EWALd   
 CUTNB  = 14.000 CTEXNB =999.000 CTONNB = 12.000 CTOFNB = 13.000
 CGONNB =  0.000 CGOFNB = 10.000
 WMIN   =  0.500 WRNMXD =  0.500 E14FAC =  1.000 EPS    =  1.000
 NBXMOD =      5
 PME EWALD OPTIONS: KAPPA  =  0.340  QCOR =  0.000  Bspline order = 6
 FFTX=  90  FFTY=  90  FFTZ=  90
                Using Pub FFT
                Real-to-Complex FFT
 There are        0 atom  pairs and    78977 atom  exclusions.
 There are    49522 group pairs and     4702 group exclusions.
 Generating nonbond list with Exclusion mode = 5
 == PRIMARY == SPACE FOR 15367279 ATOM PAIRS AND  3080142 GROUP PAIRS

 General group nonbond list generation found:
    49864 GROUP PAIRS WERE FOUND FOR GROUP LIST
  3089438 GROUP PAIRS WERE BEYOND CUTOFFS
152225076 GROUP PAIRS WERE NOT SELECTED
 SPACE FOR        0 ATOM PAIRS AND  1676038 GROUP PAIRS

 Image group nonbond list generation found:
        0 GROUP PAIRS WERE FOUND FOR GROUP LIST
        0 GROUP PAIRS WERE BEYOND CUTOFFS
 GUPQME>    341 unique QM molecule-MM group interactions generated.
 GUPQME>      0 QM/MM group exclusions generated.
 GUPQMV>    341 group interactions generated for  17627 groups.
ENER ENR:  Eval#     ENERgy      Delta-E         GRMS
ENER INTERN:          BONDs       ANGLes       UREY-b    DIHEdrals    IMPRopers
ENER CROSS:           CMAPs        PMF1D        PMF2D        PRIMO
ENER EXTERN:        VDWaals         ELEC       HBONds          ASP         USER
ENER EWALD:          EWKSum       EWSElf       EWEXcl       EWQCor       EWUTil
ENER QUANTUM:        QMELec        QMVDw  
 ----------       ---------    ---------    ---------    ---------    ---------
ENER>        0 -35112.13401      0.74894      2.46639
ENER INTERN>       31.06756     87.15513      4.58996    284.95096      6.76454
ENER CROSS>       -16.93762      0.00000      0.00000      0.00000
ENER EXTERN>     -263.01787   -813.58184      0.00000      0.00000      0.00000
ENER EWALD>       2762.6756-1098967.0736 1062381.5604       0.0000       0.0000
ENER QUANTM>     -586.97891    -23.30832
 ----------       ---------    ---------    ---------    ---------    ---------
  
 CHARMM>       print resdistance
REDWRI:  Number of distance restraints=   1  Overall scale factor=      1.0000

 REDWRI: Evaluating restraint     1  KVAL=  2000.000 RVAL=    -0.200
    Number of atom pairs=   2 Global Exponent=   2 Internal Exponent=   1 One sided mode= 0
      atom pair:  5685 HETA     223      C1       5695 HETA     223      C8         distance factor=      1.0000  Current distance=      1.820076
      atom pair:  5687 HETA     223      C3       5697 HETA     223      O4         distance factor=     -1.0000  Current distance=      2.047442
      Distance deviation=     -0.027367  Energy=       0.74894 Force=     -54.73342

 REDWRI:  Current number of restraints=   1

  
 CHARMM>       trajectory write
  
 CHARMM>       increase n by 1
 Parameter: N <- "20"
  
 CHARMM>       increase rc by 0.1
 Parameter: RC <- "-0.1"
  
 CHARMM>    if rc le 2.0 goto loop
 Comparing "-0.1" and "2.0".
 IF test evaluated as true.  Performing command
  
 CHARMM>       skip none
 SKIPE> The following energy terms will be computed :
  BOND ANGL UREY DIHE IMPR VDW  ELEC HBON USER HARM CDIH CIC  CDRO NOE  SBOU
  IMNB IMEL IMHB EWKS EWSE EXTE RXNF ST2  IMST TSM  QMEL QMVD ASP  EHAR GEO 
  MDIP PINT PRMS PANG SSBP BK4D SHEL RESD SHAP STRB OOPL PULL POLA DMC  RGY 
  EWEX EWQC EWUT PBEL PBNP MBDE STRS BNDB BNDT EBST MBST BBT  SST  GBEN HMCM
  ADUM HYDR GSBP FQPO GRVD GREL SASL CMAP ELRC OLAP UMBR RREP RPHO RHBN RBDO
  RBAC RARO PHEN MMPT VMOD CROS FCTP FCTN PATH PMF1 PMF2 PRIM VALB ECHD ECHA
  ECHT ECHR CPUC SMBP EEMA ERMD CSRE ECS  ERDC DEFE MSPT GRHB PCHA
  
 CHARMM>       resdistance reset
  RESDIST: Restrained distances restraints reset.
 RESDIST:  Current number of restraints=   0
  
 CHARMM>       resdistance kval 2000.0 rval @rc -
 CHARMM>       1.0 @atom1 @atom2 -1.0 @atom3 @atom4
 Parameter: RC -> "-0.1"
 Parameter: ATOM1 -> "HETA 223 C1"
 Parameter: ATOM2 -> "HETA 223 C8"
 Parameter: ATOM3 -> "HETA 223 C3"
 Parameter: ATOM4 -> "HETA 223 O4"
 REDSET: Adding restraint     1  KVAL=  2000.000 RVAL=    -0.100
     Number of atom pairs=   2 Global Exponent=   2 Internal Exponent=   1 One sided mode= 0
      atom pair:  5685 HETA     223      C1       5695 HETA     223      C8         distance factor=      1.0000
      atom pair:  5687 HETA     223      C3       5697 HETA     223      O4         distance factor=     -1.0000
 RESDIST:  Current number of restraints=   1
  
 CHARMM>       mini abnr nstep 2000 tolitr 2000 tolgrd 0.2 nprint 2000

 SELECTED IMAGES ATOMS BEING CENTERED ABOUT  0.000000  0.000000  0.000000

 <MKIMAT2>: updating the image atom lists and remapping
 Transformation   Atoms  Groups  Residues  Min-Distance
    1  N1N1N1R1 has       0       0       0        1.65
    2  N1Z0N1R1 has       0       0       0        0.89
    3  N1P1N1R1 has       0       0       0        2.98
    4  Z0N1N1R1 has       0       0       0        0.85
    5  Z0Z0N1R1 has       0       0       0        0.00
    6  Z0P1N1R1 has       0       0       0        0.12
    7  N1N1Z0R1 has       0       0       0        0.83
    8  N1Z0Z0R1 has       0       0       0        0.00
    9  N1P1Z0R1 has       0       0       0        1.61
   10  Z0N1Z0R1 has       0       0       0        0.00
   12  N1N1P1R1 has       0       0       0        1.50
   13  N1Z0P1R1 has       0       0       0        0.91
   14  N1P1P1R1 has       0       0       0        2.92
 Total of53479 atoms and17627 groups and16343 residues were included

 <MAKGRP> found      0 image group exclusions.

 NONBOND OPTION FLAGS: 
     ELEC     VDW      GROUps   CDIElec  SWITch   VGROup   VSWItch 
     BYGRoup  NOEXtnd  EWALd   
 CUTNB  = 14.000 CTEXNB =999.000 CTONNB = 12.000 CTOFNB = 13.000
 CGONNB =  0.000 CGOFNB = 10.000
 WMIN   =  0.500 WRNMXD =  0.500 E14FAC =  1.000 EPS    =  1.000
 NBXMOD =      5
 PME EWALD OPTIONS: KAPPA  =  0.340  QCOR =  0.000  Bspline order = 6
 FFTX=  90  FFTY=  90  FFTZ=  90
                Using Pub FFT
                Real-to-Complex FFT
 There are        0 atom  pairs and    78977 atom  exclusions.
 There are    49522 group pairs and     4702 group exclusions.
 Generating nonbond list with Exclusion mode = 5
 == PRIMARY == SPACE FOR 15367279 ATOM PAIRS AND  3080142 GROUP PAIRS

 General group nonbond list generation found:
    49864 GROUP PAIRS WERE FOUND FOR GROUP LIST
  3089438 GROUP PAIRS WERE BEYOND CUTOFFS
152225076 GROUP PAIRS WERE NOT SELECTED
 SPACE FOR        0 ATOM PAIRS AND  1676038 GROUP PAIRS

 Image group nonbond list generation found:
        0 GROUP PAIRS WERE FOUND FOR GROUP LIST
        0 GROUP PAIRS WERE BEYOND CUTOFFS
 GUPQME>    341 unique QM molecule-MM group interactions generated.
 GUPQME>      0 QM/MM group exclusions generated.
 GUPQMV>    341 group interactions generated for  17627 groups.


 ABNER> An energy minimization has been requested.

 EIGRNG =    0.0005000   MINDIM =            5
 NPRINT =         2000   NSTEP  =         2000
 PSTRCT =    0.0000000   SDSTP  =    0.0200000
 STPLIM =    1.0000000   STRICT =    0.1000000
 TOLFUN =    0.0000000   TOLGRD =    0.2000000
 TOLITR =         2000   TOLSTP =    0.0000000
 FMEM   =    0.0000000
MINI MIN: Cycle      ENERgy      Delta-E         GRMS    Step-size
MINI INTERN:          BONDs       ANGLes       UREY-b    DIHEdrals    IMPRopers
MINI CROSS:           CMAPs        PMF1D        PMF2D        PRIMO
MINI EXTERN:        VDWaals         ELEC       HBONds          ASP         USER
MINI EWALD:          EWKSum       EWSElf       EWEXcl       EWQCor       EWUTil
MINI CONSTR:       HARMonic    CDIHedral          CIC     RESDistance       NOE
MINI QUANTUM:        QMELec        QMVDw  
 ----------       ---------    ---------    ---------    ---------    ---------
MINI>        0 -35095.91173    -16.22228      9.31428      0.00000
MINI INTERN>       31.06756     87.15513      4.58996    284.95096      6.76454
MINI CROSS>       -16.93762      0.00000      0.00000      0.00000
MINI EXTERN>     -263.01787   -813.58184      0.00000      0.00000      0.00000
MINI EWALD>       2762.6756-1098967.0736 1062381.5604       0.0000       0.0000
MINI CONSTR>        0.00000      0.00000      0.00000     16.22228      0.00000
MINI QUANTM>     -586.97891    -23.30832
 ----------       ---------    ---------    ---------    ---------    ---------
 UPDECI: Image update at step        25

 <MKIMAT2>: updating the image atom lists and remapping
 Transformation   Atoms  Groups  Residues  Min-Distance
    1  N1N1N1R1 has       0       0       0        1.65
    2  N1Z0N1R1 has       0       0       0        0.89
    3  N1P1N1R1 has       0       0       0        2.98
    4  Z0N1N1R1 has       0       0       0        0.85
    5  Z0Z0N1R1 has       0       0       0        0.00
    6  Z0P1N1R1 has       0       0       0        0.12
    7  N1N1Z0R1 has       0       0       0        0.83
    8  N1Z0Z0R1 has       0       0       0        0.00
    9  N1P1Z0R1 has       0       0       0        1.61
   10  Z0N1Z0R1 has       0       0       0        0.00
   12  N1N1P1R1 has       0       0       0        1.50
   13  N1Z0P1R1 has       0       0       0        0.91
   14  N1P1P1R1 has       0       0       0        2.92
 Total of53479 atoms and17627 groups and16343 residues were included

 <MAKGRP> found      0 image group exclusions.
 UPDECI: Nonbond update at step        25
 Generating nonbond list with Exclusion mode = 5
 == PRIMARY == SPACE FOR 15367279 ATOM PAIRS AND  3080142 GROUP PAIRS

 General group nonbond list generation found:
    49868 GROUP PAIRS WERE FOUND FOR GROUP LIST
  3089434 GROUP PAIRS WERE BEYOND CUTOFFS
152225076 GROUP PAIRS WERE NOT SELECTED
 SPACE FOR        0 ATOM PAIRS AND  1676038 GROUP PAIRS

 Image group nonbond list generation found:
        0 GROUP PAIRS WERE FOUND FOR GROUP LIST
        0 GROUP PAIRS WERE BEYOND CUTOFFS
 GUPQME>    341 unique QM molecule-MM group interactions generated.
 GUPQME>      0 QM/MM group exclusions generated.
 GUPQMV>    341 group interactions generated for  17627 groups.

 ABNER> Minimization exiting with gradient tolerance ( 0.2000000) satisfied.

ABNR MIN: Cycle      ENERgy      Delta-E         GRMS    Step-size
ABNR INTERN:          BONDs       ANGLes       UREY-b    DIHEdrals    IMPRopers
ABNR CROSS:           CMAPs        PMF1D        PMF2D        PRIMO
ABNR EXTERN:        VDWaals         ELEC       HBONds          ASP         USER
ABNR EWALD:          EWKSum       EWSElf       EWEXcl       EWQCor       EWUTil
ABNR CONSTR:       HARMonic    CDIHedral          CIC     RESDistance       NOE
ABNR QUANTUM:        QMELec        QMVDw  
 ----------       ---------    ---------    ---------    ---------    ---------
ABNR>       30 -35107.55355     11.64183      0.17297      0.00872
ABNR INTERN>       31.15261     87.11387      4.63495    284.96423      6.84104
ABNR CROSS>       -16.83128      0.00000      0.00000      0.00000
ABNR EXTERN>     -262.03980   -815.24586      0.00000      0.00000      0.00000
ABNR EWALD>       2763.5996-1098967.0736 1062381.4721       0.0000       0.0000
ABNR CONSTR>        0.00000      0.00000      0.00000      0.51924      0.00000
ABNR QUANTM>     -583.28217    -23.37849
 ----------       ---------    ---------    ---------    ---------    ---------
  
 CHARMM>       skip resd
 SKIPE> The following energy terms will be computed :
  BOND ANGL UREY DIHE IMPR VDW  ELEC HBON USER HARM CDIH CIC  CDRO NOE  SBOU
  IMNB IMEL IMHB EWKS EWSE EXTE RXNF ST2  IMST TSM  QMEL QMVD ASP  EHAR GEO 
  MDIP PINT PRMS PANG SSBP BK4D SHEL SHAP STRB OOPL PULL POLA DMC  RGY  EWEX
  EWQC EWUT PBEL PBNP MBDE STRS BNDB BNDT EBST MBST BBT  SST  GBEN HMCM ADUM
  HYDR GSBP FQPO GRVD GREL SASL CMAP ELRC OLAP UMBR RREP RPHO RHBN RBDO RBAC
  RARO PHEN MMPT VMOD CROS FCTP FCTN PATH PMF1 PMF2 PRIM VALB ECHD ECHA ECHT
  ECHR CPUC SMBP EEMA ERMD CSRE ECS  ERDC DEFE MSPT GRHB PCHA
  
 CHARMM>       energy

 SELECTED IMAGES ATOMS BEING CENTERED ABOUT  0.000000  0.000000  0.000000

 <MKIMAT2>: updating the image atom lists and remapping
 Transformation   Atoms  Groups  Residues  Min-Distance
    1  N1N1N1R1 has       0       0       0        1.65
    2  N1Z0N1R1 has       0       0       0        0.89
    3  N1P1N1R1 has       0       0       0        2.98
    4  Z0N1N1R1 has       0       0       0        0.85
    5  Z0Z0N1R1 has       0       0       0        0.00
    6  Z0P1N1R1 has       0       0       0        0.12
    7  N1N1Z0R1 has       0       0       0        0.83
    8  N1Z0Z0R1 has       0       0       0        0.00
    9  N1P1Z0R1 has       0       0       0        1.61
   10  Z0N1Z0R1 has       0       0       0        0.00
   12  N1N1P1R1 has       0       0       0        1.50
   13  N1Z0P1R1 has       0       0       0        0.91
   14  N1P1P1R1 has       0       0       0        2.92
 Total of53479 atoms and17627 groups and16343 residues were included

 <MAKGRP> found      0 image group exclusions.

 NONBOND OPTION FLAGS: 
     ELEC     VDW      GROUps   CDIElec  SWITch   VGROup   VSWItch 
     BYGRoup  NOEXtnd  EWALd   
 CUTNB  = 14.000 CTEXNB =999.000 CTONNB = 12.000 CTOFNB = 13.000
 CGONNB =  0.000 CGOFNB = 10.000
 WMIN   =  0.500 WRNMXD =  0.500 E14FAC =  1.000 EPS    =  1.000
 NBXMOD =      5
 PME EWALD OPTIONS: KAPPA  =  0.340  QCOR =  0.000  Bspline order = 6
 FFTX=  90  FFTY=  90  FFTZ=  90
                Using Pub FFT
                Real-to-Complex FFT
 There are        0 atom  pairs and    78977 atom  exclusions.
 There are    49526 group pairs and     4702 group exclusions.
 Generating nonbond list with Exclusion mode = 5
 == PRIMARY == SPACE FOR 15367279 ATOM PAIRS AND  3080142 GROUP PAIRS

 General group nonbond list generation found:
    49872 GROUP PAIRS WERE FOUND FOR GROUP LIST
  3089430 GROUP PAIRS WERE BEYOND CUTOFFS
152225076 GROUP PAIRS WERE NOT SELECTED
 SPACE FOR        0 ATOM PAIRS AND  1676038 GROUP PAIRS

 Image group nonbond list generation found:
        0 GROUP PAIRS WERE FOUND FOR GROUP LIST
        0 GROUP PAIRS WERE BEYOND CUTOFFS
 GUPQME>    341 unique QM molecule-MM group interactions generated.
 GUPQME>      0 QM/MM group exclusions generated.
 GUPQMV>    341 group interactions generated for  17627 groups.
ENER ENR:  Eval#     ENERgy      Delta-E         GRMS
ENER INTERN:          BONDs       ANGLes       UREY-b    DIHEdrals    IMPRopers
ENER CROSS:           CMAPs        PMF1D        PMF2D        PRIMO
ENER EXTERN:        VDWaals         ELEC       HBONds          ASP         USER
ENER EWALD:          EWKSum       EWSElf       EWEXcl       EWQCor       EWUTil
ENER QUANTUM:        QMELec        QMVDw  
 ----------       ---------    ---------    ---------    ---------    ---------
ENER>        0 -35108.07280      0.51924      2.13672
ENER INTERN>       31.15261     87.11387      4.63495    284.96423      6.84104
ENER CROSS>       -16.83128      0.00000      0.00000      0.00000
ENER EXTERN>     -262.03980   -815.24586      0.00000      0.00000      0.00000
ENER EWALD>       2763.5996-1098967.0736 1062381.4721       0.0000       0.0000
ENER QUANTM>     -583.28217    -23.37849
 ----------       ---------    ---------    ---------    ---------    ---------
  
 CHARMM>       print resdistance
REDWRI:  Number of distance restraints=   1  Overall scale factor=      1.0000

 REDWRI: Evaluating restraint     1  KVAL=  2000.000 RVAL=    -0.100
    Number of atom pairs=   2 Global Exponent=   2 Internal Exponent=   1 One sided mode= 0
      atom pair:  5685 HETA     223      C1       5695 HETA     223      C8         distance factor=      1.0000  Current distance=      1.937361
      atom pair:  5687 HETA     223      C3       5697 HETA     223      O4         distance factor=     -1.0000  Current distance=      2.060148
      Distance deviation=     -0.022787  Energy=       0.51924 Force=     -45.57377

 REDWRI:  Current number of restraints=   1

  
 CHARMM>       trajectory write
  
 CHARMM>       increase n by 1
 Parameter: N <- "21"
  
 CHARMM>       increase rc by 0.1
 Parameter: RC <- "0"
  
 CHARMM>    if rc le 2.0 goto loop
 Comparing "0" and "2.0".
 IF test evaluated as true.  Performing command
  
 CHARMM>       skip none
 SKIPE> The following energy terms will be computed :
  BOND ANGL UREY DIHE IMPR VDW  ELEC HBON USER HARM CDIH CIC  CDRO NOE  SBOU
  IMNB IMEL IMHB EWKS EWSE EXTE RXNF ST2  IMST TSM  QMEL QMVD ASP  EHAR GEO 
  MDIP PINT PRMS PANG SSBP BK4D SHEL RESD SHAP STRB OOPL PULL POLA DMC  RGY 
  EWEX EWQC EWUT PBEL PBNP MBDE STRS BNDB BNDT EBST MBST BBT  SST  GBEN HMCM
  ADUM HYDR GSBP FQPO GRVD GREL SASL CMAP ELRC OLAP UMBR RREP RPHO RHBN RBDO
  RBAC RARO PHEN MMPT VMOD CROS FCTP FCTN PATH PMF1 PMF2 PRIM VALB ECHD ECHA
  ECHT ECHR CPUC SMBP EEMA ERMD CSRE ECS  ERDC DEFE MSPT GRHB PCHA
  
 CHARMM>       resdistance reset
  RESDIST: Restrained distances restraints reset.
 RESDIST:  Current number of restraints=   0
  
 CHARMM>       resdistance kval 2000.0 rval @rc -
 CHARMM>       1.0 @atom1 @atom2 -1.0 @atom3 @atom4
 Parameter: RC -> "0"
 Parameter: ATOM1 -> "HETA 223 C1"
 Parameter: ATOM2 -> "HETA 223 C8"
 Parameter: ATOM3 -> "HETA 223 C3"
 Parameter: ATOM4 -> "HETA 223 O4"
 REDSET: Adding restraint     1  KVAL=  2000.000 RVAL=     0.000
     Number of atom pairs=   2 Global Exponent=   2 Internal Exponent=   1 One sided mode= 0
      atom pair:  5685 HETA     223      C1       5695 HETA     223      C8         distance factor=      1.0000
      atom pair:  5687 HETA     223      C3       5697 HETA     223      O4         distance factor=     -1.0000
 RESDIST:  Current number of restraints=   1
  
 CHARMM>       mini abnr nstep 2000 tolitr 2000 tolgrd 0.2 nprint 2000

 SELECTED IMAGES ATOMS BEING CENTERED ABOUT  0.000000  0.000000  0.000000

 <MKIMAT2>: updating the image atom lists and remapping
 Transformation   Atoms  Groups  Residues  Min-Distance
    1  N1N1N1R1 has       0       0       0        1.65
    2  N1Z0N1R1 has       0       0       0        0.89
    3  N1P1N1R1 has       0       0       0        2.98
    4  Z0N1N1R1 has       0       0       0        0.85
    5  Z0Z0N1R1 has       0       0       0        0.00
    6  Z0P1N1R1 has       0       0       0        0.12
    7  N1N1Z0R1 has       0       0       0        0.83
    8  N1Z0Z0R1 has       0       0       0        0.00
    9  N1P1Z0R1 has       0       0       0        1.61
   10  Z0N1Z0R1 has       0       0       0        0.00
   12  N1N1P1R1 has       0       0       0        1.50
   13  N1Z0P1R1 has       0       0       0        0.91
   14  N1P1P1R1 has       0       0       0        2.92
 Total of53479 atoms and17627 groups and16343 residues were included

 <MAKGRP> found      0 image group exclusions.

 NONBOND OPTION FLAGS: 
     ELEC     VDW      GROUps   CDIElec  SWITch   VGROup   VSWItch 
     BYGRoup  NOEXtnd  EWALd   
 CUTNB  = 14.000 CTEXNB =999.000 CTONNB = 12.000 CTOFNB = 13.000
 CGONNB =  0.000 CGOFNB = 10.000
 WMIN   =  0.500 WRNMXD =  0.500 E14FAC =  1.000 EPS    =  1.000
 NBXMOD =      5
 PME EWALD OPTIONS: KAPPA  =  0.340  QCOR =  0.000  Bspline order = 6
 FFTX=  90  FFTY=  90  FFTZ=  90
                Using Pub FFT
                Real-to-Complex FFT
 There are        0 atom  pairs and    78977 atom  exclusions.
 There are    49530 group pairs and     4702 group exclusions.
 Generating nonbond list with Exclusion mode = 5
 == PRIMARY == SPACE FOR 15367279 ATOM PAIRS AND  3080142 GROUP PAIRS

 General group nonbond list generation found:
    49872 GROUP PAIRS WERE FOUND FOR GROUP LIST
  3089430 GROUP PAIRS WERE BEYOND CUTOFFS
152225076 GROUP PAIRS WERE NOT SELECTED
 SPACE FOR        0 ATOM PAIRS AND  1676038 GROUP PAIRS

 Image group nonbond list generation found:
        0 GROUP PAIRS WERE FOUND FOR GROUP LIST
        0 GROUP PAIRS WERE BEYOND CUTOFFS
 GUPQME>    341 unique QM molecule-MM group interactions generated.
 GUPQME>      0 QM/MM group exclusions generated.
 GUPQMV>    341 group interactions generated for  17627 groups.


 ABNER> An energy minimization has been requested.

 EIGRNG =    0.0005000   MINDIM =            5
 NPRINT =         2000   NSTEP  =         2000
 PSTRCT =    0.0000000   SDSTP  =    0.0200000
 STPLIM =    1.0000000   STRICT =    0.1000000
 TOLFUN =    0.0000000   TOLGRD =    0.2000000
 TOLITR =         2000   TOLSTP =    0.0000000
 FMEM   =    0.0000000
MINI MIN: Cycle      ENERgy      Delta-E         GRMS    Step-size
MINI INTERN:          BONDs       ANGLes       UREY-b    DIHEdrals    IMPRopers
MINI CROSS:           CMAPs        PMF1D        PMF2D        PRIMO
MINI EXTERN:        VDWaals         ELEC       HBONds          ASP         USER
MINI EWALD:          EWKSum       EWSElf       EWEXcl       EWQCor       EWUTil
MINI CONSTR:       HARMonic    CDIHedral          CIC     RESDistance       NOE
MINI QUANTUM:        QMELec        QMVDw  
 ----------       ---------    ---------    ---------    ---------    ---------
MINI>        0 -35092.99618    -15.07662      9.22341      0.00000
MINI INTERN>       31.15261     87.11387      4.63495    284.96423      6.84104
MINI CROSS>       -16.83128      0.00000      0.00000      0.00000
MINI EXTERN>     -262.03980   -815.24586      0.00000      0.00000      0.00000
MINI EWALD>       2763.5996-1098967.0736 1062381.4721       0.0000       0.0000
MINI CONSTR>        0.00000      0.00000      0.00000     15.07662      0.00000
MINI QUANTM>     -583.28217    -23.37849
 ----------       ---------    ---------    ---------    ---------    ---------

 ABNER> Minimization exiting with gradient tolerance ( 0.2000000) satisfied.

ABNR MIN: Cycle      ENERgy      Delta-E         GRMS    Step-size
ABNR INTERN:          BONDs       ANGLes       UREY-b    DIHEdrals    IMPRopers
ABNR CROSS:           CMAPs        PMF1D        PMF2D        PRIMO
ABNR EXTERN:        VDWaals         ELEC       HBONds          ASP         USER
ABNR EWALD:          EWKSum       EWSElf       EWEXcl       EWQCor       EWUTil
ABNR CONSTR:       HARMonic    CDIHedral          CIC     RESDistance       NOE
ABNR QUANTUM:        QMELec        QMVDw  
 ----------       ---------    ---------    ---------    ---------    ---------
ABNR>       19 -35103.66608     10.66990      0.19364      0.00360
ABNR INTERN>       31.13182     87.10511      4.62324    284.94636      6.85868
ABNR CROSS>       -16.81942      0.00000      0.00000      0.00000
ABNR EXTERN>     -261.88788   -815.30003      0.00000      0.00000      0.00000
ABNR EWALD>       2763.5909-1098967.0736 1062381.4640       0.0000       0.0000
ABNR CONSTR>        0.00000      0.00000      0.00000      0.31039      0.00000
ABNR QUANTM>     -579.66850    -22.94713
 ----------       ---------    ---------    ---------    ---------    ---------
  
 CHARMM>       skip resd
 SKIPE> The following energy terms will be computed :
  BOND ANGL UREY DIHE IMPR VDW  ELEC HBON USER HARM CDIH CIC  CDRO NOE  SBOU
  IMNB IMEL IMHB EWKS EWSE EXTE RXNF ST2  IMST TSM  QMEL QMVD ASP  EHAR GEO 
  MDIP PINT PRMS PANG SSBP BK4D SHEL SHAP STRB OOPL PULL POLA DMC  RGY  EWEX
  EWQC EWUT PBEL PBNP MBDE STRS BNDB BNDT EBST MBST BBT  SST  GBEN HMCM ADUM
  HYDR GSBP FQPO GRVD GREL SASL CMAP ELRC OLAP UMBR RREP RPHO RHBN RBDO RBAC
  RARO PHEN MMPT VMOD CROS FCTP FCTN PATH PMF1 PMF2 PRIM VALB ECHD ECHA ECHT
  ECHR CPUC SMBP EEMA ERMD CSRE ECS  ERDC DEFE MSPT GRHB PCHA
  
 CHARMM>       energy

 SELECTED IMAGES ATOMS BEING CENTERED ABOUT  0.000000  0.000000  0.000000

 <MKIMAT2>: updating the image atom lists and remapping
 Transformation   Atoms  Groups  Residues  Min-Distance
    1  N1N1N1R1 has       0       0       0        1.65
    2  N1Z0N1R1 has       0       0       0        0.89
    3  N1P1N1R1 has       0       0       0        2.98
    4  Z0N1N1R1 has       0       0       0        0.85
    5  Z0Z0N1R1 has       0       0       0        0.00
    6  Z0P1N1R1 has       0       0       0        0.12
    7  N1N1Z0R1 has       0       0       0        0.83
    8  N1Z0Z0R1 has       0       0       0        0.00
    9  N1P1Z0R1 has       0       0       0        1.61
   10  Z0N1Z0R1 has       0       0       0        0.00
   12  N1N1P1R1 has       0       0       0        1.50
   13  N1Z0P1R1 has       0       0       0        0.91
   14  N1P1P1R1 has       0       0       0        2.92
 Total of53479 atoms and17627 groups and16343 residues were included

 <MAKGRP> found      0 image group exclusions.

 NONBOND OPTION FLAGS: 
     ELEC     VDW      GROUps   CDIElec  SWITch   VGROup   VSWItch 
     BYGRoup  NOEXtnd  EWALd   
 CUTNB  = 14.000 CTEXNB =999.000 CTONNB = 12.000 CTOFNB = 13.000
 CGONNB =  0.000 CGOFNB = 10.000
 WMIN   =  0.500 WRNMXD =  0.500 E14FAC =  1.000 EPS    =  1.000
 NBXMOD =      5
 PME EWALD OPTIONS: KAPPA  =  0.340  QCOR =  0.000  Bspline order = 6
 FFTX=  90  FFTY=  90  FFTZ=  90
                Using Pub FFT
                Real-to-Complex FFT
 There are        0 atom  pairs and    78977 atom  exclusions.
 There are    49530 group pairs and     4702 group exclusions.
 Generating nonbond list with Exclusion mode = 5
 == PRIMARY == SPACE FOR 15367279 ATOM PAIRS AND  3080142 GROUP PAIRS

 General group nonbond list generation found:
    49872 GROUP PAIRS WERE FOUND FOR GROUP LIST
  3089430 GROUP PAIRS WERE BEYOND CUTOFFS
152225076 GROUP PAIRS WERE NOT SELECTED
 SPACE FOR        0 ATOM PAIRS AND  1676038 GROUP PAIRS

 Image group nonbond list generation found:
        0 GROUP PAIRS WERE FOUND FOR GROUP LIST
        0 GROUP PAIRS WERE BEYOND CUTOFFS
 GUPQME>    341 unique QM molecule-MM group interactions generated.
 GUPQME>      0 QM/MM group exclusions generated.
 GUPQMV>    341 group interactions generated for  17627 groups.
ENER ENR:  Eval#     ENERgy      Delta-E         GRMS
ENER INTERN:          BONDs       ANGLes       UREY-b    DIHEdrals    IMPRopers
ENER CROSS:           CMAPs        PMF1D        PMF2D        PRIMO
ENER EXTERN:        VDWaals         ELEC       HBONds          ASP         USER
ENER EWALD:          EWKSum       EWSElf       EWEXcl       EWQCor       EWUTil
ENER QUANTUM:        QMELec        QMVDw  
 ----------       ---------    ---------    ---------    ---------    ---------
ENER>        0 -35103.97647      0.31039      1.59878
ENER INTERN>       31.13182     87.10511      4.62324    284.94636      6.85868
ENER CROSS>       -16.81942      0.00000      0.00000      0.00000
ENER EXTERN>     -261.88788   -815.30003      0.00000      0.00000      0.00000
ENER EWALD>       2763.5909-1098967.0736 1062381.4640       0.0000       0.0000
ENER QUANTM>     -579.66850    -22.94713
 ----------       ---------    ---------    ---------    ---------    ---------
  
 CHARMM>       print resdistance
REDWRI:  Number of distance restraints=   1  Overall scale factor=      1.0000

 REDWRI: Evaluating restraint     1  KVAL=  2000.000 RVAL=     0.000
    Number of atom pairs=   2 Global Exponent=   2 Internal Exponent=   1 One sided mode= 0
      atom pair:  5685 HETA     223      C1       5695 HETA     223      C8         distance factor=      1.0000  Current distance=      2.041673
      atom pair:  5687 HETA     223      C3       5697 HETA     223      O4         distance factor=     -1.0000  Current distance=      2.059291
      Distance deviation=     -0.017618  Energy=       0.31039 Force=     -35.23578

 REDWRI:  Current number of restraints=   1

  
 CHARMM>       trajectory write
  
 CHARMM>       increase n by 1
 Parameter: N <- "22"
  
 CHARMM>       increase rc by 0.1
 Parameter: RC <- "0.1"
  
 CHARMM>    if rc le 2.0 goto loop
 Comparing "0.1" and "2.0".
 IF test evaluated as true.  Performing command
  
 CHARMM>       skip none
 SKIPE> The following energy terms will be computed :
  BOND ANGL UREY DIHE IMPR VDW  ELEC HBON USER HARM CDIH CIC  CDRO NOE  SBOU
  IMNB IMEL IMHB EWKS EWSE EXTE RXNF ST2  IMST TSM  QMEL QMVD ASP  EHAR GEO 
  MDIP PINT PRMS PANG SSBP BK4D SHEL RESD SHAP STRB OOPL PULL POLA DMC  RGY 
  EWEX EWQC EWUT PBEL PBNP MBDE STRS BNDB BNDT EBST MBST BBT  SST  GBEN HMCM
  ADUM HYDR GSBP FQPO GRVD GREL SASL CMAP ELRC OLAP UMBR RREP RPHO RHBN RBDO
  RBAC RARO PHEN MMPT VMOD CROS FCTP FCTN PATH PMF1 PMF2 PRIM VALB ECHD ECHA
  ECHT ECHR CPUC SMBP EEMA ERMD CSRE ECS  ERDC DEFE MSPT GRHB PCHA
  
 CHARMM>       resdistance reset
  RESDIST: Restrained distances restraints reset.
 RESDIST:  Current number of restraints=   0
  
 CHARMM>       resdistance kval 2000.0 rval @rc -
 CHARMM>       1.0 @atom1 @atom2 -1.0 @atom3 @atom4
 Parameter: RC -> "0.1"
 Parameter: ATOM1 -> "HETA 223 C1"
 Parameter: ATOM2 -> "HETA 223 C8"
 Parameter: ATOM3 -> "HETA 223 C3"
 Parameter: ATOM4 -> "HETA 223 O4"
 REDSET: Adding restraint     1  KVAL=  2000.000 RVAL=     0.100
     Number of atom pairs=   2 Global Exponent=   2 Internal Exponent=   1 One sided mode= 0
      atom pair:  5685 HETA     223      C1       5695 HETA     223      C8         distance factor=      1.0000
      atom pair:  5687 HETA     223      C3       5697 HETA     223      O4         distance factor=     -1.0000
 RESDIST:  Current number of restraints=   1
  
 CHARMM>       mini abnr nstep 2000 tolitr 2000 tolgrd 0.2 nprint 2000

 SELECTED IMAGES ATOMS BEING CENTERED ABOUT  0.000000  0.000000  0.000000

 <MKIMAT2>: updating the image atom lists and remapping
 Transformation   Atoms  Groups  Residues  Min-Distance
    1  N1N1N1R1 has       0       0       0        1.65
    2  N1Z0N1R1 has       0       0       0        0.89
    3  N1P1N1R1 has       0       0       0        2.98
    4  Z0N1N1R1 has       0       0       0        0.85
    5  Z0Z0N1R1 has       0       0       0        0.00
    6  Z0P1N1R1 has       0       0       0        0.12
    7  N1N1Z0R1 has       0       0       0        0.83
    8  N1Z0Z0R1 has       0       0       0        0.00
    9  N1P1Z0R1 has       0       0       0        1.61
   10  Z0N1Z0R1 has       0       0       0        0.00
   12  N1N1P1R1 has       0       0       0        1.50
   13  N1Z0P1R1 has       0       0       0        0.91
   14  N1P1P1R1 has       0       0       0        2.92
 Total of53479 atoms and17627 groups and16343 residues were included

 <MAKGRP> found      0 image group exclusions.

 NONBOND OPTION FLAGS: 
     ELEC     VDW      GROUps   CDIElec  SWITch   VGROup   VSWItch 
     BYGRoup  NOEXtnd  EWALd   
 CUTNB  = 14.000 CTEXNB =999.000 CTONNB = 12.000 CTOFNB = 13.000
 CGONNB =  0.000 CGOFNB = 10.000
 WMIN   =  0.500 WRNMXD =  0.500 E14FAC =  1.000 EPS    =  1.000
 NBXMOD =      5
 PME EWALD OPTIONS: KAPPA  =  0.340  QCOR =  0.000  Bspline order = 6
 FFTX=  90  FFTY=  90  FFTZ=  90
                Using Pub FFT
                Real-to-Complex FFT
 There are        0 atom  pairs and    78977 atom  exclusions.
 There are    49530 group pairs and     4702 group exclusions.
 Generating nonbond list with Exclusion mode = 5
 == PRIMARY == SPACE FOR 15367279 ATOM PAIRS AND  3080142 GROUP PAIRS

 General group nonbond list generation found:
    49872 GROUP PAIRS WERE FOUND FOR GROUP LIST
  3089430 GROUP PAIRS WERE BEYOND CUTOFFS
152225076 GROUP PAIRS WERE NOT SELECTED
 SPACE FOR        0 ATOM PAIRS AND  1676038 GROUP PAIRS

 Image group nonbond list generation found:
        0 GROUP PAIRS WERE FOUND FOR GROUP LIST
        0 GROUP PAIRS WERE BEYOND CUTOFFS
 GUPQME>    341 unique QM molecule-MM group interactions generated.
 GUPQME>      0 QM/MM group exclusions generated.
 GUPQMV>    341 group interactions generated for  17627 groups.


 ABNER> An energy minimization has been requested.

 EIGRNG =    0.0005000   MINDIM =            5
 NPRINT =         2000   NSTEP  =         2000
 PSTRCT =    0.0000000   SDSTP  =    0.0200000
 STPLIM =    1.0000000   STRICT =    0.1000000
 TOLFUN =    0.0000000   TOLGRD =    0.2000000
 TOLITR =         2000   TOLSTP =    0.0000000
 FMEM   =    0.0000000
MINI MIN: Cycle      ENERgy      Delta-E         GRMS    Step-size
MINI INTERN:          BONDs       ANGLes       UREY-b    DIHEdrals    IMPRopers
MINI CROSS:           CMAPs        PMF1D        PMF2D        PRIMO
MINI EXTERN:        VDWaals         ELEC       HBONds          ASP         USER
MINI EWALD:          EWKSum       EWSElf       EWEXcl       EWQCor       EWUTil
MINI CONSTR:       HARMonic    CDIHedral          CIC     RESDistance       NOE
MINI QUANTUM:        QMELec        QMVDw  
 ----------       ---------    ---------    ---------    ---------    ---------
MINI>        0 -35090.14250    -13.83397      9.28816      0.00000
MINI INTERN>       31.13182     87.10511      4.62324    284.94636      6.85868
MINI CROSS>       -16.81942      0.00000      0.00000      0.00000
MINI EXTERN>     -261.88788   -815.30003      0.00000      0.00000      0.00000
MINI EWALD>       2763.5909-1098967.0736 1062381.4640       0.0000       0.0000
MINI CONSTR>        0.00000      0.00000      0.00000     13.83397      0.00000
MINI QUANTM>     -579.66850    -22.94713
 ----------       ---------    ---------    ---------    ---------    ---------

 ABNER> Minimization exiting with gradient tolerance ( 0.2000000) satisfied.

ABNR MIN: Cycle      ENERgy      Delta-E         GRMS    Step-size
ABNR INTERN:          BONDs       ANGLes       UREY-b    DIHEdrals    IMPRopers
ABNR CROSS:           CMAPs        PMF1D        PMF2D        PRIMO
ABNR EXTERN:        VDWaals         ELEC       HBONds          ASP         USER
ABNR EWALD:          EWKSum       EWSElf       EWEXcl       EWQCor       EWUTil
ABNR CONSTR:       HARMonic    CDIHedral          CIC     RESDistance       NOE
ABNR QUANTUM:        QMELec        QMVDw  
 ----------       ---------    ---------    ---------    ---------    ---------
ABNR>       19 -35100.87981     10.73731      0.19625      0.00360
ABNR INTERN>       31.14921     87.14271      4.62312    284.98783      6.87454
ABNR CROSS>       -16.79777      0.00000      0.00000      0.00000
ABNR EXTERN>     -261.77457   -815.31269      0.00000      0.00000      0.00000
ABNR EWALD>       2763.6819-1098967.0736 1062381.4440       0.0000       0.0000
ABNR CONSTR>        0.00000      0.00000      0.00000      0.13035      0.00000
ABNR QUANTM>     -577.49444    -22.46034
 ----------       ---------    ---------    ---------    ---------    ---------
  
 CHARMM>       skip resd
 SKIPE> The following energy terms will be computed :
  BOND ANGL UREY DIHE IMPR VDW  ELEC HBON USER HARM CDIH CIC  CDRO NOE  SBOU
  IMNB IMEL IMHB EWKS EWSE EXTE RXNF ST2  IMST TSM  QMEL QMVD ASP  EHAR GEO 
  MDIP PINT PRMS PANG SSBP BK4D SHEL SHAP STRB OOPL PULL POLA DMC  RGY  EWEX
  EWQC EWUT PBEL PBNP MBDE STRS BNDB BNDT EBST MBST BBT  SST  GBEN HMCM ADUM
  HYDR GSBP FQPO GRVD GREL SASL CMAP ELRC OLAP UMBR RREP RPHO RHBN RBDO RBAC
  RARO PHEN MMPT VMOD CROS FCTP FCTN PATH PMF1 PMF2 PRIM VALB ECHD ECHA ECHT
  ECHR CPUC SMBP EEMA ERMD CSRE ECS  ERDC DEFE MSPT GRHB PCHA
  
 CHARMM>       energy

 SELECTED IMAGES ATOMS BEING CENTERED ABOUT  0.000000  0.000000  0.000000

 <MKIMAT2>: updating the image atom lists and remapping
 Transformation   Atoms  Groups  Residues  Min-Distance
    1  N1N1N1R1 has       0       0       0        1.65
    2  N1Z0N1R1 has       0       0       0        0.89
    3  N1P1N1R1 has       0       0       0        2.98
    4  Z0N1N1R1 has       0       0       0        0.85
    5  Z0Z0N1R1 has       0       0       0        0.00
    6  Z0P1N1R1 has       0       0       0        0.12
    7  N1N1Z0R1 has       0       0       0        0.83
    8  N1Z0Z0R1 has       0       0       0        0.00
    9  N1P1Z0R1 has       0       0       0        1.61
   10  Z0N1Z0R1 has       0       0       0        0.00
   12  N1N1P1R1 has       0       0       0        1.50
   13  N1Z0P1R1 has       0       0       0        0.91
   14  N1P1P1R1 has       0       0       0        2.92
 Total of53479 atoms and17627 groups and16343 residues were included

 <MAKGRP> found      0 image group exclusions.

 NONBOND OPTION FLAGS: 
     ELEC     VDW      GROUps   CDIElec  SWITch   VGROup   VSWItch 
     BYGRoup  NOEXtnd  EWALd   
 CUTNB  = 14.000 CTEXNB =999.000 CTONNB = 12.000 CTOFNB = 13.000
 CGONNB =  0.000 CGOFNB = 10.000
 WMIN   =  0.500 WRNMXD =  0.500 E14FAC =  1.000 EPS    =  1.000
 NBXMOD =      5
 PME EWALD OPTIONS: KAPPA  =  0.340  QCOR =  0.000  Bspline order = 6
 FFTX=  90  FFTY=  90  FFTZ=  90
                Using Pub FFT
                Real-to-Complex FFT
 There are        0 atom  pairs and    78977 atom  exclusions.
 There are    49530 group pairs and     4702 group exclusions.
 Generating nonbond list with Exclusion mode = 5
 == PRIMARY == SPACE FOR 15367279 ATOM PAIRS AND  3080142 GROUP PAIRS

 General group nonbond list generation found:
    49870 GROUP PAIRS WERE FOUND FOR GROUP LIST
  3089432 GROUP PAIRS WERE BEYOND CUTOFFS
152225076 GROUP PAIRS WERE NOT SELECTED
 SPACE FOR        0 ATOM PAIRS AND  1676038 GROUP PAIRS

 Image group nonbond list generation found:
        0 GROUP PAIRS WERE FOUND FOR GROUP LIST
        0 GROUP PAIRS WERE BEYOND CUTOFFS
 GUPQME>    341 unique QM molecule-MM group interactions generated.
 GUPQME>      0 QM/MM group exclusions generated.
 GUPQMV>    341 group interactions generated for  17627 groups.
ENER ENR:  Eval#     ENERgy      Delta-E         GRMS
ENER INTERN:          BONDs       ANGLes       UREY-b    DIHEdrals    IMPRopers
ENER CROSS:           CMAPs        PMF1D        PMF2D        PRIMO
ENER EXTERN:        VDWaals         ELEC       HBONds          ASP         USER
ENER EWALD:          EWKSum       EWSElf       EWEXcl       EWQCor       EWUTil
ENER QUANTUM:        QMELec        QMVDw  
 ----------       ---------    ---------    ---------    ---------    ---------
ENER>        0 -35101.01015      0.13035      1.01415
ENER INTERN>       31.14921     87.14271      4.62312    284.98783      6.87454
ENER CROSS>       -16.79777      0.00000      0.00000      0.00000
ENER EXTERN>     -261.77457   -815.31269      0.00000      0.00000      0.00000
ENER EWALD>       2763.6819-1098967.0736 1062381.4440       0.0000       0.0000
ENER QUANTM>     -577.49444    -22.46034
 ----------       ---------    ---------    ---------    ---------    ---------
  
 CHARMM>       print resdistance
REDWRI:  Number of distance restraints=   1  Overall scale factor=      1.0000

 REDWRI: Evaluating restraint     1  KVAL=  2000.000 RVAL=     0.100
    Number of atom pairs=   2 Global Exponent=   2 Internal Exponent=   1 One sided mode= 0
      atom pair:  5685 HETA     223      C1       5695 HETA     223      C8         distance factor=      1.0000  Current distance=      2.146228
      atom pair:  5687 HETA     223      C3       5697 HETA     223      O4         distance factor=     -1.0000  Current distance=      2.057645
      Distance deviation=     -0.011417  Energy=       0.13035 Force=     -22.83383

 REDWRI:  Current number of restraints=   1

  
 CHARMM>       trajectory write
  
 CHARMM>       increase n by 1
 Parameter: N <- "23"
  
 CHARMM>       increase rc by 0.1
 Parameter: RC <- "0.2"
  
 CHARMM>    if rc le 2.0 goto loop
 Comparing "0.2" and "2.0".
 IF test evaluated as true.  Performing command
  
 CHARMM>       skip none
 SKIPE> The following energy terms will be computed :
  BOND ANGL UREY DIHE IMPR VDW  ELEC HBON USER HARM CDIH CIC  CDRO NOE  SBOU
  IMNB IMEL IMHB EWKS EWSE EXTE RXNF ST2  IMST TSM  QMEL QMVD ASP  EHAR GEO 
  MDIP PINT PRMS PANG SSBP BK4D SHEL RESD SHAP STRB OOPL PULL POLA DMC  RGY 
  EWEX EWQC EWUT PBEL PBNP MBDE STRS BNDB BNDT EBST MBST BBT  SST  GBEN HMCM
  ADUM HYDR GSBP FQPO GRVD GREL SASL CMAP ELRC OLAP UMBR RREP RPHO RHBN RBDO
  RBAC RARO PHEN MMPT VMOD CROS FCTP FCTN PATH PMF1 PMF2 PRIM VALB ECHD ECHA
  ECHT ECHR CPUC SMBP EEMA ERMD CSRE ECS  ERDC DEFE MSPT GRHB PCHA
  
 CHARMM>       resdistance reset
  RESDIST: Restrained distances restraints reset.
 RESDIST:  Current number of restraints=   0
  
 CHARMM>       resdistance kval 2000.0 rval @rc -
 CHARMM>       1.0 @atom1 @atom2 -1.0 @atom3 @atom4
 Parameter: RC -> "0.2"
 Parameter: ATOM1 -> "HETA 223 C1"
 Parameter: ATOM2 -> "HETA 223 C8"
 Parameter: ATOM3 -> "HETA 223 C3"
 Parameter: ATOM4 -> "HETA 223 O4"
 REDSET: Adding restraint     1  KVAL=  2000.000 RVAL=     0.200
     Number of atom pairs=   2 Global Exponent=   2 Internal Exponent=   1 One sided mode= 0
      atom pair:  5685 HETA     223      C1       5695 HETA     223      C8         distance factor=      1.0000
      atom pair:  5687 HETA     223      C3       5697 HETA     223      O4         distance factor=     -1.0000
 RESDIST:  Current number of restraints=   1
  
 CHARMM>       mini abnr nstep 2000 tolitr 2000 tolgrd 0.2 nprint 2000

 SELECTED IMAGES ATOMS BEING CENTERED ABOUT  0.000000  0.000000  0.000000

 <MKIMAT2>: updating the image atom lists and remapping
 Transformation   Atoms  Groups  Residues  Min-Distance
    1  N1N1N1R1 has       0       0       0        1.65
    2  N1Z0N1R1 has       0       0       0        0.89
    3  N1P1N1R1 has       0       0       0        2.98
    4  Z0N1N1R1 has       0       0       0        0.85
    5  Z0Z0N1R1 has       0       0       0        0.00
    6  Z0P1N1R1 has       0       0       0        0.12
    7  N1N1Z0R1 has       0       0       0        0.83
    8  N1Z0Z0R1 has       0       0       0        0.00
    9  N1P1Z0R1 has       0       0       0        1.61
   10  Z0N1Z0R1 has       0       0       0        0.00
   12  N1N1P1R1 has       0       0       0        1.50
   13  N1Z0P1R1 has       0       0       0        0.91
   14  N1P1P1R1 has       0       0       0        2.92
 Total of53479 atoms and17627 groups and16343 residues were included

 <MAKGRP> found      0 image group exclusions.

 NONBOND OPTION FLAGS: 
     ELEC     VDW      GROUps   CDIElec  SWITch   VGROup   VSWItch 
     BYGRoup  NOEXtnd  EWALd   
 CUTNB  = 14.000 CTEXNB =999.000 CTONNB = 12.000 CTOFNB = 13.000
 CGONNB =  0.000 CGOFNB = 10.000
 WMIN   =  0.500 WRNMXD =  0.500 E14FAC =  1.000 EPS    =  1.000
 NBXMOD =      5
 PME EWALD OPTIONS: KAPPA  =  0.340  QCOR =  0.000  Bspline order = 6
 FFTX=  90  FFTY=  90  FFTZ=  90
                Using Pub FFT
                Real-to-Complex FFT
 There are        0 atom  pairs and    78977 atom  exclusions.
 There are    49528 group pairs and     4702 group exclusions.
 Generating nonbond list with Exclusion mode = 5
 == PRIMARY == SPACE FOR 15367279 ATOM PAIRS AND  3080142 GROUP PAIRS

 General group nonbond list generation found:
    49870 GROUP PAIRS WERE FOUND FOR GROUP LIST
  3089432 GROUP PAIRS WERE BEYOND CUTOFFS
152225076 GROUP PAIRS WERE NOT SELECTED
 SPACE FOR        0 ATOM PAIRS AND  1676038 GROUP PAIRS

 Image group nonbond list generation found:
        0 GROUP PAIRS WERE FOUND FOR GROUP LIST
        0 GROUP PAIRS WERE BEYOND CUTOFFS
 GUPQME>    341 unique QM molecule-MM group interactions generated.
 GUPQME>      0 QM/MM group exclusions generated.
 GUPQMV>    341 group interactions generated for  17627 groups.


 ABNER> An energy minimization has been requested.

 EIGRNG =    0.0005000   MINDIM =            5
 NPRINT =         2000   NSTEP  =         2000
 PSTRCT =    0.0000000   SDSTP  =    0.0200000
 STPLIM =    1.0000000   STRICT =    0.1000000
 TOLFUN =    0.0000000   TOLGRD =    0.2000000
 TOLITR =         2000   TOLSTP =    0.0000000
 FMEM   =    0.0000000
MINI MIN: Cycle      ENERgy      Delta-E         GRMS    Step-size
MINI INTERN:          BONDs       ANGLes       UREY-b    DIHEdrals    IMPRopers
MINI CROSS:           CMAPs        PMF1D        PMF2D        PRIMO
MINI EXTERN:        VDWaals         ELEC       HBONds          ASP         USER
MINI EWALD:          EWKSum       EWSElf       EWEXcl       EWQCor       EWUTil
MINI CONSTR:       HARMonic    CDIHedral          CIC     RESDistance       NOE
MINI QUANTUM:        QMELec        QMVDw  
 ----------       ---------    ---------    ---------    ---------    ---------
MINI>        0 -35088.59642    -12.41373      9.30567      0.00000
MINI INTERN>       31.14921     87.14271      4.62312    284.98783      6.87454
MINI CROSS>       -16.79777      0.00000      0.00000      0.00000
MINI EXTERN>     -261.77457   -815.31269      0.00000      0.00000      0.00000
MINI EWALD>       2763.6819-1098967.0736 1062381.4440       0.0000       0.0000
MINI CONSTR>        0.00000      0.00000      0.00000     12.41373      0.00000
MINI QUANTM>     -577.49444    -22.46034
 ----------       ---------    ---------    ---------    ---------    ---------

 ABNER> Minimization exiting with gradient tolerance ( 0.2000000) satisfied.

ABNR MIN: Cycle      ENERgy      Delta-E         GRMS    Step-size
ABNR INTERN:          BONDs       ANGLes       UREY-b    DIHEdrals    IMPRopers
ABNR CROSS:           CMAPs        PMF1D        PMF2D        PRIMO
ABNR EXTERN:        VDWaals         ELEC       HBONds          ASP         USER
ABNR EWALD:          EWKSum       EWSElf       EWEXcl       EWQCor       EWUTil
ABNR CONSTR:       HARMonic    CDIHedral          CIC     RESDistance       NOE
ABNR QUANTUM:        QMELec        QMVDw  
 ----------       ---------    ---------    ---------    ---------    ---------
ABNR>       20 -35099.46995     10.87353      0.15434      0.00324
ABNR INTERN>       31.14910     87.19168      4.62495    285.02610      6.89554
ABNR CROSS>       -16.77307      0.00000      0.00000      0.00000
ABNR EXTERN>     -261.73674   -815.26765      0.00000      0.00000      0.00000
ABNR EWALD>       2763.7397-1098967.0736 1062381.4315       0.0000       0.0000
ABNR CONSTR>        0.00000      0.00000      0.00000      0.00433      0.00000
ABNR QUANTM>     -576.40528    -22.27648
 ----------       ---------    ---------    ---------    ---------    ---------
  
 CHARMM>       skip resd
 SKIPE> The following energy terms will be computed :
  BOND ANGL UREY DIHE IMPR VDW  ELEC HBON USER HARM CDIH CIC  CDRO NOE  SBOU
  IMNB IMEL IMHB EWKS EWSE EXTE RXNF ST2  IMST TSM  QMEL QMVD ASP  EHAR GEO 
  MDIP PINT PRMS PANG SSBP BK4D SHEL SHAP STRB OOPL PULL POLA DMC  RGY  EWEX
  EWQC EWUT PBEL PBNP MBDE STRS BNDB BNDT EBST MBST BBT  SST  GBEN HMCM ADUM
  HYDR GSBP FQPO GRVD GREL SASL CMAP ELRC OLAP UMBR RREP RPHO RHBN RBDO RBAC
  RARO PHEN MMPT VMOD CROS FCTP FCTN PATH PMF1 PMF2 PRIM VALB ECHD ECHA ECHT
  ECHR CPUC SMBP EEMA ERMD CSRE ECS  ERDC DEFE MSPT GRHB PCHA
  
 CHARMM>       energy

 SELECTED IMAGES ATOMS BEING CENTERED ABOUT  0.000000  0.000000  0.000000

 <MKIMAT2>: updating the image atom lists and remapping
 Transformation   Atoms  Groups  Residues  Min-Distance
    1  N1N1N1R1 has       0       0       0        1.65
    2  N1Z0N1R1 has       0       0       0        0.89
    3  N1P1N1R1 has       0       0       0        2.98
    4  Z0N1N1R1 has       0       0       0        0.85
    5  Z0Z0N1R1 has       0       0       0        0.00
    6  Z0P1N1R1 has       0       0       0        0.12
    7  N1N1Z0R1 has       0       0       0        0.83
    8  N1Z0Z0R1 has       0       0       0        0.00
    9  N1P1Z0R1 has       0       0       0        1.61
   10  Z0N1Z0R1 has       0       0       0        0.00
   12  N1N1P1R1 has       0       0       0        1.50
   13  N1Z0P1R1 has       0       0       0        0.91
   14  N1P1P1R1 has       0       0       0        2.92
 Total of53479 atoms and17627 groups and16343 residues were included

 <MAKGRP> found      0 image group exclusions.

 NONBOND OPTION FLAGS: 
     ELEC     VDW      GROUps   CDIElec  SWITch   VGROup   VSWItch 
     BYGRoup  NOEXtnd  EWALd   
 CUTNB  = 14.000 CTEXNB =999.000 CTONNB = 12.000 CTOFNB = 13.000
 CGONNB =  0.000 CGOFNB = 10.000
 WMIN   =  0.500 WRNMXD =  0.500 E14FAC =  1.000 EPS    =  1.000
 NBXMOD =      5
 PME EWALD OPTIONS: KAPPA  =  0.340  QCOR =  0.000  Bspline order = 6
 FFTX=  90  FFTY=  90  FFTZ=  90
                Using Pub FFT
                Real-to-Complex FFT
 There are        0 atom  pairs and    78977 atom  exclusions.
 There are    49528 group pairs and     4702 group exclusions.
 Generating nonbond list with Exclusion mode = 5
 == PRIMARY == SPACE FOR 15367279 ATOM PAIRS AND  3080142 GROUP PAIRS

 General group nonbond list generation found:
    49869 GROUP PAIRS WERE FOUND FOR GROUP LIST
  3089433 GROUP PAIRS WERE BEYOND CUTOFFS
152225076 GROUP PAIRS WERE NOT SELECTED
 SPACE FOR        0 ATOM PAIRS AND  1676038 GROUP PAIRS

 Image group nonbond list generation found:
        0 GROUP PAIRS WERE FOUND FOR GROUP LIST
        0 GROUP PAIRS WERE BEYOND CUTOFFS
 GUPQME>    341 unique QM molecule-MM group interactions generated.
 GUPQME>      0 QM/MM group exclusions generated.
 GUPQMV>    341 group interactions generated for  17627 groups.
ENER ENR:  Eval#     ENERgy      Delta-E         GRMS
ENER INTERN:          BONDs       ANGLes       UREY-b    DIHEdrals    IMPRopers
ENER CROSS:           CMAPs        PMF1D        PMF2D        PRIMO
ENER EXTERN:        VDWaals         ELEC       HBONds          ASP         USER
ENER EWALD:          EWKSum       EWSElf       EWEXcl       EWQCor       EWUTil
ENER QUANTUM:        QMELec        QMVDw  
 ----------       ---------    ---------    ---------    ---------    ---------
ENER>        0 -35099.47428      0.00433      0.31554
ENER INTERN>       31.14910     87.19168      4.62495    285.02610      6.89554
ENER CROSS>       -16.77307      0.00000      0.00000      0.00000
ENER EXTERN>     -261.73674   -815.26765      0.00000      0.00000      0.00000
ENER EWALD>       2763.7397-1098967.0736 1062381.4315       0.0000       0.0000
ENER QUANTM>     -576.40528    -22.27648
 ----------       ---------    ---------    ---------    ---------    ---------
  
 CHARMM>       print resdistance
REDWRI:  Number of distance restraints=   1  Overall scale factor=      1.0000

 REDWRI: Evaluating restraint     1  KVAL=  2000.000 RVAL=     0.200
    Number of atom pairs=   2 Global Exponent=   2 Internal Exponent=   1 One sided mode= 0
      atom pair:  5685 HETA     223      C1       5695 HETA     223      C8         distance factor=      1.0000  Current distance=      2.182402
      atom pair:  5687 HETA     223      C3       5697 HETA     223      O4         distance factor=     -1.0000  Current distance=      1.984483
      Distance deviation=     -0.002082  Energy=       0.00433 Force=      -4.16363

 REDWRI:  Current number of restraints=   1

  
 CHARMM>       trajectory write
  
 CHARMM>       increase n by 1
 Parameter: N <- "24"
  
 CHARMM>       increase rc by 0.1
 Parameter: RC <- "0.3"
  
 CHARMM>    if rc le 2.0 goto loop
 Comparing "0.3" and "2.0".
 IF test evaluated as true.  Performing command
  
 CHARMM>       skip none
 SKIPE> The following energy terms will be computed :
  BOND ANGL UREY DIHE IMPR VDW  ELEC HBON USER HARM CDIH CIC  CDRO NOE  SBOU
  IMNB IMEL IMHB EWKS EWSE EXTE RXNF ST2  IMST TSM  QMEL QMVD ASP  EHAR GEO 
  MDIP PINT PRMS PANG SSBP BK4D SHEL RESD SHAP STRB OOPL PULL POLA DMC  RGY 
  EWEX EWQC EWUT PBEL PBNP MBDE STRS BNDB BNDT EBST MBST BBT  SST  GBEN HMCM
  ADUM HYDR GSBP FQPO GRVD GREL SASL CMAP ELRC OLAP UMBR RREP RPHO RHBN RBDO
  RBAC RARO PHEN MMPT VMOD CROS FCTP FCTN PATH PMF1 PMF2 PRIM VALB ECHD ECHA
  ECHT ECHR CPUC SMBP EEMA ERMD CSRE ECS  ERDC DEFE MSPT GRHB PCHA
  
 CHARMM>       resdistance reset
  RESDIST: Restrained distances restraints reset.
 RESDIST:  Current number of restraints=   0
  
 CHARMM>       resdistance kval 2000.0 rval @rc -
 CHARMM>       1.0 @atom1 @atom2 -1.0 @atom3 @atom4
 Parameter: RC -> "0.3"
 Parameter: ATOM1 -> "HETA 223 C1"
 Parameter: ATOM2 -> "HETA 223 C8"
 Parameter: ATOM3 -> "HETA 223 C3"
 Parameter: ATOM4 -> "HETA 223 O4"
 REDSET: Adding restraint     1  KVAL=  2000.000 RVAL=     0.300
     Number of atom pairs=   2 Global Exponent=   2 Internal Exponent=   1 One sided mode= 0
      atom pair:  5685 HETA     223      C1       5695 HETA     223      C8         distance factor=      1.0000
      atom pair:  5687 HETA     223      C3       5697 HETA     223      O4         distance factor=     -1.0000
 RESDIST:  Current number of restraints=   1
  
 CHARMM>       mini abnr nstep 2000 tolitr 2000 tolgrd 0.2 nprint 2000

 SELECTED IMAGES ATOMS BEING CENTERED ABOUT  0.000000  0.000000  0.000000

 <MKIMAT2>: updating the image atom lists and remapping
 Transformation   Atoms  Groups  Residues  Min-Distance
    1  N1N1N1R1 has       0       0       0        1.65
    2  N1Z0N1R1 has       0       0       0        0.89
    3  N1P1N1R1 has       0       0       0        2.98
    4  Z0N1N1R1 has       0       0       0        0.85
    5  Z0Z0N1R1 has       0       0       0        0.00
    6  Z0P1N1R1 has       0       0       0        0.12
    7  N1N1Z0R1 has       0       0       0        0.83
    8  N1Z0Z0R1 has       0       0       0        0.00
    9  N1P1Z0R1 has       0       0       0        1.61
   10  Z0N1Z0R1 has       0       0       0        0.00
   12  N1N1P1R1 has       0       0       0        1.50
   13  N1Z0P1R1 has       0       0       0        0.91
   14  N1P1P1R1 has       0       0       0        2.92
 Total of53479 atoms and17627 groups and16343 residues were included

 <MAKGRP> found      0 image group exclusions.

 NONBOND OPTION FLAGS: 
     ELEC     VDW      GROUps   CDIElec  SWITch   VGROup   VSWItch 
     BYGRoup  NOEXtnd  EWALd   
 CUTNB  = 14.000 CTEXNB =999.000 CTONNB = 12.000 CTOFNB = 13.000
 CGONNB =  0.000 CGOFNB = 10.000
 WMIN   =  0.500 WRNMXD =  0.500 E14FAC =  1.000 EPS    =  1.000
 NBXMOD =      5
 PME EWALD OPTIONS: KAPPA  =  0.340  QCOR =  0.000  Bspline order = 6
 FFTX=  90  FFTY=  90  FFTZ=  90
                Using Pub FFT
                Real-to-Complex FFT
 There are        0 atom  pairs and    78977 atom  exclusions.
 There are    49527 group pairs and     4702 group exclusions.
 Generating nonbond list with Exclusion mode = 5
 == PRIMARY == SPACE FOR 15367279 ATOM PAIRS AND  3080142 GROUP PAIRS

 General group nonbond list generation found:
    49869 GROUP PAIRS WERE FOUND FOR GROUP LIST
  3089433 GROUP PAIRS WERE BEYOND CUTOFFS
152225076 GROUP PAIRS WERE NOT SELECTED
 SPACE FOR        0 ATOM PAIRS AND  1676038 GROUP PAIRS

 Image group nonbond list generation found:
        0 GROUP PAIRS WERE FOUND FOR GROUP LIST
        0 GROUP PAIRS WERE BEYOND CUTOFFS
 GUPQME>    341 unique QM molecule-MM group interactions generated.
 GUPQME>      0 QM/MM group exclusions generated.
 GUPQMV>    341 group interactions generated for  17627 groups.


 ABNER> An energy minimization has been requested.

 EIGRNG =    0.0005000   MINDIM =            5
 NPRINT =         2000   NSTEP  =         2000
 PSTRCT =    0.0000000   SDSTP  =    0.0200000
 STPLIM =    1.0000000   STRICT =    0.1000000
 TOLFUN =    0.0000000   TOLGRD =    0.2000000
 TOLITR =         2000   TOLSTP =    0.0000000
 FMEM   =    0.0000000
MINI MIN: Cycle      ENERgy      Delta-E         GRMS    Step-size
MINI INTERN:          BONDs       ANGLes       UREY-b    DIHEdrals    IMPRopers
MINI CROSS:           CMAPs        PMF1D        PMF2D        PRIMO
MINI EXTERN:        VDWaals         ELEC       HBONds          ASP         USER
MINI EWALD:          EWKSum       EWSElf       EWEXcl       EWQCor       EWUTil
MINI CONSTR:       HARMonic    CDIHedral          CIC     RESDistance       NOE
MINI QUANTUM:        QMELec        QMVDw  
 ----------       ---------    ---------    ---------    ---------    ---------
MINI>        0 -35089.05359    -10.42070      9.14520      0.00000
MINI INTERN>       31.14910     87.19168      4.62495    285.02610      6.89554
MINI CROSS>       -16.77307      0.00000      0.00000      0.00000
MINI EXTERN>     -261.73674   -815.26765      0.00000      0.00000      0.00000
MINI EWALD>       2763.7397-1098967.0736 1062381.4315       0.0000       0.0000
MINI CONSTR>        0.00000      0.00000      0.00000     10.42070      0.00000
MINI QUANTM>     -576.40528    -22.27648
 ----------       ---------    ---------    ---------    ---------    ---------

 ABNER> Minimization exiting with gradient tolerance ( 0.2000000) satisfied.

ABNR MIN: Cycle      ENERgy      Delta-E         GRMS    Step-size
ABNR INTERN:          BONDs       ANGLes       UREY-b    DIHEdrals    IMPRopers
ABNR CROSS:           CMAPs        PMF1D        PMF2D        PRIMO
ABNR EXTERN:        VDWaals         ELEC       HBONds          ASP         USER
ABNR EWALD:          EWKSum       EWSElf       EWEXcl       EWQCor       EWUTil
ABNR CONSTR:       HARMonic    CDIHedral          CIC     RESDistance       NOE
ABNR QUANTUM:        QMELec        QMVDw  
 ----------       ---------    ---------    ---------    ---------    ---------
ABNR>       17 -35099.85519     10.80160      0.19503      0.00395
ABNR INTERN>       31.16909     87.22901      4.62678    285.05255      6.91454
ABNR CROSS>       -16.75500      0.00000      0.00000      0.00000
ABNR EXTERN>     -261.74777   -815.21346      0.00000      0.00000      0.00000
ABNR EWALD>       2763.7284-1098967.0736 1062381.4200       0.0000       0.0000
ABNR CONSTR>        0.00000      0.00000      0.00000      0.08587      0.00000
ABNR QUANTM>     -577.07407    -22.21747
 ----------       ---------    ---------    ---------    ---------    ---------
  
 CHARMM>       skip resd
 SKIPE> The following energy terms will be computed :
  BOND ANGL UREY DIHE IMPR VDW  ELEC HBON USER HARM CDIH CIC  CDRO NOE  SBOU
  IMNB IMEL IMHB EWKS EWSE EXTE RXNF ST2  IMST TSM  QMEL QMVD ASP  EHAR GEO 
  MDIP PINT PRMS PANG SSBP BK4D SHEL SHAP STRB OOPL PULL POLA DMC  RGY  EWEX
  EWQC EWUT PBEL PBNP MBDE STRS BNDB BNDT EBST MBST BBT  SST  GBEN HMCM ADUM
  HYDR GSBP FQPO GRVD GREL SASL CMAP ELRC OLAP UMBR RREP RPHO RHBN RBDO RBAC
  RARO PHEN MMPT VMOD CROS FCTP FCTN PATH PMF1 PMF2 PRIM VALB ECHD ECHA ECHT
  ECHR CPUC SMBP EEMA ERMD CSRE ECS  ERDC DEFE MSPT GRHB PCHA
  
 CHARMM>       energy

 SELECTED IMAGES ATOMS BEING CENTERED ABOUT  0.000000  0.000000  0.000000

 <MKIMAT2>: updating the image atom lists and remapping
 Transformation   Atoms  Groups  Residues  Min-Distance
    1  N1N1N1R1 has       0       0       0        1.65
    2  N1Z0N1R1 has       0       0       0        0.89
    3  N1P1N1R1 has       0       0       0        2.98
    4  Z0N1N1R1 has       0       0       0        0.85
    5  Z0Z0N1R1 has       0       0       0        0.00
    6  Z0P1N1R1 has       0       0       0        0.12
    7  N1N1Z0R1 has       0       0       0        0.83
    8  N1Z0Z0R1 has       0       0       0        0.00
    9  N1P1Z0R1 has       0       0       0        1.61
   10  Z0N1Z0R1 has       0       0       0        0.00
   12  N1N1P1R1 has       0       0       0        1.50
   13  N1Z0P1R1 has       0       0       0        0.91
   14  N1P1P1R1 has       0       0       0        2.92
 Total of53479 atoms and17627 groups and16343 residues were included

 <MAKGRP> found      0 image group exclusions.

 NONBOND OPTION FLAGS: 
     ELEC     VDW      GROUps   CDIElec  SWITch   VGROup   VSWItch 
     BYGRoup  NOEXtnd  EWALd   
 CUTNB  = 14.000 CTEXNB =999.000 CTONNB = 12.000 CTOFNB = 13.000
 CGONNB =  0.000 CGOFNB = 10.000
 WMIN   =  0.500 WRNMXD =  0.500 E14FAC =  1.000 EPS    =  1.000
 NBXMOD =      5
 PME EWALD OPTIONS: KAPPA  =  0.340  QCOR =  0.000  Bspline order = 6
 FFTX=  90  FFTY=  90  FFTZ=  90
                Using Pub FFT
                Real-to-Complex FFT
 There are        0 atom  pairs and    78977 atom  exclusions.
 There are    49527 group pairs and     4702 group exclusions.
 Generating nonbond list with Exclusion mode = 5
 == PRIMARY == SPACE FOR 15367279 ATOM PAIRS AND  3080142 GROUP PAIRS

 General group nonbond list generation found:
    49872 GROUP PAIRS WERE FOUND FOR GROUP LIST
  3089430 GROUP PAIRS WERE BEYOND CUTOFFS
152225076 GROUP PAIRS WERE NOT SELECTED
 SPACE FOR        0 ATOM PAIRS AND  1676038 GROUP PAIRS

 Image group nonbond list generation found:
        0 GROUP PAIRS WERE FOUND FOR GROUP LIST
        0 GROUP PAIRS WERE BEYOND CUTOFFS
 GUPQME>    341 unique QM molecule-MM group interactions generated.
 GUPQME>      0 QM/MM group exclusions generated.
 GUPQMV>    341 group interactions generated for  17627 groups.
ENER ENR:  Eval#     ENERgy      Delta-E         GRMS
ENER INTERN:          BONDs       ANGLes       UREY-b    DIHEdrals    IMPRopers
ENER CROSS:           CMAPs        PMF1D        PMF2D        PRIMO
ENER EXTERN:        VDWaals         ELEC       HBONds          ASP         USER
ENER EWALD:          EWKSum       EWSElf       EWEXcl       EWQCor       EWUTil
ENER QUANTUM:        QMELec        QMVDw  
 ----------       ---------    ---------    ---------    ---------    ---------
ENER>        0 -35099.94106      0.08587      0.84724
ENER INTERN>       31.16909     87.22901      4.62678    285.05255      6.91454
ENER CROSS>       -16.75500      0.00000      0.00000      0.00000
ENER EXTERN>     -261.74777   -815.21346      0.00000      0.00000      0.00000
ENER EWALD>       2763.7284-1098967.0736 1062381.4200       0.0000       0.0000
ENER QUANTM>     -577.07407    -22.21747
 ----------       ---------    ---------    ---------    ---------    ---------
  
 CHARMM>       print resdistance
REDWRI:  Number of distance restraints=   1  Overall scale factor=      1.0000

 REDWRI: Evaluating restraint     1  KVAL=  2000.000 RVAL=     0.300
    Number of atom pairs=   2 Global Exponent=   2 Internal Exponent=   1 One sided mode= 0
      atom pair:  5685 HETA     223      C1       5695 HETA     223      C8         distance factor=      1.0000  Current distance=      2.150371
      atom pair:  5687 HETA     223      C3       5697 HETA     223      O4         distance factor=     -1.0000  Current distance=      1.841105
      Distance deviation=      0.009266  Energy=       0.08587 Force=      18.53296

 REDWRI:  Current number of restraints=   1

  
 CHARMM>       trajectory write
  
 CHARMM>       increase n by 1
 Parameter: N <- "25"
  
 CHARMM>       increase rc by 0.1
 Parameter: RC <- "0.4"
  
 CHARMM>    if rc le 2.0 goto loop
 Comparing "0.4" and "2.0".
 IF test evaluated as true.  Performing command
  
 CHARMM>       skip none
 SKIPE> The following energy terms will be computed :
  BOND ANGL UREY DIHE IMPR VDW  ELEC HBON USER HARM CDIH CIC  CDRO NOE  SBOU
  IMNB IMEL IMHB EWKS EWSE EXTE RXNF ST2  IMST TSM  QMEL QMVD ASP  EHAR GEO 
  MDIP PINT PRMS PANG SSBP BK4D SHEL RESD SHAP STRB OOPL PULL POLA DMC  RGY 
  EWEX EWQC EWUT PBEL PBNP MBDE STRS BNDB BNDT EBST MBST BBT  SST  GBEN HMCM
  ADUM HYDR GSBP FQPO GRVD GREL SASL CMAP ELRC OLAP UMBR RREP RPHO RHBN RBDO
  RBAC RARO PHEN MMPT VMOD CROS FCTP FCTN PATH PMF1 PMF2 PRIM VALB ECHD ECHA
  ECHT ECHR CPUC SMBP EEMA ERMD CSRE ECS  ERDC DEFE MSPT GRHB PCHA
  
 CHARMM>       resdistance reset
  RESDIST: Restrained distances restraints reset.
 RESDIST:  Current number of restraints=   0
  
 CHARMM>       resdistance kval 2000.0 rval @rc -
 CHARMM>       1.0 @atom1 @atom2 -1.0 @atom3 @atom4
 Parameter: RC -> "0.4"
 Parameter: ATOM1 -> "HETA 223 C1"
 Parameter: ATOM2 -> "HETA 223 C8"
 Parameter: ATOM3 -> "HETA 223 C3"
 Parameter: ATOM4 -> "HETA 223 O4"
 REDSET: Adding restraint     1  KVAL=  2000.000 RVAL=     0.400
     Number of atom pairs=   2 Global Exponent=   2 Internal Exponent=   1 One sided mode= 0
      atom pair:  5685 HETA     223      C1       5695 HETA     223      C8         distance factor=      1.0000
      atom pair:  5687 HETA     223      C3       5697 HETA     223      O4         distance factor=     -1.0000
 RESDIST:  Current number of restraints=   1
  
 CHARMM>       mini abnr nstep 2000 tolitr 2000 tolgrd 0.2 nprint 2000

 SELECTED IMAGES ATOMS BEING CENTERED ABOUT  0.000000  0.000000  0.000000

 <MKIMAT2>: updating the image atom lists and remapping
 Transformation   Atoms  Groups  Residues  Min-Distance
    1  N1N1N1R1 has       0       0       0        1.65
    2  N1Z0N1R1 has       0       0       0        0.89
    3  N1P1N1R1 has       0       0       0        2.98
    4  Z0N1N1R1 has       0       0       0        0.85
    5  Z0Z0N1R1 has       0       0       0        0.00
    6  Z0P1N1R1 has       0       0       0        0.12
    7  N1N1Z0R1 has       0       0       0        0.83
    8  N1Z0Z0R1 has       0       0       0        0.00
    9  N1P1Z0R1 has       0       0       0        1.61
   10  Z0N1Z0R1 has       0       0       0        0.00
   12  N1N1P1R1 has       0       0       0        1.50
   13  N1Z0P1R1 has       0       0       0        0.91
   14  N1P1P1R1 has       0       0       0        2.92
 Total of53479 atoms and17627 groups and16343 residues were included

 <MAKGRP> found      0 image group exclusions.

 NONBOND OPTION FLAGS: 
     ELEC     VDW      GROUps   CDIElec  SWITch   VGROup   VSWItch 
     BYGRoup  NOEXtnd  EWALd   
 CUTNB  = 14.000 CTEXNB =999.000 CTONNB = 12.000 CTOFNB = 13.000
 CGONNB =  0.000 CGOFNB = 10.000
 WMIN   =  0.500 WRNMXD =  0.500 E14FAC =  1.000 EPS    =  1.000
 NBXMOD =      5
 PME EWALD OPTIONS: KAPPA  =  0.340  QCOR =  0.000  Bspline order = 6
 FFTX=  90  FFTY=  90  FFTZ=  90
                Using Pub FFT
                Real-to-Complex FFT
 There are        0 atom  pairs and    78977 atom  exclusions.
 There are    49530 group pairs and     4702 group exclusions.
 Generating nonbond list with Exclusion mode = 5
 == PRIMARY == SPACE FOR 15367279 ATOM PAIRS AND  3080142 GROUP PAIRS

 General group nonbond list generation found:
    49872 GROUP PAIRS WERE FOUND FOR GROUP LIST
  3089430 GROUP PAIRS WERE BEYOND CUTOFFS
152225076 GROUP PAIRS WERE NOT SELECTED
 SPACE FOR        0 ATOM PAIRS AND  1676038 GROUP PAIRS

 Image group nonbond list generation found:
        0 GROUP PAIRS WERE FOUND FOR GROUP LIST
        0 GROUP PAIRS WERE BEYOND CUTOFFS
 GUPQME>    341 unique QM molecule-MM group interactions generated.
 GUPQME>      0 QM/MM group exclusions generated.
 GUPQMV>    341 group interactions generated for  17627 groups.


 ABNER> An energy minimization has been requested.

 EIGRNG =    0.0005000   MINDIM =            5
 NPRINT =         2000   NSTEP  =         2000
 PSTRCT =    0.0000000   SDSTP  =    0.0200000
 STPLIM =    1.0000000   STRICT =    0.1000000
 TOLFUN =    0.0000000   TOLGRD =    0.2000000
 TOLITR =         2000   TOLSTP =    0.0000000
 FMEM   =    0.0000000
MINI MIN: Cycle      ENERgy      Delta-E         GRMS    Step-size
MINI INTERN:          BONDs       ANGLes       UREY-b    DIHEdrals    IMPRopers
MINI CROSS:           CMAPs        PMF1D        PMF2D        PRIMO
MINI EXTERN:        VDWaals         ELEC       HBONds          ASP         USER
MINI EWALD:          EWKSum       EWSElf       EWEXcl       EWQCor       EWUTil
MINI CONSTR:       HARMonic    CDIHedral          CIC     RESDistance       NOE
MINI QUANTUM:        QMELec        QMVDw  
 ----------       ---------    ---------    ---------    ---------    ---------
MINI>        0 -35091.70848     -8.23257      9.21542      0.00000
MINI INTERN>       31.16909     87.22901      4.62678    285.05255      6.91454
MINI CROSS>       -16.75500      0.00000      0.00000      0.00000
MINI EXTERN>     -261.74777   -815.21346      0.00000      0.00000      0.00000
MINI EWALD>       2763.7284-1098967.0736 1062381.4200       0.0000       0.0000
MINI CONSTR>        0.00000      0.00000      0.00000      8.23257      0.00000
MINI QUANTM>     -577.07407    -22.21747
 ----------       ---------    ---------    ---------    ---------    ---------

 ABNER> Minimization exiting with gradient tolerance ( 0.2000000) satisfied.

ABNR MIN: Cycle      ENERgy      Delta-E         GRMS    Step-size
ABNR INTERN:          BONDs       ANGLes       UREY-b    DIHEdrals    IMPRopers
ABNR CROSS:           CMAPs        PMF1D        PMF2D        PRIMO
ABNR EXTERN:        VDWaals         ELEC       HBONds          ASP         USER
ABNR EWALD:          EWKSum       EWSElf       EWEXcl       EWQCor       EWUTil
ABNR CONSTR:       HARMonic    CDIHedral          CIC     RESDistance       NOE
ABNR QUANTUM:        QMELec        QMVDw  
 ----------       ---------    ---------    ---------    ---------    ---------
ABNR>       15 -35102.71865     11.01016      0.18576      0.00488
ABNR INTERN>       31.17145     87.21424      4.62662    285.00852      6.92978
ABNR CROSS>       -16.74597      0.00000      0.00000      0.00000
ABNR EXTERN>     -261.74679   -815.19977      0.00000      0.00000      0.00000
ABNR EWALD>       2763.6609-1098967.0736 1062381.4277       0.0000       0.0000
ABNR CONSTR>        0.00000      0.00000      0.00000      0.35984      0.00000
ABNR QUANTM>     -579.93796    -22.41362
 ----------       ---------    ---------    ---------    ---------    ---------
  
 CHARMM>       skip resd
 SKIPE> The following energy terms will be computed :
  BOND ANGL UREY DIHE IMPR VDW  ELEC HBON USER HARM CDIH CIC  CDRO NOE  SBOU
  IMNB IMEL IMHB EWKS EWSE EXTE RXNF ST2  IMST TSM  QMEL QMVD ASP  EHAR GEO 
  MDIP PINT PRMS PANG SSBP BK4D SHEL SHAP STRB OOPL PULL POLA DMC  RGY  EWEX
  EWQC EWUT PBEL PBNP MBDE STRS BNDB BNDT EBST MBST BBT  SST  GBEN HMCM ADUM
  HYDR GSBP FQPO GRVD GREL SASL CMAP ELRC OLAP UMBR RREP RPHO RHBN RBDO RBAC
  RARO PHEN MMPT VMOD CROS FCTP FCTN PATH PMF1 PMF2 PRIM VALB ECHD ECHA ECHT
  ECHR CPUC SMBP EEMA ERMD CSRE ECS  ERDC DEFE MSPT GRHB PCHA
  
 CHARMM>       energy

 SELECTED IMAGES ATOMS BEING CENTERED ABOUT  0.000000  0.000000  0.000000

 <MKIMAT2>: updating the image atom lists and remapping
 Transformation   Atoms  Groups  Residues  Min-Distance
    1  N1N1N1R1 has       0       0       0        1.65
    2  N1Z0N1R1 has       0       0       0        0.89
    3  N1P1N1R1 has       0       0       0        2.98
    4  Z0N1N1R1 has       0       0       0        0.85
    5  Z0Z0N1R1 has       0       0       0        0.00
    6  Z0P1N1R1 has       0       0       0        0.12
    7  N1N1Z0R1 has       0       0       0        0.83
    8  N1Z0Z0R1 has       0       0       0        0.00
    9  N1P1Z0R1 has       0       0       0        1.61
   10  Z0N1Z0R1 has       0       0       0        0.00
   12  N1N1P1R1 has       0       0       0        1.50
   13  N1Z0P1R1 has       0       0       0        0.91
   14  N1P1P1R1 has       0       0       0        2.92
 Total of53479 atoms and17627 groups and16343 residues were included

 <MAKGRP> found      0 image group exclusions.

 NONBOND OPTION FLAGS: 
     ELEC     VDW      GROUps   CDIElec  SWITch   VGROup   VSWItch 
     BYGRoup  NOEXtnd  EWALd   
 CUTNB  = 14.000 CTEXNB =999.000 CTONNB = 12.000 CTOFNB = 13.000
 CGONNB =  0.000 CGOFNB = 10.000
 WMIN   =  0.500 WRNMXD =  0.500 E14FAC =  1.000 EPS    =  1.000
 NBXMOD =      5
 PME EWALD OPTIONS: KAPPA  =  0.340  QCOR =  0.000  Bspline order = 6
 FFTX=  90  FFTY=  90  FFTZ=  90
                Using Pub FFT
                Real-to-Complex FFT
 There are        0 atom  pairs and    78977 atom  exclusions.
 There are    49530 group pairs and     4702 group exclusions.
 Generating nonbond list with Exclusion mode = 5
 == PRIMARY == SPACE FOR 15367279 ATOM PAIRS AND  3080142 GROUP PAIRS

 General group nonbond list generation found:
    49870 GROUP PAIRS WERE FOUND FOR GROUP LIST
  3089432 GROUP PAIRS WERE BEYOND CUTOFFS
152225076 GROUP PAIRS WERE NOT SELECTED
 SPACE FOR        0 ATOM PAIRS AND  1676038 GROUP PAIRS

 Image group nonbond list generation found:
        0 GROUP PAIRS WERE FOUND FOR GROUP LIST
        0 GROUP PAIRS WERE BEYOND CUTOFFS
 GUPQME>    341 unique QM molecule-MM group interactions generated.
 GUPQME>      0 QM/MM group exclusions generated.
 GUPQMV>    341 group interactions generated for  17627 groups.
ENER ENR:  Eval#     ENERgy      Delta-E         GRMS
ENER INTERN:          BONDs       ANGLes       UREY-b    DIHEdrals    IMPRopers
ENER CROSS:           CMAPs        PMF1D        PMF2D        PRIMO
ENER EXTERN:        VDWaals         ELEC       HBONds          ASP         USER
ENER EWALD:          EWKSum       EWSElf       EWEXcl       EWQCor       EWUTil
ENER QUANTUM:        QMELec        QMVDw  
 ----------       ---------    ---------    ---------    ---------    ---------
ENER>        0 -35103.07848      0.35984      1.75477
ENER INTERN>       31.17145     87.21424      4.62662    285.00852      6.92978
ENER CROSS>       -16.74597      0.00000      0.00000      0.00000
ENER EXTERN>     -261.74679   -815.19977      0.00000      0.00000      0.00000
ENER EWALD>       2763.6609-1098967.0736 1062381.4277       0.0000       0.0000
ENER QUANTM>     -579.93796    -22.41362
 ----------       ---------    ---------    ---------    ---------    ---------
  
 CHARMM>       print resdistance
REDWRI:  Number of distance restraints=   1  Overall scale factor=      1.0000

 REDWRI: Evaluating restraint     1  KVAL=  2000.000 RVAL=     0.400
    Number of atom pairs=   2 Global Exponent=   2 Internal Exponent=   1 One sided mode= 0
      atom pair:  5685 HETA     223      C1       5695 HETA     223      C8         distance factor=      1.0000  Current distance=      2.113970
      atom pair:  5687 HETA     223      C3       5697 HETA     223      O4         distance factor=     -1.0000  Current distance=      1.695001
      Distance deviation=      0.018969  Energy=       0.35984 Force=      37.93870

 REDWRI:  Current number of restraints=   1

  
 CHARMM>       trajectory write
  
 CHARMM>       increase n by 1
 Parameter: N <- "26"
  
 CHARMM>       increase rc by 0.1
 Parameter: RC <- "0.5"
  
 CHARMM>    if rc le 2.0 goto loop
 Comparing "0.5" and "2.0".
 IF test evaluated as true.  Performing command
  
 CHARMM>       skip none
 SKIPE> The following energy terms will be computed :
  BOND ANGL UREY DIHE IMPR VDW  ELEC HBON USER HARM CDIH CIC  CDRO NOE  SBOU
  IMNB IMEL IMHB EWKS EWSE EXTE RXNF ST2  IMST TSM  QMEL QMVD ASP  EHAR GEO 
  MDIP PINT PRMS PANG SSBP BK4D SHEL RESD SHAP STRB OOPL PULL POLA DMC  RGY 
  EWEX EWQC EWUT PBEL PBNP MBDE STRS BNDB BNDT EBST MBST BBT  SST  GBEN HMCM
  ADUM HYDR GSBP FQPO GRVD GREL SASL CMAP ELRC OLAP UMBR RREP RPHO RHBN RBDO
  RBAC RARO PHEN MMPT VMOD CROS FCTP FCTN PATH PMF1 PMF2 PRIM VALB ECHD ECHA
  ECHT ECHR CPUC SMBP EEMA ERMD CSRE ECS  ERDC DEFE MSPT GRHB PCHA
  
 CHARMM>       resdistance reset
  RESDIST: Restrained distances restraints reset.
 RESDIST:  Current number of restraints=   0
  
 CHARMM>       resdistance kval 2000.0 rval @rc -
 CHARMM>       1.0 @atom1 @atom2 -1.0 @atom3 @atom4
 Parameter: RC -> "0.5"
 Parameter: ATOM1 -> "HETA 223 C1"
 Parameter: ATOM2 -> "HETA 223 C8"
 Parameter: ATOM3 -> "HETA 223 C3"
 Parameter: ATOM4 -> "HETA 223 O4"
 REDSET: Adding restraint     1  KVAL=  2000.000 RVAL=     0.500
     Number of atom pairs=   2 Global Exponent=   2 Internal Exponent=   1 One sided mode= 0
      atom pair:  5685 HETA     223      C1       5695 HETA     223      C8         distance factor=      1.0000
      atom pair:  5687 HETA     223      C3       5697 HETA     223      O4         distance factor=     -1.0000
 RESDIST:  Current number of restraints=   1
  
 CHARMM>       mini abnr nstep 2000 tolitr 2000 tolgrd 0.2 nprint 2000

 SELECTED IMAGES ATOMS BEING CENTERED ABOUT  0.000000  0.000000  0.000000

 <MKIMAT2>: updating the image atom lists and remapping
 Transformation   Atoms  Groups  Residues  Min-Distance
    1  N1N1N1R1 has       0       0       0        1.65
    2  N1Z0N1R1 has       0       0       0        0.89
    3  N1P1N1R1 has       0       0       0        2.98
    4  Z0N1N1R1 has       0       0       0        0.85
    5  Z0Z0N1R1 has       0       0       0        0.00
    6  Z0P1N1R1 has       0       0       0        0.12
    7  N1N1Z0R1 has       0       0       0        0.83
    8  N1Z0Z0R1 has       0       0       0        0.00
    9  N1P1Z0R1 has       0       0       0        1.61
   10  Z0N1Z0R1 has       0       0       0        0.00
   12  N1N1P1R1 has       0       0       0        1.50
   13  N1Z0P1R1 has       0       0       0        0.91
   14  N1P1P1R1 has       0       0       0        2.92
 Total of53479 atoms and17627 groups and16343 residues were included

 <MAKGRP> found      0 image group exclusions.

 NONBOND OPTION FLAGS: 
     ELEC     VDW      GROUps   CDIElec  SWITch   VGROup   VSWItch 
     BYGRoup  NOEXtnd  EWALd   
 CUTNB  = 14.000 CTEXNB =999.000 CTONNB = 12.000 CTOFNB = 13.000
 CGONNB =  0.000 CGOFNB = 10.000
 WMIN   =  0.500 WRNMXD =  0.500 E14FAC =  1.000 EPS    =  1.000
 NBXMOD =      5
 PME EWALD OPTIONS: KAPPA  =  0.340  QCOR =  0.000  Bspline order = 6
 FFTX=  90  FFTY=  90  FFTZ=  90
                Using Pub FFT
                Real-to-Complex FFT
 There are        0 atom  pairs and    78977 atom  exclusions.
 There are    49528 group pairs and     4702 group exclusions.
 Generating nonbond list with Exclusion mode = 5
 == PRIMARY == SPACE FOR 15367279 ATOM PAIRS AND  3080142 GROUP PAIRS

 General group nonbond list generation found:
    49870 GROUP PAIRS WERE FOUND FOR GROUP LIST
  3089432 GROUP PAIRS WERE BEYOND CUTOFFS
152225076 GROUP PAIRS WERE NOT SELECTED
 SPACE FOR        0 ATOM PAIRS AND  1676038 GROUP PAIRS

 Image group nonbond list generation found:
        0 GROUP PAIRS WERE FOUND FOR GROUP LIST
        0 GROUP PAIRS WERE BEYOND CUTOFFS
 GUPQME>    341 unique QM molecule-MM group interactions generated.
 GUPQME>      0 QM/MM group exclusions generated.
 GUPQMV>    341 group interactions generated for  17627 groups.


 ABNER> An energy minimization has been requested.

 EIGRNG =    0.0005000   MINDIM =            5
 NPRINT =         2000   NSTEP  =         2000
 PSTRCT =    0.0000000   SDSTP  =    0.0200000
 STPLIM =    1.0000000   STRICT =    0.1000000
 TOLFUN =    0.0000000   TOLGRD =    0.2000000
 TOLITR =         2000   TOLSTP =    0.0000000
 FMEM   =    0.0000000
MINI MIN: Cycle      ENERgy      Delta-E         GRMS    Step-size
MINI INTERN:          BONDs       ANGLes       UREY-b    DIHEdrals    IMPRopers
MINI CROSS:           CMAPs        PMF1D        PMF2D        PRIMO
MINI EXTERN:        VDWaals         ELEC       HBONds          ASP         USER
MINI EWALD:          EWKSum       EWSElf       EWEXcl       EWQCor       EWUTil
MINI CONSTR:       HARMonic    CDIHedral          CIC     RESDistance       NOE
MINI QUANTUM:        QMELec        QMVDw  
 ----------       ---------    ---------    ---------    ---------    ---------
MINI>        0 -35096.51252     -6.56597      9.23808      0.00000
MINI INTERN>       31.17145     87.21424      4.62662    285.00852      6.92978
MINI CROSS>       -16.74597      0.00000      0.00000      0.00000
MINI EXTERN>     -261.74679   -815.19977      0.00000      0.00000      0.00000
MINI EWALD>       2763.6609-1098967.0736 1062381.4277       0.0000       0.0000
MINI CONSTR>        0.00000      0.00000      0.00000      6.56597      0.00000
MINI QUANTM>     -579.93796    -22.41362
 ----------       ---------    ---------    ---------    ---------    ---------

 ABNER> Minimization exiting with gradient tolerance ( 0.2000000) satisfied.

ABNR MIN: Cycle      ENERgy      Delta-E         GRMS    Step-size
ABNR INTERN:          BONDs       ANGLes       UREY-b    DIHEdrals    IMPRopers
ABNR CROSS:           CMAPs        PMF1D        PMF2D        PRIMO
ABNR EXTERN:        VDWaals         ELEC       HBONds          ASP         USER
ABNR EWALD:          EWKSum       EWSElf       EWEXcl       EWQCor       EWUTil
ABNR CONSTR:       HARMonic    CDIHedral          CIC     RESDistance       NOE
ABNR QUANTUM:        QMELec        QMVDw  
 ----------       ---------    ---------    ---------    ---------    ---------
ABNR>       18 -35106.99734     10.48482      0.16419      0.00356
ABNR INTERN>       31.18852     87.18241      4.62049    285.01576      6.94877
ABNR CROSS>       -16.73443      0.00000      0.00000      0.00000
ABNR EXTERN>     -261.66303   -815.21984      0.00000      0.00000      0.00000
ABNR EWALD>       2763.5878-1098967.0736 1062381.4216       0.0000       0.0000
ABNR CONSTR>        0.00000      0.00000      0.00000      0.52706      0.00000
ABNR QUANTM>     -584.31313    -22.48565
 ----------       ---------    ---------    ---------    ---------    ---------
  
 CHARMM>       skip resd
 SKIPE> The following energy terms will be computed :
  BOND ANGL UREY DIHE IMPR VDW  ELEC HBON USER HARM CDIH CIC  CDRO NOE  SBOU
  IMNB IMEL IMHB EWKS EWSE EXTE RXNF ST2  IMST TSM  QMEL QMVD ASP  EHAR GEO 
  MDIP PINT PRMS PANG SSBP BK4D SHEL SHAP STRB OOPL PULL POLA DMC  RGY  EWEX
  EWQC EWUT PBEL PBNP MBDE STRS BNDB BNDT EBST MBST BBT  SST  GBEN HMCM ADUM
  HYDR GSBP FQPO GRVD GREL SASL CMAP ELRC OLAP UMBR RREP RPHO RHBN RBDO RBAC
  RARO PHEN MMPT VMOD CROS FCTP FCTN PATH PMF1 PMF2 PRIM VALB ECHD ECHA ECHT
  ECHR CPUC SMBP EEMA ERMD CSRE ECS  ERDC DEFE MSPT GRHB PCHA
  
 CHARMM>       energy

 SELECTED IMAGES ATOMS BEING CENTERED ABOUT  0.000000  0.000000  0.000000

 <MKIMAT2>: updating the image atom lists and remapping
 Transformation   Atoms  Groups  Residues  Min-Distance
    1  N1N1N1R1 has       0       0       0        1.65
    2  N1Z0N1R1 has       0       0       0        0.89
    3  N1P1N1R1 has       0       0       0        2.98
    4  Z0N1N1R1 has       0       0       0        0.85
    5  Z0Z0N1R1 has       0       0       0        0.00
    6  Z0P1N1R1 has       0       0       0        0.12
    7  N1N1Z0R1 has       0       0       0        0.83
    8  N1Z0Z0R1 has       0       0       0        0.00
    9  N1P1Z0R1 has       0       0       0        1.61
   10  Z0N1Z0R1 has       0       0       0        0.00
   12  N1N1P1R1 has       0       0       0        1.50
   13  N1Z0P1R1 has       0       0       0        0.91
   14  N1P1P1R1 has       0       0       0        2.92
 Total of53479 atoms and17627 groups and16343 residues were included

 <MAKGRP> found      0 image group exclusions.

 NONBOND OPTION FLAGS: 
     ELEC     VDW      GROUps   CDIElec  SWITch   VGROup   VSWItch 
     BYGRoup  NOEXtnd  EWALd   
 CUTNB  = 14.000 CTEXNB =999.000 CTONNB = 12.000 CTOFNB = 13.000
 CGONNB =  0.000 CGOFNB = 10.000
 WMIN   =  0.500 WRNMXD =  0.500 E14FAC =  1.000 EPS    =  1.000
 NBXMOD =      5
 PME EWALD OPTIONS: KAPPA  =  0.340  QCOR =  0.000  Bspline order = 6
 FFTX=  90  FFTY=  90  FFTZ=  90
                Using Pub FFT
                Real-to-Complex FFT
 There are        0 atom  pairs and    78977 atom  exclusions.
 There are    49528 group pairs and     4702 group exclusions.
 Generating nonbond list with Exclusion mode = 5
 == PRIMARY == SPACE FOR 15367279 ATOM PAIRS AND  3080142 GROUP PAIRS

 General group nonbond list generation found:
    49872 GROUP PAIRS WERE FOUND FOR GROUP LIST
  3089430 GROUP PAIRS WERE BEYOND CUTOFFS
152225076 GROUP PAIRS WERE NOT SELECTED
 SPACE FOR        0 ATOM PAIRS AND  1676038 GROUP PAIRS

 Image group nonbond list generation found:
        0 GROUP PAIRS WERE FOUND FOR GROUP LIST
        0 GROUP PAIRS WERE BEYOND CUTOFFS
 GUPQME>    341 unique QM molecule-MM group interactions generated.
 GUPQME>      0 QM/MM group exclusions generated.
 GUPQMV>    341 group interactions generated for  17627 groups.
ENER ENR:  Eval#     ENERgy      Delta-E         GRMS
ENER INTERN:          BONDs       ANGLes       UREY-b    DIHEdrals    IMPRopers
ENER CROSS:           CMAPs        PMF1D        PMF2D        PRIMO
ENER EXTERN:        VDWaals         ELEC       HBONds          ASP         USER
ENER EWALD:          EWKSum       EWSElf       EWEXcl       EWQCor       EWUTil
ENER QUANTUM:        QMELec        QMVDw  
 ----------       ---------    ---------    ---------    ---------    ---------
ENER>        0 -35107.52439      0.52706      2.02910
ENER INTERN>       31.18852     87.18241      4.62049    285.01576      6.94877
ENER CROSS>       -16.73443      0.00000      0.00000      0.00000
ENER EXTERN>     -261.66303   -815.21984      0.00000      0.00000      0.00000
ENER EWALD>       2763.5878-1098967.0736 1062381.4216       0.0000       0.0000
ENER QUANTM>     -584.31313    -22.48565
 ----------       ---------    ---------    ---------    ---------    ---------
  
 CHARMM>       print resdistance
REDWRI:  Number of distance restraints=   1  Overall scale factor=      1.0000

 REDWRI: Evaluating restraint     1  KVAL=  2000.000 RVAL=     0.500
    Number of atom pairs=   2 Global Exponent=   2 Internal Exponent=   1 One sided mode= 0
      atom pair:  5685 HETA     223      C1       5695 HETA     223      C8         distance factor=      1.0000  Current distance=      2.160828
      atom pair:  5687 HETA     223      C3       5697 HETA     223      O4         distance factor=     -1.0000  Current distance=      1.637870
      Distance deviation=      0.022958  Energy=       0.52706 Force=      45.91541

 REDWRI:  Current number of restraints=   1

  
 CHARMM>       trajectory write
  
 CHARMM>       increase n by 1
 Parameter: N <- "27"
  
 CHARMM>       increase rc by 0.1
 Parameter: RC <- "0.6"
  
 CHARMM>    if rc le 2.0 goto loop
 Comparing "0.6" and "2.0".
 IF test evaluated as true.  Performing command
  
 CHARMM>       skip none
 SKIPE> The following energy terms will be computed :
  BOND ANGL UREY DIHE IMPR VDW  ELEC HBON USER HARM CDIH CIC  CDRO NOE  SBOU
  IMNB IMEL IMHB EWKS EWSE EXTE RXNF ST2  IMST TSM  QMEL QMVD ASP  EHAR GEO 
  MDIP PINT PRMS PANG SSBP BK4D SHEL RESD SHAP STRB OOPL PULL POLA DMC  RGY 
  EWEX EWQC EWUT PBEL PBNP MBDE STRS BNDB BNDT EBST MBST BBT  SST  GBEN HMCM
  ADUM HYDR GSBP FQPO GRVD GREL SASL CMAP ELRC OLAP UMBR RREP RPHO RHBN RBDO
  RBAC RARO PHEN MMPT VMOD CROS FCTP FCTN PATH PMF1 PMF2 PRIM VALB ECHD ECHA
  ECHT ECHR CPUC SMBP EEMA ERMD CSRE ECS  ERDC DEFE MSPT GRHB PCHA
  
 CHARMM>       resdistance reset
  RESDIST: Restrained distances restraints reset.
 RESDIST:  Current number of restraints=   0
  
 CHARMM>       resdistance kval 2000.0 rval @rc -
 CHARMM>       1.0 @atom1 @atom2 -1.0 @atom3 @atom4
 Parameter: RC -> "0.6"
 Parameter: ATOM1 -> "HETA 223 C1"
 Parameter: ATOM2 -> "HETA 223 C8"
 Parameter: ATOM3 -> "HETA 223 C3"
 Parameter: ATOM4 -> "HETA 223 O4"
 REDSET: Adding restraint     1  KVAL=  2000.000 RVAL=     0.600
     Number of atom pairs=   2 Global Exponent=   2 Internal Exponent=   1 One sided mode= 0
      atom pair:  5685 HETA     223      C1       5695 HETA     223      C8         distance factor=      1.0000
      atom pair:  5687 HETA     223      C3       5697 HETA     223      O4         distance factor=     -1.0000
 RESDIST:  Current number of restraints=   1
  
 CHARMM>       mini abnr nstep 2000 tolitr 2000 tolgrd 0.2 nprint 2000

 SELECTED IMAGES ATOMS BEING CENTERED ABOUT  0.000000  0.000000  0.000000

 <MKIMAT2>: updating the image atom lists and remapping
 Transformation   Atoms  Groups  Residues  Min-Distance
    1  N1N1N1R1 has       0       0       0        1.65
    2  N1Z0N1R1 has       0       0       0        0.89
    3  N1P1N1R1 has       0       0       0        2.98
    4  Z0N1N1R1 has       0       0       0        0.85
    5  Z0Z0N1R1 has       0       0       0        0.00
    6  Z0P1N1R1 has       0       0       0        0.12
    7  N1N1Z0R1 has       0       0       0        0.83
    8  N1Z0Z0R1 has       0       0       0        0.00
    9  N1P1Z0R1 has       0       0       0        1.61
   10  Z0N1Z0R1 has       0       0       0        0.00
   12  N1N1P1R1 has       0       0       0        1.50
   13  N1Z0P1R1 has       0       0       0        0.91
   14  N1P1P1R1 has       0       0       0        2.92
 Total of53479 atoms and17627 groups and16343 residues were included

 <MAKGRP> found      0 image group exclusions.

 NONBOND OPTION FLAGS: 
     ELEC     VDW      GROUps   CDIElec  SWITch   VGROup   VSWItch 
     BYGRoup  NOEXtnd  EWALd   
 CUTNB  = 14.000 CTEXNB =999.000 CTONNB = 12.000 CTOFNB = 13.000
 CGONNB =  0.000 CGOFNB = 10.000
 WMIN   =  0.500 WRNMXD =  0.500 E14FAC =  1.000 EPS    =  1.000
 NBXMOD =      5
 PME EWALD OPTIONS: KAPPA  =  0.340  QCOR =  0.000  Bspline order = 6
 FFTX=  90  FFTY=  90  FFTZ=  90
                Using Pub FFT
                Real-to-Complex FFT
 There are        0 atom  pairs and    78977 atom  exclusions.
 There are    49530 group pairs and     4702 group exclusions.
 Generating nonbond list with Exclusion mode = 5
 == PRIMARY == SPACE FOR 15367279 ATOM PAIRS AND  3080142 GROUP PAIRS

 General group nonbond list generation found:
    49872 GROUP PAIRS WERE FOUND FOR GROUP LIST
  3089430 GROUP PAIRS WERE BEYOND CUTOFFS
152225076 GROUP PAIRS WERE NOT SELECTED
 SPACE FOR        0 ATOM PAIRS AND  1676038 GROUP PAIRS

 Image group nonbond list generation found:
        0 GROUP PAIRS WERE FOUND FOR GROUP LIST
        0 GROUP PAIRS WERE BEYOND CUTOFFS
 GUPQME>    341 unique QM molecule-MM group interactions generated.
 GUPQME>      0 QM/MM group exclusions generated.
 GUPQMV>    341 group interactions generated for  17627 groups.


 ABNER> An energy minimization has been requested.

 EIGRNG =    0.0005000   MINDIM =            5
 NPRINT =         2000   NSTEP  =         2000
 PSTRCT =    0.0000000   SDSTP  =    0.0200000
 STPLIM =    1.0000000   STRICT =    0.1000000
 TOLFUN =    0.0000000   TOLGRD =    0.2000000
 TOLITR =         2000   TOLSTP =    0.0000000
 FMEM   =    0.0000000
MINI MIN: Cycle      ENERgy      Delta-E         GRMS    Step-size
MINI INTERN:          BONDs       ANGLes       UREY-b    DIHEdrals    IMPRopers
MINI CROSS:           CMAPs        PMF1D        PMF2D        PRIMO
MINI EXTERN:        VDWaals         ELEC       HBONds          ASP         USER
MINI EWALD:          EWKSum       EWSElf       EWEXcl       EWQCor       EWUTil
MINI CONSTR:       HARMonic    CDIHedral          CIC     RESDistance       NOE
MINI QUANTUM:        QMELec        QMVDw  
 ----------       ---------    ---------    ---------    ---------    ---------
MINI>        0 -35101.58888     -5.93552      9.14831      0.00000
MINI INTERN>       31.18852     87.18241      4.62049    285.01576      6.94877
MINI CROSS>       -16.73443      0.00000      0.00000      0.00000
MINI EXTERN>     -261.66303   -815.21984      0.00000      0.00000      0.00000
MINI EWALD>       2763.5878-1098967.0736 1062381.4216       0.0000       0.0000
MINI CONSTR>        0.00000      0.00000      0.00000      5.93552      0.00000
MINI QUANTM>     -584.31313    -22.48565
 ----------       ---------    ---------    ---------    ---------    ---------

 ABNER> Minimization exiting with gradient tolerance ( 0.2000000) satisfied.

ABNR MIN: Cycle      ENERgy      Delta-E         GRMS    Step-size
ABNR INTERN:          BONDs       ANGLes       UREY-b    DIHEdrals    IMPRopers
ABNR CROSS:           CMAPs        PMF1D        PMF2D        PRIMO
ABNR EXTERN:        VDWaals         ELEC       HBONds          ASP         USER
ABNR EWALD:          EWKSum       EWSElf       EWEXcl       EWQCor       EWUTil
ABNR CONSTR:       HARMonic    CDIHedral          CIC     RESDistance       NOE
ABNR QUANTUM:        QMELec        QMVDw  
 ----------       ---------    ---------    ---------    ---------    ---------
ABNR>       18 -35111.55342      9.96454      0.10187      0.00527
ABNR INTERN>       31.13160     87.03541      4.60376    284.88609      6.94452
ABNR CROSS>       -16.72420      0.00000      0.00000      0.00000
ABNR EXTERN>     -261.55520   -815.20815      0.00000      0.00000      0.00000
ABNR EWALD>       2763.5185-1098967.0736 1062381.4601       0.0000       0.0000
ABNR CONSTR>        0.00000      0.00000      0.00000      0.47172      0.00000
ABNR QUANTM>     -588.23793    -22.80602
 ----------       ---------    ---------    ---------    ---------    ---------
  
 CHARMM>       skip resd
 SKIPE> The following energy terms will be computed :
  BOND ANGL UREY DIHE IMPR VDW  ELEC HBON USER HARM CDIH CIC  CDRO NOE  SBOU
  IMNB IMEL IMHB EWKS EWSE EXTE RXNF ST2  IMST TSM  QMEL QMVD ASP  EHAR GEO 
  MDIP PINT PRMS PANG SSBP BK4D SHEL SHAP STRB OOPL PULL POLA DMC  RGY  EWEX
  EWQC EWUT PBEL PBNP MBDE STRS BNDB BNDT EBST MBST BBT  SST  GBEN HMCM ADUM
  HYDR GSBP FQPO GRVD GREL SASL CMAP ELRC OLAP UMBR RREP RPHO RHBN RBDO RBAC
  RARO PHEN MMPT VMOD CROS FCTP FCTN PATH PMF1 PMF2 PRIM VALB ECHD ECHA ECHT
  ECHR CPUC SMBP EEMA ERMD CSRE ECS  ERDC DEFE MSPT GRHB PCHA
  
 CHARMM>       energy

 SELECTED IMAGES ATOMS BEING CENTERED ABOUT  0.000000  0.000000  0.000000

 <MKIMAT2>: updating the image atom lists and remapping
 Transformation   Atoms  Groups  Residues  Min-Distance
    1  N1N1N1R1 has       0       0       0        1.65
    2  N1Z0N1R1 has       0       0       0        0.89
    3  N1P1N1R1 has       0       0       0        2.98
    4  Z0N1N1R1 has       0       0       0        0.85
    5  Z0Z0N1R1 has       0       0       0        0.00
    6  Z0P1N1R1 has       0       0       0        0.12
    7  N1N1Z0R1 has       0       0       0        0.83
    8  N1Z0Z0R1 has       0       0       0        0.00
    9  N1P1Z0R1 has       0       0       0        1.61
   10  Z0N1Z0R1 has       0       0       0        0.00
   12  N1N1P1R1 has       0       0       0        1.50
   13  N1Z0P1R1 has       0       0       0        0.91
   14  N1P1P1R1 has       0       0       0        2.92
 Total of53479 atoms and17627 groups and16343 residues were included

 <MAKGRP> found      0 image group exclusions.

 NONBOND OPTION FLAGS: 
     ELEC     VDW      GROUps   CDIElec  SWITch   VGROup   VSWItch 
     BYGRoup  NOEXtnd  EWALd   
 CUTNB  = 14.000 CTEXNB =999.000 CTONNB = 12.000 CTOFNB = 13.000
 CGONNB =  0.000 CGOFNB = 10.000
 WMIN   =  0.500 WRNMXD =  0.500 E14FAC =  1.000 EPS    =  1.000
 NBXMOD =      5
 PME EWALD OPTIONS: KAPPA  =  0.340  QCOR =  0.000  Bspline order = 6
 FFTX=  90  FFTY=  90  FFTZ=  90
                Using Pub FFT
                Real-to-Complex FFT
 There are        0 atom  pairs and    78977 atom  exclusions.
 There are    49530 group pairs and     4702 group exclusions.
 Generating nonbond list with Exclusion mode = 5
 == PRIMARY == SPACE FOR 15367279 ATOM PAIRS AND  3080142 GROUP PAIRS

 General group nonbond list generation found:
    49874 GROUP PAIRS WERE FOUND FOR GROUP LIST
  3089428 GROUP PAIRS WERE BEYOND CUTOFFS
152225076 GROUP PAIRS WERE NOT SELECTED
 SPACE FOR        0 ATOM PAIRS AND  1676038 GROUP PAIRS

 Image group nonbond list generation found:
        0 GROUP PAIRS WERE FOUND FOR GROUP LIST
        0 GROUP PAIRS WERE BEYOND CUTOFFS
 GUPQME>    341 unique QM molecule-MM group interactions generated.
 GUPQME>      0 QM/MM group exclusions generated.
 GUPQMV>    341 group interactions generated for  17627 groups.
ENER ENR:  Eval#     ENERgy      Delta-E         GRMS
ENER INTERN:          BONDs       ANGLes       UREY-b    DIHEdrals    IMPRopers
ENER CROSS:           CMAPs        PMF1D        PMF2D        PRIMO
ENER EXTERN:        VDWaals         ELEC       HBONds          ASP         USER
ENER EWALD:          EWKSum       EWSElf       EWEXcl       EWQCor       EWUTil
ENER QUANTUM:        QMELec        QMVDw  
 ----------       ---------    ---------    ---------    ---------    ---------
ENER>        0 -35112.02513      0.47172      2.03006
ENER INTERN>       31.13160     87.03541      4.60376    284.88609      6.94452
ENER CROSS>       -16.72420      0.00000      0.00000      0.00000
ENER EXTERN>     -261.55520   -815.20815      0.00000      0.00000      0.00000
ENER EWALD>       2763.5185-1098967.0736 1062381.4601       0.0000       0.0000
ENER QUANTM>     -588.23793    -22.80602
 ----------       ---------    ---------    ---------    ---------    ---------
  
 CHARMM>       print resdistance
REDWRI:  Number of distance restraints=   1  Overall scale factor=      1.0000

 REDWRI: Evaluating restraint     1  KVAL=  2000.000 RVAL=     0.600
    Number of atom pairs=   2 Global Exponent=   2 Internal Exponent=   1 One sided mode= 0
      atom pair:  5685 HETA     223      C1       5695 HETA     223      C8         distance factor=      1.0000  Current distance=      2.220190
      atom pair:  5687 HETA     223      C3       5697 HETA     223      O4         distance factor=     -1.0000  Current distance=      1.598471
      Distance deviation=      0.021719  Energy=       0.47172 Force=      43.43804

 REDWRI:  Current number of restraints=   1

  
 CHARMM>       trajectory write
  
 CHARMM>       increase n by 1
 Parameter: N <- "28"
  
 CHARMM>       increase rc by 0.1
 Parameter: RC <- "0.7"
  
 CHARMM>    if rc le 2.0 goto loop
 Comparing "0.7" and "2.0".
 IF test evaluated as true.  Performing command
  
 CHARMM>       skip none
 SKIPE> The following energy terms will be computed :
  BOND ANGL UREY DIHE IMPR VDW  ELEC HBON USER HARM CDIH CIC  CDRO NOE  SBOU
  IMNB IMEL IMHB EWKS EWSE EXTE RXNF ST2  IMST TSM  QMEL QMVD ASP  EHAR GEO 
  MDIP PINT PRMS PANG SSBP BK4D SHEL RESD SHAP STRB OOPL PULL POLA DMC  RGY 
  EWEX EWQC EWUT PBEL PBNP MBDE STRS BNDB BNDT EBST MBST BBT  SST  GBEN HMCM
  ADUM HYDR GSBP FQPO GRVD GREL SASL CMAP ELRC OLAP UMBR RREP RPHO RHBN RBDO
  RBAC RARO PHEN MMPT VMOD CROS FCTP FCTN PATH PMF1 PMF2 PRIM VALB ECHD ECHA
  ECHT ECHR CPUC SMBP EEMA ERMD CSRE ECS  ERDC DEFE MSPT GRHB PCHA
  
 CHARMM>       resdistance reset
  RESDIST: Restrained distances restraints reset.
 RESDIST:  Current number of restraints=   0
  
 CHARMM>       resdistance kval 2000.0 rval @rc -
 CHARMM>       1.0 @atom1 @atom2 -1.0 @atom3 @atom4
 Parameter: RC -> "0.7"
 Parameter: ATOM1 -> "HETA 223 C1"
 Parameter: ATOM2 -> "HETA 223 C8"
 Parameter: ATOM3 -> "HETA 223 C3"
 Parameter: ATOM4 -> "HETA 223 O4"
 REDSET: Adding restraint     1  KVAL=  2000.000 RVAL=     0.700
     Number of atom pairs=   2 Global Exponent=   2 Internal Exponent=   1 One sided mode= 0
      atom pair:  5685 HETA     223      C1       5695 HETA     223      C8         distance factor=      1.0000
      atom pair:  5687 HETA     223      C3       5697 HETA     223      O4         distance factor=     -1.0000
 RESDIST:  Current number of restraints=   1
  
 CHARMM>       mini abnr nstep 2000 tolitr 2000 tolgrd 0.2 nprint 2000

 SELECTED IMAGES ATOMS BEING CENTERED ABOUT  0.000000  0.000000  0.000000

 <MKIMAT2>: updating the image atom lists and remapping
 Transformation   Atoms  Groups  Residues  Min-Distance
    1  N1N1N1R1 has       0       0       0        1.65
    2  N1Z0N1R1 has       0       0       0        0.89
    3  N1P1N1R1 has       0       0       0        2.98
    4  Z0N1N1R1 has       0       0       0        0.85
    5  Z0Z0N1R1 has       0       0       0        0.00
    6  Z0P1N1R1 has       0       0       0        0.12
    7  N1N1Z0R1 has       0       0       0        0.83
    8  N1Z0Z0R1 has       0       0       0        0.00
    9  N1P1Z0R1 has       0       0       0        1.61
   10  Z0N1Z0R1 has       0       0       0        0.00
   12  N1N1P1R1 has       0       0       0        1.50
   13  N1Z0P1R1 has       0       0       0        0.91
   14  N1P1P1R1 has       0       0       0        2.92
 Total of53479 atoms and17627 groups and16343 residues were included

 <MAKGRP> found      0 image group exclusions.

 NONBOND OPTION FLAGS: 
     ELEC     VDW      GROUps   CDIElec  SWITch   VGROup   VSWItch 
     BYGRoup  NOEXtnd  EWALd   
 CUTNB  = 14.000 CTEXNB =999.000 CTONNB = 12.000 CTOFNB = 13.000
 CGONNB =  0.000 CGOFNB = 10.000
 WMIN   =  0.500 WRNMXD =  0.500 E14FAC =  1.000 EPS    =  1.000
 NBXMOD =      5
 PME EWALD OPTIONS: KAPPA  =  0.340  QCOR =  0.000  Bspline order = 6
 FFTX=  90  FFTY=  90  FFTZ=  90
                Using Pub FFT
                Real-to-Complex FFT
 There are        0 atom  pairs and    78977 atom  exclusions.
 There are    49532 group pairs and     4702 group exclusions.
 Generating nonbond list with Exclusion mode = 5
 == PRIMARY == SPACE FOR 15367279 ATOM PAIRS AND  3080142 GROUP PAIRS

 General group nonbond list generation found:
    49874 GROUP PAIRS WERE FOUND FOR GROUP LIST
  3089428 GROUP PAIRS WERE BEYOND CUTOFFS
152225076 GROUP PAIRS WERE NOT SELECTED
 SPACE FOR        0 ATOM PAIRS AND  1676038 GROUP PAIRS

 Image group nonbond list generation found:
        0 GROUP PAIRS WERE FOUND FOR GROUP LIST
        0 GROUP PAIRS WERE BEYOND CUTOFFS
 GUPQME>    341 unique QM molecule-MM group interactions generated.
 GUPQME>      0 QM/MM group exclusions generated.
 GUPQMV>    341 group interactions generated for  17627 groups.


 ABNER> An energy minimization has been requested.

 EIGRNG =    0.0005000   MINDIM =            5
 NPRINT =         2000   NSTEP  =         2000
 PSTRCT =    0.0000000   SDSTP  =    0.0200000
 STPLIM =    1.0000000   STRICT =    0.1000000
 TOLFUN =    0.0000000   TOLGRD =    0.2000000
 TOLITR =         2000   TOLSTP =    0.0000000
 FMEM   =    0.0000000
MINI MIN: Cycle      ENERgy      Delta-E         GRMS    Step-size
MINI INTERN:          BONDs       ANGLes       UREY-b    DIHEdrals    IMPRopers
MINI CROSS:           CMAPs        PMF1D        PMF2D        PRIMO
MINI EXTERN:        VDWaals         ELEC       HBONds          ASP         USER
MINI EWALD:          EWKSum       EWSElf       EWEXcl       EWQCor       EWUTil
MINI CONSTR:       HARMonic    CDIHedral          CIC     RESDistance       NOE
MINI QUANTUM:        QMELec        QMVDw  
 ----------       ---------    ---------    ---------    ---------    ---------
MINI>        0 -35105.89722     -6.12791      9.26522      0.00000
MINI INTERN>       31.13160     87.03541      4.60376    284.88609      6.94452
MINI CROSS>       -16.72420      0.00000      0.00000      0.00000
MINI EXTERN>     -261.55520   -815.20815      0.00000      0.00000      0.00000
MINI EWALD>       2763.5185-1098967.0736 1062381.4601       0.0000       0.0000
MINI CONSTR>        0.00000      0.00000      0.00000      6.12791      0.00000
MINI QUANTM>     -588.23793    -22.80602
 ----------       ---------    ---------    ---------    ---------    ---------

 ABNER> Minimization exiting with gradient tolerance ( 0.2000000) satisfied.

ABNR MIN: Cycle      ENERgy      Delta-E         GRMS    Step-size
ABNR INTERN:          BONDs       ANGLes       UREY-b    DIHEdrals    IMPRopers
ABNR CROSS:           CMAPs        PMF1D        PMF2D        PRIMO
ABNR EXTERN:        VDWaals         ELEC       HBONds          ASP         USER
ABNR EWALD:          EWKSum       EWSElf       EWEXcl       EWQCor       EWUTil
ABNR CONSTR:       HARMonic    CDIHedral          CIC     RESDistance       NOE
ABNR QUANTUM:        QMELec        QMVDw  
 ----------       ---------    ---------    ---------    ---------    ---------
ABNR>       19 -35115.84547      9.94825      0.13751      0.00427
ABNR INTERN>       31.15326     87.07063      4.60331    284.95288      6.97655
ABNR CROSS>       -16.71476      0.00000      0.00000      0.00000
ABNR EXTERN>     -261.45851   -815.29538      0.00000      0.00000      0.00000
ABNR EWALD>       2763.5982-1098967.0736 1062381.4360       0.0000       0.0000
ABNR CONSTR>        0.00000      0.00000      0.00000      0.36554      0.00000
ABNR QUANTM>     -592.88898    -22.57061
 ----------       ---------    ---------    ---------    ---------    ---------
  
 CHARMM>       skip resd
 SKIPE> The following energy terms will be computed :
  BOND ANGL UREY DIHE IMPR VDW  ELEC HBON USER HARM CDIH CIC  CDRO NOE  SBOU
  IMNB IMEL IMHB EWKS EWSE EXTE RXNF ST2  IMST TSM  QMEL QMVD ASP  EHAR GEO 
  MDIP PINT PRMS PANG SSBP BK4D SHEL SHAP STRB OOPL PULL POLA DMC  RGY  EWEX
  EWQC EWUT PBEL PBNP MBDE STRS BNDB BNDT EBST MBST BBT  SST  GBEN HMCM ADUM
  HYDR GSBP FQPO GRVD GREL SASL CMAP ELRC OLAP UMBR RREP RPHO RHBN RBDO RBAC
  RARO PHEN MMPT VMOD CROS FCTP FCTN PATH PMF1 PMF2 PRIM VALB ECHD ECHA ECHT
  ECHR CPUC SMBP EEMA ERMD CSRE ECS  ERDC DEFE MSPT GRHB PCHA
  
 CHARMM>       energy

 SELECTED IMAGES ATOMS BEING CENTERED ABOUT  0.000000  0.000000  0.000000

 <MKIMAT2>: updating the image atom lists and remapping
 Transformation   Atoms  Groups  Residues  Min-Distance
    1  N1N1N1R1 has       0       0       0        1.65
    2  N1Z0N1R1 has       0       0       0        0.89
    3  N1P1N1R1 has       0       0       0        2.98
    4  Z0N1N1R1 has       0       0       0        0.85
    5  Z0Z0N1R1 has       0       0       0        0.00
    6  Z0P1N1R1 has       0       0       0        0.12
    7  N1N1Z0R1 has       0       0       0        0.83
    8  N1Z0Z0R1 has       0       0       0        0.00
    9  N1P1Z0R1 has       0       0       0        1.61
   10  Z0N1Z0R1 has       0       0       0        0.00
   12  N1N1P1R1 has       0       0       0        1.50
   13  N1Z0P1R1 has       0       0       0        0.91
   14  N1P1P1R1 has       0       0       0        2.92
 Total of53479 atoms and17627 groups and16343 residues were included

 <MAKGRP> found      0 image group exclusions.

 NONBOND OPTION FLAGS: 
     ELEC     VDW      GROUps   CDIElec  SWITch   VGROup   VSWItch 
     BYGRoup  NOEXtnd  EWALd   
 CUTNB  = 14.000 CTEXNB =999.000 CTONNB = 12.000 CTOFNB = 13.000
 CGONNB =  0.000 CGOFNB = 10.000
 WMIN   =  0.500 WRNMXD =  0.500 E14FAC =  1.000 EPS    =  1.000
 NBXMOD =      5
 PME EWALD OPTIONS: KAPPA  =  0.340  QCOR =  0.000  Bspline order = 6
 FFTX=  90  FFTY=  90  FFTZ=  90
                Using Pub FFT
                Real-to-Complex FFT
 There are        0 atom  pairs and    78977 atom  exclusions.
 There are    49532 group pairs and     4702 group exclusions.
 Generating nonbond list with Exclusion mode = 5
 == PRIMARY == SPACE FOR 15367279 ATOM PAIRS AND  3080142 GROUP PAIRS

 General group nonbond list generation found:
    49871 GROUP PAIRS WERE FOUND FOR GROUP LIST
  3089431 GROUP PAIRS WERE BEYOND CUTOFFS
152225076 GROUP PAIRS WERE NOT SELECTED
 SPACE FOR        0 ATOM PAIRS AND  1676038 GROUP PAIRS

 Image group nonbond list generation found:
        0 GROUP PAIRS WERE FOUND FOR GROUP LIST
        0 GROUP PAIRS WERE BEYOND CUTOFFS
 GUPQME>    341 unique QM molecule-MM group interactions generated.
 GUPQME>      0 QM/MM group exclusions generated.
 GUPQMV>    341 group interactions generated for  17627 groups.
ENER ENR:  Eval#     ENERgy      Delta-E         GRMS
ENER INTERN:          BONDs       ANGLes       UREY-b    DIHEdrals    IMPRopers
ENER CROSS:           CMAPs        PMF1D        PMF2D        PRIMO
ENER EXTERN:        VDWaals         ELEC       HBONds          ASP         USER
ENER EWALD:          EWKSum       EWSElf       EWEXcl       EWQCor       EWUTil
ENER QUANTUM:        QMELec        QMVDw  
 ----------       ---------    ---------    ---------    ---------    ---------
ENER>        0 -35116.21102      0.36554      1.82391
ENER INTERN>       31.15326     87.07063      4.60331    284.95288      6.97655
ENER CROSS>       -16.71476      0.00000      0.00000      0.00000
ENER EXTERN>     -261.45851   -815.29538      0.00000      0.00000      0.00000
ENER EWALD>       2763.5982-1098967.0736 1062381.4360       0.0000       0.0000
ENER QUANTM>     -592.88898    -22.57061
 ----------       ---------    ---------    ---------    ---------    ---------
  
 CHARMM>       print resdistance
REDWRI:  Number of distance restraints=   1  Overall scale factor=      1.0000

 REDWRI: Evaluating restraint     1  KVAL=  2000.000 RVAL=     0.700
    Number of atom pairs=   2 Global Exponent=   2 Internal Exponent=   1 One sided mode= 0
      atom pair:  5685 HETA     223      C1       5695 HETA     223      C8         distance factor=      1.0000  Current distance=      2.277834
      atom pair:  5687 HETA     223      C3       5697 HETA     223      O4         distance factor=     -1.0000  Current distance=      1.558715
      Distance deviation=      0.019119  Energy=       0.36554 Force=      38.23836

 REDWRI:  Current number of restraints=   1

  
 CHARMM>       trajectory write
  
 CHARMM>       increase n by 1
 Parameter: N <- "29"
  
 CHARMM>       increase rc by 0.1
 Parameter: RC <- "0.8"
  
 CHARMM>    if rc le 2.0 goto loop
 Comparing "0.8" and "2.0".
 IF test evaluated as true.  Performing command
  
 CHARMM>       skip none
 SKIPE> The following energy terms will be computed :
  BOND ANGL UREY DIHE IMPR VDW  ELEC HBON USER HARM CDIH CIC  CDRO NOE  SBOU
  IMNB IMEL IMHB EWKS EWSE EXTE RXNF ST2  IMST TSM  QMEL QMVD ASP  EHAR GEO 
  MDIP PINT PRMS PANG SSBP BK4D SHEL RESD SHAP STRB OOPL PULL POLA DMC  RGY 
  EWEX EWQC EWUT PBEL PBNP MBDE STRS BNDB BNDT EBST MBST BBT  SST  GBEN HMCM
  ADUM HYDR GSBP FQPO GRVD GREL SASL CMAP ELRC OLAP UMBR RREP RPHO RHBN RBDO
  RBAC RARO PHEN MMPT VMOD CROS FCTP FCTN PATH PMF1 PMF2 PRIM VALB ECHD ECHA
  ECHT ECHR CPUC SMBP EEMA ERMD CSRE ECS  ERDC DEFE MSPT GRHB PCHA
  
 CHARMM>       resdistance reset
  RESDIST: Restrained distances restraints reset.
 RESDIST:  Current number of restraints=   0
  
 CHARMM>       resdistance kval 2000.0 rval @rc -
 CHARMM>       1.0 @atom1 @atom2 -1.0 @atom3 @atom4
 Parameter: RC -> "0.8"
 Parameter: ATOM1 -> "HETA 223 C1"
 Parameter: ATOM2 -> "HETA 223 C8"
 Parameter: ATOM3 -> "HETA 223 C3"
 Parameter: ATOM4 -> "HETA 223 O4"
 REDSET: Adding restraint     1  KVAL=  2000.000 RVAL=     0.800
     Number of atom pairs=   2 Global Exponent=   2 Internal Exponent=   1 One sided mode= 0
      atom pair:  5685 HETA     223      C1       5695 HETA     223      C8         distance factor=      1.0000
      atom pair:  5687 HETA     223      C3       5697 HETA     223      O4         distance factor=     -1.0000
 RESDIST:  Current number of restraints=   1
  
 CHARMM>       mini abnr nstep 2000 tolitr 2000 tolgrd 0.2 nprint 2000

 SELECTED IMAGES ATOMS BEING CENTERED ABOUT  0.000000  0.000000  0.000000

 <MKIMAT2>: updating the image atom lists and remapping
 Transformation   Atoms  Groups  Residues  Min-Distance
    1  N1N1N1R1 has       0       0       0        1.65
    2  N1Z0N1R1 has       0       0       0        0.89
    3  N1P1N1R1 has       0       0       0        2.98
    4  Z0N1N1R1 has       0       0       0        0.85
    5  Z0Z0N1R1 has       0       0       0        0.00
    6  Z0P1N1R1 has       0       0       0        0.12
    7  N1N1Z0R1 has       0       0       0        0.83
    8  N1Z0Z0R1 has       0       0       0        0.00
    9  N1P1Z0R1 has       0       0       0        1.61
   10  Z0N1Z0R1 has       0       0       0        0.00
   12  N1N1P1R1 has       0       0       0        1.50
   13  N1Z0P1R1 has       0       0       0        0.91
   14  N1P1P1R1 has       0       0       0        2.92
 Total of53479 atoms and17627 groups and16343 residues were included

 <MAKGRP> found      0 image group exclusions.

 NONBOND OPTION FLAGS: 
     ELEC     VDW      GROUps   CDIElec  SWITch   VGROup   VSWItch 
     BYGRoup  NOEXtnd  EWALd   
 CUTNB  = 14.000 CTEXNB =999.000 CTONNB = 12.000 CTOFNB = 13.000
 CGONNB =  0.000 CGOFNB = 10.000
 WMIN   =  0.500 WRNMXD =  0.500 E14FAC =  1.000 EPS    =  1.000
 NBXMOD =      5
 PME EWALD OPTIONS: KAPPA  =  0.340  QCOR =  0.000  Bspline order = 6
 FFTX=  90  FFTY=  90  FFTZ=  90
                Using Pub FFT
                Real-to-Complex FFT
 There are        0 atom  pairs and    78977 atom  exclusions.
 There are    49529 group pairs and     4702 group exclusions.
 Generating nonbond list with Exclusion mode = 5
 == PRIMARY == SPACE FOR 15367279 ATOM PAIRS AND  3080142 GROUP PAIRS

 General group nonbond list generation found:
    49871 GROUP PAIRS WERE FOUND FOR GROUP LIST
  3089431 GROUP PAIRS WERE BEYOND CUTOFFS
152225076 GROUP PAIRS WERE NOT SELECTED
 SPACE FOR        0 ATOM PAIRS AND  1676038 GROUP PAIRS

 Image group nonbond list generation found:
        0 GROUP PAIRS WERE FOUND FOR GROUP LIST
        0 GROUP PAIRS WERE BEYOND CUTOFFS
 GUPQME>    341 unique QM molecule-MM group interactions generated.
 GUPQME>      0 QM/MM group exclusions generated.
 GUPQMV>    341 group interactions generated for  17627 groups.


 ABNER> An energy minimization has been requested.

 EIGRNG =    0.0005000   MINDIM =            5
 NPRINT =         2000   NSTEP  =         2000
 PSTRCT =    0.0000000   SDSTP  =    0.0200000
 STPLIM =    1.0000000   STRICT =    0.1000000
 TOLFUN =    0.0000000   TOLGRD =    0.2000000
 TOLITR =         2000   TOLSTP =    0.0000000
 FMEM   =    0.0000000
MINI MIN: Cycle      ENERgy      Delta-E         GRMS    Step-size
MINI INTERN:          BONDs       ANGLes       UREY-b    DIHEdrals    IMPRopers
MINI CROSS:           CMAPs        PMF1D        PMF2D        PRIMO
MINI EXTERN:        VDWaals         ELEC       HBONds          ASP         USER
MINI EWALD:          EWKSum       EWSElf       EWEXcl       EWQCor       EWUTil
MINI CONSTR:       HARMonic    CDIHedral          CIC     RESDistance       NOE
MINI QUANTUM:        QMELec        QMVDw  
 ----------       ---------    ---------    ---------    ---------    ---------
MINI>        0 -35109.66931     -6.54171      9.29777      0.00000
MINI INTERN>       31.15326     87.07063      4.60331    284.95288      6.97655
MINI CROSS>       -16.71476      0.00000      0.00000      0.00000
MINI EXTERN>     -261.45851   -815.29538      0.00000      0.00000      0.00000
MINI EWALD>       2763.5982-1098967.0736 1062381.4360       0.0000       0.0000
MINI CONSTR>        0.00000      0.00000      0.00000      6.54171      0.00000
MINI QUANTM>     -592.88898    -22.57061
 ----------       ---------    ---------    ---------    ---------    ---------

 ABNER> Minimization exiting with gradient tolerance ( 0.2000000) satisfied.

ABNR MIN: Cycle      ENERgy      Delta-E         GRMS    Step-size
ABNR INTERN:          BONDs       ANGLes       UREY-b    DIHEdrals    IMPRopers
ABNR CROSS:           CMAPs        PMF1D        PMF2D        PRIMO
ABNR EXTERN:        VDWaals         ELEC       HBONds          ASP         USER
ABNR EWALD:          EWKSum       EWSElf       EWEXcl       EWQCor       EWUTil
ABNR CONSTR:       HARMonic    CDIHedral          CIC     RESDistance       NOE
ABNR QUANTUM:        QMELec        QMVDw  
 ----------       ---------    ---------    ---------    ---------    ---------
ABNR>       22 -35119.66050      9.99119      0.19746      0.00277
ABNR INTERN>       31.08003     86.92620      4.58297    284.80579      6.97452
ABNR CROSS>       -16.70397      0.00000      0.00000      0.00000
ABNR EXTERN>     -261.22303   -815.41969      0.00000      0.00000      0.00000
ABNR EWALD>       2763.4915-1098967.0736 1062381.4721       0.0000       0.0000
ABNR CONSTR>        0.00000      0.00000      0.00000      0.24903      0.00000
ABNR QUANTM>     -595.89910    -22.92324
 ----------       ---------    ---------    ---------    ---------    ---------
  
 CHARMM>       skip resd
 SKIPE> The following energy terms will be computed :
  BOND ANGL UREY DIHE IMPR VDW  ELEC HBON USER HARM CDIH CIC  CDRO NOE  SBOU
  IMNB IMEL IMHB EWKS EWSE EXTE RXNF ST2  IMST TSM  QMEL QMVD ASP  EHAR GEO 
  MDIP PINT PRMS PANG SSBP BK4D SHEL SHAP STRB OOPL PULL POLA DMC  RGY  EWEX
  EWQC EWUT PBEL PBNP MBDE STRS BNDB BNDT EBST MBST BBT  SST  GBEN HMCM ADUM
  HYDR GSBP FQPO GRVD GREL SASL CMAP ELRC OLAP UMBR RREP RPHO RHBN RBDO RBAC
  RARO PHEN MMPT VMOD CROS FCTP FCTN PATH PMF1 PMF2 PRIM VALB ECHD ECHA ECHT
  ECHR CPUC SMBP EEMA ERMD CSRE ECS  ERDC DEFE MSPT GRHB PCHA
  
 CHARMM>       energy

 SELECTED IMAGES ATOMS BEING CENTERED ABOUT  0.000000  0.000000  0.000000

 <MKIMAT2>: updating the image atom lists and remapping
 Transformation   Atoms  Groups  Residues  Min-Distance
    1  N1N1N1R1 has       0       0       0        1.65
    2  N1Z0N1R1 has       0       0       0        0.89
    3  N1P1N1R1 has       0       0       0        2.98
    4  Z0N1N1R1 has       0       0       0        0.85
    5  Z0Z0N1R1 has       0       0       0        0.00
    6  Z0P1N1R1 has       0       0       0        0.12
    7  N1N1Z0R1 has       0       0       0        0.83
    8  N1Z0Z0R1 has       0       0       0        0.00
    9  N1P1Z0R1 has       0       0       0        1.61
   10  Z0N1Z0R1 has       0       0       0        0.00
   12  N1N1P1R1 has       0       0       0        1.50
   13  N1Z0P1R1 has       0       0       0        0.91
   14  N1P1P1R1 has       0       0       0        2.92
 Total of53479 atoms and17627 groups and16343 residues were included

 <MAKGRP> found      0 image group exclusions.

 NONBOND OPTION FLAGS: 
     ELEC     VDW      GROUps   CDIElec  SWITch   VGROup   VSWItch 
     BYGRoup  NOEXtnd  EWALd   
 CUTNB  = 14.000 CTEXNB =999.000 CTONNB = 12.000 CTOFNB = 13.000
 CGONNB =  0.000 CGOFNB = 10.000
 WMIN   =  0.500 WRNMXD =  0.500 E14FAC =  1.000 EPS    =  1.000
 NBXMOD =      5
 PME EWALD OPTIONS: KAPPA  =  0.340  QCOR =  0.000  Bspline order = 6
 FFTX=  90  FFTY=  90  FFTZ=  90
                Using Pub FFT
                Real-to-Complex FFT
 There are        0 atom  pairs and    78977 atom  exclusions.
 There are    49529 group pairs and     4702 group exclusions.
 Generating nonbond list with Exclusion mode = 5
 == PRIMARY == SPACE FOR 15367279 ATOM PAIRS AND  3080142 GROUP PAIRS

 General group nonbond list generation found:
    49869 GROUP PAIRS WERE FOUND FOR GROUP LIST
  3089433 GROUP PAIRS WERE BEYOND CUTOFFS
152225076 GROUP PAIRS WERE NOT SELECTED
 SPACE FOR        0 ATOM PAIRS AND  1676038 GROUP PAIRS

 Image group nonbond list generation found:
        0 GROUP PAIRS WERE FOUND FOR GROUP LIST
        0 GROUP PAIRS WERE BEYOND CUTOFFS
 GUPQME>    340 unique QM molecule-MM group interactions generated.
 GUPQME>      0 QM/MM group exclusions generated.
 GUPQMV>    340 group interactions generated for  17627 groups.
ENER ENR:  Eval#     ENERgy      Delta-E         GRMS
ENER INTERN:          BONDs       ANGLes       UREY-b    DIHEdrals    IMPRopers
ENER CROSS:           CMAPs        PMF1D        PMF2D        PRIMO
ENER EXTERN:        VDWaals         ELEC       HBONds          ASP         USER
ENER EWALD:          EWKSum       EWSElf       EWEXcl       EWQCor       EWUTil
ENER QUANTUM:        QMELec        QMVDw  
 ----------       ---------    ---------    ---------    ---------    ---------
ENER>        0 -35119.90953      0.24903      1.62611
ENER INTERN>       31.08003     86.92620      4.58297    284.80579      6.97452
ENER CROSS>       -16.70397      0.00000      0.00000      0.00000
ENER EXTERN>     -261.22303   -815.41969      0.00000      0.00000      0.00000
ENER EWALD>       2763.4915-1098967.0736 1062381.4721       0.0000       0.0000
ENER QUANTM>     -595.89910    -22.92324
 ----------       ---------    ---------    ---------    ---------    ---------
  
 CHARMM>       print resdistance
REDWRI:  Number of distance restraints=   1  Overall scale factor=      1.0000

 REDWRI: Evaluating restraint     1  KVAL=  2000.000 RVAL=     0.800
    Number of atom pairs=   2 Global Exponent=   2 Internal Exponent=   1 One sided mode= 0
      atom pair:  5685 HETA     223      C1       5695 HETA     223      C8         distance factor=      1.0000  Current distance=      2.353069
      atom pair:  5687 HETA     223      C3       5697 HETA     223      O4         distance factor=     -1.0000  Current distance=      1.537288
      Distance deviation=      0.015781  Energy=       0.24903 Force=      31.56130

 REDWRI:  Current number of restraints=   1

  
 CHARMM>       trajectory write
  
 CHARMM>       increase n by 1
 Parameter: N <- "30"
  
 CHARMM>       increase rc by 0.1
 Parameter: RC <- "0.9"
  
 CHARMM>    if rc le 2.0 goto loop
 Comparing "0.9" and "2.0".
 IF test evaluated as true.  Performing command
  
 CHARMM>       skip none
 SKIPE> The following energy terms will be computed :
  BOND ANGL UREY DIHE IMPR VDW  ELEC HBON USER HARM CDIH CIC  CDRO NOE  SBOU
  IMNB IMEL IMHB EWKS EWSE EXTE RXNF ST2  IMST TSM  QMEL QMVD ASP  EHAR GEO 
  MDIP PINT PRMS PANG SSBP BK4D SHEL RESD SHAP STRB OOPL PULL POLA DMC  RGY 
  EWEX EWQC EWUT PBEL PBNP MBDE STRS BNDB BNDT EBST MBST BBT  SST  GBEN HMCM
  ADUM HYDR GSBP FQPO GRVD GREL SASL CMAP ELRC OLAP UMBR RREP RPHO RHBN RBDO
  RBAC RARO PHEN MMPT VMOD CROS FCTP FCTN PATH PMF1 PMF2 PRIM VALB ECHD ECHA
  ECHT ECHR CPUC SMBP EEMA ERMD CSRE ECS  ERDC DEFE MSPT GRHB PCHA
  
 CHARMM>       resdistance reset
  RESDIST: Restrained distances restraints reset.
 RESDIST:  Current number of restraints=   0
  
 CHARMM>       resdistance kval 2000.0 rval @rc -
 CHARMM>       1.0 @atom1 @atom2 -1.0 @atom3 @atom4
 Parameter: RC -> "0.9"
 Parameter: ATOM1 -> "HETA 223 C1"
 Parameter: ATOM2 -> "HETA 223 C8"
 Parameter: ATOM3 -> "HETA 223 C3"
 Parameter: ATOM4 -> "HETA 223 O4"
 REDSET: Adding restraint     1  KVAL=  2000.000 RVAL=     0.900
     Number of atom pairs=   2 Global Exponent=   2 Internal Exponent=   1 One sided mode= 0
      atom pair:  5685 HETA     223      C1       5695 HETA     223      C8         distance factor=      1.0000
      atom pair:  5687 HETA     223      C3       5697 HETA     223      O4         distance factor=     -1.0000
 RESDIST:  Current number of restraints=   1
  
 CHARMM>       mini abnr nstep 2000 tolitr 2000 tolgrd 0.2 nprint 2000

 SELECTED IMAGES ATOMS BEING CENTERED ABOUT  0.000000  0.000000  0.000000

 <MKIMAT2>: updating the image atom lists and remapping
 Transformation   Atoms  Groups  Residues  Min-Distance
    1  N1N1N1R1 has       0       0       0        1.65
    2  N1Z0N1R1 has       0       0       0        0.89
    3  N1P1N1R1 has       0       0       0        2.98
    4  Z0N1N1R1 has       0       0       0        0.85
    5  Z0Z0N1R1 has       0       0       0        0.00
    6  Z0P1N1R1 has       0       0       0        0.12
    7  N1N1Z0R1 has       0       0       0        0.83
    8  N1Z0Z0R1 has       0       0       0        0.00
    9  N1P1Z0R1 has       0       0       0        1.61
   10  Z0N1Z0R1 has       0       0       0        0.00
   12  N1N1P1R1 has       0       0       0        1.50
   13  N1Z0P1R1 has       0       0       0        0.91
   14  N1P1P1R1 has       0       0       0        2.92
 Total of53479 atoms and17627 groups and16343 residues were included

 <MAKGRP> found      0 image group exclusions.

 NONBOND OPTION FLAGS: 
     ELEC     VDW      GROUps   CDIElec  SWITch   VGROup   VSWItch 
     BYGRoup  NOEXtnd  EWALd   
 CUTNB  = 14.000 CTEXNB =999.000 CTONNB = 12.000 CTOFNB = 13.000
 CGONNB =  0.000 CGOFNB = 10.000
 WMIN   =  0.500 WRNMXD =  0.500 E14FAC =  1.000 EPS    =  1.000
 NBXMOD =      5
 PME EWALD OPTIONS: KAPPA  =  0.340  QCOR =  0.000  Bspline order = 6
 FFTX=  90  FFTY=  90  FFTZ=  90
                Using Pub FFT
                Real-to-Complex FFT
 There are        0 atom  pairs and    78977 atom  exclusions.
 There are    49528 group pairs and     4702 group exclusions.
 Generating nonbond list with Exclusion mode = 5
 == PRIMARY == SPACE FOR 15367279 ATOM PAIRS AND  3080142 GROUP PAIRS

 General group nonbond list generation found:
    49869 GROUP PAIRS WERE FOUND FOR GROUP LIST
  3089433 GROUP PAIRS WERE BEYOND CUTOFFS
152225076 GROUP PAIRS WERE NOT SELECTED
 SPACE FOR        0 ATOM PAIRS AND  1676038 GROUP PAIRS

 Image group nonbond list generation found:
        0 GROUP PAIRS WERE FOUND FOR GROUP LIST
        0 GROUP PAIRS WERE BEYOND CUTOFFS
 GUPQME>    340 unique QM molecule-MM group interactions generated.
 GUPQME>      0 QM/MM group exclusions generated.
 GUPQMV>    340 group interactions generated for  17627 groups.


 ABNER> An energy minimization has been requested.

 EIGRNG =    0.0005000   MINDIM =            5
 NPRINT =         2000   NSTEP  =         2000
 PSTRCT =    0.0000000   SDSTP  =    0.0200000
 STPLIM =    1.0000000   STRICT =    0.1000000
 TOLFUN =    0.0000000   TOLGRD =    0.2000000
 TOLITR =         2000   TOLSTP =    0.0000000
 FMEM   =    0.0000000
MINI MIN: Cycle      ENERgy      Delta-E         GRMS    Step-size
MINI INTERN:          BONDs       ANGLes       UREY-b    DIHEdrals    IMPRopers
MINI CROSS:           CMAPs        PMF1D        PMF2D        PRIMO
MINI EXTERN:        VDWaals         ELEC       HBONds          ASP         USER
MINI EWALD:          EWKSum       EWSElf       EWEXcl       EWQCor       EWUTil
MINI CONSTR:       HARMonic    CDIHedral          CIC     RESDistance       NOE
MINI QUANTUM:        QMELec        QMVDw  
 ----------       ---------    ---------    ---------    ---------    ---------
MINI>        0 -35112.81663     -7.09290      9.40907      0.00000
MINI INTERN>       31.08003     86.92620      4.58297    284.80579      6.97452
MINI CROSS>       -16.70397      0.00000      0.00000      0.00000
MINI EXTERN>     -261.22303   -815.41969      0.00000      0.00000      0.00000
MINI EWALD>       2763.4915-1098967.0736 1062381.4721       0.0000       0.0000
MINI CONSTR>        0.00000      0.00000      0.00000      7.09290      0.00000
MINI QUANTM>     -595.89910    -22.92324
 ----------       ---------    ---------    ---------    ---------    ---------
 UPDECI: Image update at step        25

 <MKIMAT2>: updating the image atom lists and remapping
 Transformation   Atoms  Groups  Residues  Min-Distance
    1  N1N1N1R1 has       0       0       0        1.65
    2  N1Z0N1R1 has       0       0       0        0.89
    3  N1P1N1R1 has       0       0       0        2.98
    4  Z0N1N1R1 has       0       0       0        0.85
    5  Z0Z0N1R1 has       0       0       0        0.00
    6  Z0P1N1R1 has       0       0       0        0.12
    7  N1N1Z0R1 has       0       0       0        0.83
    8  N1Z0Z0R1 has       0       0       0        0.00
    9  N1P1Z0R1 has       0       0       0        1.61
   10  Z0N1Z0R1 has       0       0       0        0.00
   12  N1N1P1R1 has       0       0       0        1.50
   13  N1Z0P1R1 has       0       0       0        0.91
   14  N1P1P1R1 has       0       0       0        2.92
 Total of53479 atoms and17627 groups and16343 residues were included

 <MAKGRP> found      0 image group exclusions.
 UPDECI: Nonbond update at step        25
 Generating nonbond list with Exclusion mode = 5
 == PRIMARY == SPACE FOR 15367279 ATOM PAIRS AND  3080142 GROUP PAIRS

 General group nonbond list generation found:
    49857 GROUP PAIRS WERE FOUND FOR GROUP LIST
  3089445 GROUP PAIRS WERE BEYOND CUTOFFS
152225076 GROUP PAIRS WERE NOT SELECTED
 SPACE FOR        0 ATOM PAIRS AND  1676038 GROUP PAIRS

 Image group nonbond list generation found:
        0 GROUP PAIRS WERE FOUND FOR GROUP LIST
        0 GROUP PAIRS WERE BEYOND CUTOFFS
 GUPQME>    340 unique QM molecule-MM group interactions generated.
 GUPQME>      0 QM/MM group exclusions generated.
 GUPQMV>    340 group interactions generated for  17627 groups.
 UPDECI: Image update at step        50

 <MKIMAT2>: updating the image atom lists and remapping
 Transformation   Atoms  Groups  Residues  Min-Distance
    1  N1N1N1R1 has       0       0       0        1.65
    2  N1Z0N1R1 has       0       0       0        0.89
    3  N1P1N1R1 has       0       0       0        2.98
    4  Z0N1N1R1 has       0       0       0        0.85
    5  Z0Z0N1R1 has       0       0       0        0.00
    6  Z0P1N1R1 has       0       0       0        0.12
    7  N1N1Z0R1 has       0       0       0        0.83
    8  N1Z0Z0R1 has       0       0       0        0.00
    9  N1P1Z0R1 has       0       0       0        1.61
   10  Z0N1Z0R1 has       0       0       0        0.00
   12  N1N1P1R1 has       0       0       0        1.50
   13  N1Z0P1R1 has       0       0       0        0.91
   14  N1P1P1R1 has       0       0       0        2.92
 Total of53479 atoms and17627 groups and16343 residues were included

 <MAKGRP> found      0 image group exclusions.
 UPDECI: Nonbond update at step        50
 Generating nonbond list with Exclusion mode = 5
 == PRIMARY == SPACE FOR 15367279 ATOM PAIRS AND  3080142 GROUP PAIRS

 General group nonbond list generation found:
    49849 GROUP PAIRS WERE FOUND FOR GROUP LIST
  3089453 GROUP PAIRS WERE BEYOND CUTOFFS
152225076 GROUP PAIRS WERE NOT SELECTED
 SPACE FOR        0 ATOM PAIRS AND  1676038 GROUP PAIRS

 Image group nonbond list generation found:
        0 GROUP PAIRS WERE FOUND FOR GROUP LIST
        0 GROUP PAIRS WERE BEYOND CUTOFFS
 GUPQME>    340 unique QM molecule-MM group interactions generated.
 GUPQME>      0 QM/MM group exclusions generated.
 GUPQMV>    340 group interactions generated for  17627 groups.

 ABNER> Minimization exiting with gradient tolerance ( 0.2000000) satisfied.

ABNR MIN: Cycle      ENERgy      Delta-E         GRMS    Step-size
ABNR INTERN:          BONDs       ANGLes       UREY-b    DIHEdrals    IMPRopers
ABNR CROSS:           CMAPs        PMF1D        PMF2D        PRIMO
ABNR EXTERN:        VDWaals         ELEC       HBONds          ASP         USER
ABNR EWALD:          EWKSum       EWSElf       EWEXcl       EWQCor       EWUTil
ABNR CONSTR:       HARMonic    CDIHedral          CIC     RESDistance       NOE
ABNR QUANTUM:        QMELec        QMVDw  
 ----------       ---------    ---------    ---------    ---------    ---------
ABNR>       69 -35128.33982     15.52319      0.16652      0.00674
ABNR INTERN>       30.96140     86.39258      4.58076    285.26033      7.12975
ABNR CROSS>       -16.90415      0.00000      0.00000      0.00000
ABNR EXTERN>     -257.32397   -822.80955      0.00000      0.00000      0.00000
ABNR EWALD>       2763.2338-1098967.0736 1062381.5156       0.0000       0.0000
ABNR CONSTR>        0.00000      0.00000      0.00000      0.22582      0.00000
ABNR QUANTM>     -600.94597    -22.58253
 ----------       ---------    ---------    ---------    ---------    ---------
  
 CHARMM>       skip resd
 SKIPE> The following energy terms will be computed :
  BOND ANGL UREY DIHE IMPR VDW  ELEC HBON USER HARM CDIH CIC  CDRO NOE  SBOU
  IMNB IMEL IMHB EWKS EWSE EXTE RXNF ST2  IMST TSM  QMEL QMVD ASP  EHAR GEO 
  MDIP PINT PRMS PANG SSBP BK4D SHEL SHAP STRB OOPL PULL POLA DMC  RGY  EWEX
  EWQC EWUT PBEL PBNP MBDE STRS BNDB BNDT EBST MBST BBT  SST  GBEN HMCM ADUM
  HYDR GSBP FQPO GRVD GREL SASL CMAP ELRC OLAP UMBR RREP RPHO RHBN RBDO RBAC
  RARO PHEN MMPT VMOD CROS FCTP FCTN PATH PMF1 PMF2 PRIM VALB ECHD ECHA ECHT
  ECHR CPUC SMBP EEMA ERMD CSRE ECS  ERDC DEFE MSPT GRHB PCHA
  
 CHARMM>       energy

 SELECTED IMAGES ATOMS BEING CENTERED ABOUT  0.000000  0.000000  0.000000

 <MKIMAT2>: updating the image atom lists and remapping
 Transformation   Atoms  Groups  Residues  Min-Distance
    1  N1N1N1R1 has       0       0       0        1.65
    2  N1Z0N1R1 has       0       0       0        0.89
    3  N1P1N1R1 has       0       0       0        2.98
    4  Z0N1N1R1 has       0       0       0        0.85
    5  Z0Z0N1R1 has       0       0       0        0.00
    6  Z0P1N1R1 has       0       0       0        0.12
    7  N1N1Z0R1 has       0       0       0        0.83
    8  N1Z0Z0R1 has       0       0       0        0.00
    9  N1P1Z0R1 has       0       0       0        1.61
   10  Z0N1Z0R1 has       0       0       0        0.00
   12  N1N1P1R1 has       0       0       0        1.50
   13  N1Z0P1R1 has       0       0       0        0.91
   14  N1P1P1R1 has       0       0       0        2.92
 Total of53479 atoms and17627 groups and16343 residues were included

 <MAKGRP> found      0 image group exclusions.

 NONBOND OPTION FLAGS: 
     ELEC     VDW      GROUps   CDIElec  SWITch   VGROup   VSWItch 
     BYGRoup  NOEXtnd  EWALd   
 CUTNB  = 14.000 CTEXNB =999.000 CTONNB = 12.000 CTOFNB = 13.000
 CGONNB =  0.000 CGOFNB = 10.000
 WMIN   =  0.500 WRNMXD =  0.500 E14FAC =  1.000 EPS    =  1.000
 NBXMOD =      5
 PME EWALD OPTIONS: KAPPA  =  0.340  QCOR =  0.000  Bspline order = 6
 FFTX=  90  FFTY=  90  FFTZ=  90
                Using Pub FFT
                Real-to-Complex FFT
 There are        0 atom  pairs and    78977 atom  exclusions.
 There are    49508 group pairs and     4702 group exclusions.
 Generating nonbond list with Exclusion mode = 5
 == PRIMARY == SPACE FOR 15367279 ATOM PAIRS AND  3080142 GROUP PAIRS

 General group nonbond list generation found:
    49846 GROUP PAIRS WERE FOUND FOR GROUP LIST
  3089456 GROUP PAIRS WERE BEYOND CUTOFFS
152225076 GROUP PAIRS WERE NOT SELECTED
 SPACE FOR        0 ATOM PAIRS AND  1676038 GROUP PAIRS

 Image group nonbond list generation found:
        0 GROUP PAIRS WERE FOUND FOR GROUP LIST
        0 GROUP PAIRS WERE BEYOND CUTOFFS
 GUPQME>    339 unique QM molecule-MM group interactions generated.
 GUPQME>      0 QM/MM group exclusions generated.
 GUPQMV>    339 group interactions generated for  17627 groups.
ENER ENR:  Eval#     ENERgy      Delta-E         GRMS
ENER INTERN:          BONDs       ANGLes       UREY-b    DIHEdrals    IMPRopers
ENER CROSS:           CMAPs        PMF1D        PMF2D        PRIMO
ENER EXTERN:        VDWaals         ELEC       HBONds          ASP         USER
ENER EWALD:          EWKSum       EWSElf       EWEXcl       EWQCor       EWUTil
ENER QUANTUM:        QMELec        QMVDw  
 ----------       ---------    ---------    ---------    ---------    ---------
ENER>        0 -35128.56564      0.22582      1.34953
ENER INTERN>       30.96140     86.39258      4.58076    285.26033      7.12975
ENER CROSS>       -16.90415      0.00000      0.00000      0.00000
ENER EXTERN>     -257.32397   -822.80955      0.00000      0.00000      0.00000
ENER EWALD>       2763.2338-1098967.0736 1062381.5156       0.0000       0.0000
ENER QUANTM>     -600.94597    -22.58253
 ----------       ---------    ---------    ---------    ---------    ---------
  
 CHARMM>       print resdistance
REDWRI:  Number of distance restraints=   1  Overall scale factor=      1.0000

 REDWRI: Evaluating restraint     1  KVAL=  2000.000 RVAL=     0.900
    Number of atom pairs=   2 Global Exponent=   2 Internal Exponent=   1 One sided mode= 0
      atom pair:  5685 HETA     223      C1       5695 HETA     223      C8         distance factor=      1.0000  Current distance=      2.428027
      atom pair:  5687 HETA     223      C3       5697 HETA     223      O4         distance factor=     -1.0000  Current distance=      1.512999
      Distance deviation=      0.015027  Energy=       0.22582 Force=      30.05452

 REDWRI:  Current number of restraints=   1

  
 CHARMM>       trajectory write
  
 CHARMM>       increase n by 1
 Parameter: N <- "31"
  
 CHARMM>       increase rc by 0.1
 Parameter: RC <- "1"
  
 CHARMM>    if rc le 2.0 goto loop
 Comparing "1" and "2.0".
 IF test evaluated as true.  Performing command
  
 CHARMM>       skip none
 SKIPE> The following energy terms will be computed :
  BOND ANGL UREY DIHE IMPR VDW  ELEC HBON USER HARM CDIH CIC  CDRO NOE  SBOU
  IMNB IMEL IMHB EWKS EWSE EXTE RXNF ST2  IMST TSM  QMEL QMVD ASP  EHAR GEO 
  MDIP PINT PRMS PANG SSBP BK4D SHEL RESD SHAP STRB OOPL PULL POLA DMC  RGY 
  EWEX EWQC EWUT PBEL PBNP MBDE STRS BNDB BNDT EBST MBST BBT  SST  GBEN HMCM
  ADUM HYDR GSBP FQPO GRVD GREL SASL CMAP ELRC OLAP UMBR RREP RPHO RHBN RBDO
  RBAC RARO PHEN MMPT VMOD CROS FCTP FCTN PATH PMF1 PMF2 PRIM VALB ECHD ECHA
  ECHT ECHR CPUC SMBP EEMA ERMD CSRE ECS  ERDC DEFE MSPT GRHB PCHA
  
 CHARMM>       resdistance reset
  RESDIST: Restrained distances restraints reset.
 RESDIST:  Current number of restraints=   0
  
 CHARMM>       resdistance kval 2000.0 rval @rc -
 CHARMM>       1.0 @atom1 @atom2 -1.0 @atom3 @atom4
 Parameter: RC -> "1"
 Parameter: ATOM1 -> "HETA 223 C1"
 Parameter: ATOM2 -> "HETA 223 C8"
 Parameter: ATOM3 -> "HETA 223 C3"
 Parameter: ATOM4 -> "HETA 223 O4"
 REDSET: Adding restraint     1  KVAL=  2000.000 RVAL=     1.000
     Number of atom pairs=   2 Global Exponent=   2 Internal Exponent=   1 One sided mode= 0
      atom pair:  5685 HETA     223      C1       5695 HETA     223      C8         distance factor=      1.0000
      atom pair:  5687 HETA     223      C3       5697 HETA     223      O4         distance factor=     -1.0000
 RESDIST:  Current number of restraints=   1
  
 CHARMM>       mini abnr nstep 2000 tolitr 2000 tolgrd 0.2 nprint 2000

 SELECTED IMAGES ATOMS BEING CENTERED ABOUT  0.000000  0.000000  0.000000

 <MKIMAT2>: updating the image atom lists and remapping
 Transformation   Atoms  Groups  Residues  Min-Distance
    1  N1N1N1R1 has       0       0       0        1.65
    2  N1Z0N1R1 has       0       0       0        0.89
    3  N1P1N1R1 has       0       0       0        2.98
    4  Z0N1N1R1 has       0       0       0        0.85
    5  Z0Z0N1R1 has       0       0       0        0.00
    6  Z0P1N1R1 has       0       0       0        0.12
    7  N1N1Z0R1 has       0       0       0        0.83
    8  N1Z0Z0R1 has       0       0       0        0.00
    9  N1P1Z0R1 has       0       0       0        1.61
   10  Z0N1Z0R1 has       0       0       0        0.00
   12  N1N1P1R1 has       0       0       0        1.50
   13  N1Z0P1R1 has       0       0       0        0.91
   14  N1P1P1R1 has       0       0       0        2.92
 Total of53479 atoms and17627 groups and16343 residues were included

 <MAKGRP> found      0 image group exclusions.

 NONBOND OPTION FLAGS: 
     ELEC     VDW      GROUps   CDIElec  SWITch   VGROup   VSWItch 
     BYGRoup  NOEXtnd  EWALd   
 CUTNB  = 14.000 CTEXNB =999.000 CTONNB = 12.000 CTOFNB = 13.000
 CGONNB =  0.000 CGOFNB = 10.000
 WMIN   =  0.500 WRNMXD =  0.500 E14FAC =  1.000 EPS    =  1.000
 NBXMOD =      5
 PME EWALD OPTIONS: KAPPA  =  0.340  QCOR =  0.000  Bspline order = 6
 FFTX=  90  FFTY=  90  FFTZ=  90
                Using Pub FFT
                Real-to-Complex FFT
 There are        0 atom  pairs and    78977 atom  exclusions.
 There are    49506 group pairs and     4702 group exclusions.
 Generating nonbond list with Exclusion mode = 5
 == PRIMARY == SPACE FOR 15367279 ATOM PAIRS AND  3080142 GROUP PAIRS

 General group nonbond list generation found:
    49846 GROUP PAIRS WERE FOUND FOR GROUP LIST
  3089456 GROUP PAIRS WERE BEYOND CUTOFFS
152225076 GROUP PAIRS WERE NOT SELECTED
 SPACE FOR        0 ATOM PAIRS AND  1676038 GROUP PAIRS

 Image group nonbond list generation found:
        0 GROUP PAIRS WERE FOUND FOR GROUP LIST
        0 GROUP PAIRS WERE BEYOND CUTOFFS
 GUPQME>    339 unique QM molecule-MM group interactions generated.
 GUPQME>      0 QM/MM group exclusions generated.
 GUPQMV>    339 group interactions generated for  17627 groups.


 ABNER> An energy minimization has been requested.

 EIGRNG =    0.0005000   MINDIM =            5
 NPRINT =         2000   NSTEP  =         2000
 PSTRCT =    0.0000000   SDSTP  =    0.0200000
 STPLIM =    1.0000000   STRICT =    0.1000000
 TOLFUN =    0.0000000   TOLGRD =    0.2000000
 TOLITR =         2000   TOLSTP =    0.0000000
 FMEM   =    0.0000000
MINI MIN: Cycle      ENERgy      Delta-E         GRMS    Step-size
MINI INTERN:          BONDs       ANGLes       UREY-b    DIHEdrals    IMPRopers
MINI CROSS:           CMAPs        PMF1D        PMF2D        PRIMO
MINI EXTERN:        VDWaals         ELEC       HBONds          ASP         USER
MINI EWALD:          EWKSum       EWSElf       EWEXcl       EWQCor       EWUTil
MINI CONSTR:       HARMonic    CDIHedral          CIC     RESDistance       NOE
MINI QUANTUM:        QMELec        QMVDw  
 ----------       ---------    ---------    ---------    ---------    ---------
MINI>        0 -35121.34527     -7.22037      9.19723      0.00000
MINI INTERN>       30.96140     86.39258      4.58076    285.26033      7.12975
MINI CROSS>       -16.90415      0.00000      0.00000      0.00000
MINI EXTERN>     -257.32397   -822.80955      0.00000      0.00000      0.00000
MINI EWALD>       2763.2338-1098967.0736 1062381.5156       0.0000       0.0000
MINI CONSTR>        0.00000      0.00000      0.00000      7.22037      0.00000
MINI QUANTM>     -600.94597    -22.58253
 ----------       ---------    ---------    ---------    ---------    ---------

 ABNER> Minimization exiting with gradient tolerance ( 0.2000000) satisfied.

ABNR MIN: Cycle      ENERgy      Delta-E         GRMS    Step-size
ABNR INTERN:          BONDs       ANGLes       UREY-b    DIHEdrals    IMPRopers
ABNR CROSS:           CMAPs        PMF1D        PMF2D        PRIMO
ABNR EXTERN:        VDWaals         ELEC       HBONds          ASP         USER
ABNR EWALD:          EWKSum       EWSElf       EWEXcl       EWQCor       EWUTil
ABNR CONSTR:       HARMonic    CDIHedral          CIC     RESDistance       NOE
ABNR QUANTUM:        QMELec        QMVDw  
 ----------       ---------    ---------    ---------    ---------    ---------
ABNR>       19 -35131.10218      9.75691      0.18586      0.00285
ABNR INTERN>       30.96720     86.54942      4.56869    285.18900      7.12042
ABNR CROSS>       -16.89184      0.00000      0.00000      0.00000
ABNR EXTERN>     -257.06462   -823.30860      0.00000      0.00000      0.00000
ABNR EWALD>       2763.0939-1098967.0736 1062381.5305       0.0000       0.0000
ABNR CONSTR>        0.00000      0.00000      0.00000      0.15558      0.00000
ABNR QUANTM>     -603.44728    -22.49083
 ----------       ---------    ---------    ---------    ---------    ---------
  
 CHARMM>       skip resd
 SKIPE> The following energy terms will be computed :
  BOND ANGL UREY DIHE IMPR VDW  ELEC HBON USER HARM CDIH CIC  CDRO NOE  SBOU
  IMNB IMEL IMHB EWKS EWSE EXTE RXNF ST2  IMST TSM  QMEL QMVD ASP  EHAR GEO 
  MDIP PINT PRMS PANG SSBP BK4D SHEL SHAP STRB OOPL PULL POLA DMC  RGY  EWEX
  EWQC EWUT PBEL PBNP MBDE STRS BNDB BNDT EBST MBST BBT  SST  GBEN HMCM ADUM
  HYDR GSBP FQPO GRVD GREL SASL CMAP ELRC OLAP UMBR RREP RPHO RHBN RBDO RBAC
  RARO PHEN MMPT VMOD CROS FCTP FCTN PATH PMF1 PMF2 PRIM VALB ECHD ECHA ECHT
  ECHR CPUC SMBP EEMA ERMD CSRE ECS  ERDC DEFE MSPT GRHB PCHA
  
 CHARMM>       energy

 SELECTED IMAGES ATOMS BEING CENTERED ABOUT  0.000000  0.000000  0.000000

 <MKIMAT2>: updating the image atom lists and remapping
 Transformation   Atoms  Groups  Residues  Min-Distance
    1  N1N1N1R1 has       0       0       0        1.65
    2  N1Z0N1R1 has       0       0       0        0.89
    3  N1P1N1R1 has       0       0       0        2.98
    4  Z0N1N1R1 has       0       0       0        0.85
    5  Z0Z0N1R1 has       0       0       0        0.00
    6  Z0P1N1R1 has       0       0       0        0.12
    7  N1N1Z0R1 has       0       0       0        0.83
    8  N1Z0Z0R1 has       0       0       0        0.00
    9  N1P1Z0R1 has       0       0       0        1.61
   10  Z0N1Z0R1 has       0       0       0        0.00
   12  N1N1P1R1 has       0       0       0        1.50
   13  N1Z0P1R1 has       0       0       0        0.91
   14  N1P1P1R1 has       0       0       0        2.92
 Total of53479 atoms and17627 groups and16343 residues were included

 <MAKGRP> found      0 image group exclusions.

 NONBOND OPTION FLAGS: 
     ELEC     VDW      GROUps   CDIElec  SWITch   VGROup   VSWItch 
     BYGRoup  NOEXtnd  EWALd   
 CUTNB  = 14.000 CTEXNB =999.000 CTONNB = 12.000 CTOFNB = 13.000
 CGONNB =  0.000 CGOFNB = 10.000
 WMIN   =  0.500 WRNMXD =  0.500 E14FAC =  1.000 EPS    =  1.000
 NBXMOD =      5
 PME EWALD OPTIONS: KAPPA  =  0.340  QCOR =  0.000  Bspline order = 6
 FFTX=  90  FFTY=  90  FFTZ=  90
                Using Pub FFT
                Real-to-Complex FFT
 There are        0 atom  pairs and    78977 atom  exclusions.
 There are    49506 group pairs and     4702 group exclusions.
 Generating nonbond list with Exclusion mode = 5
 == PRIMARY == SPACE FOR 15367279 ATOM PAIRS AND  3080142 GROUP PAIRS

 General group nonbond list generation found:
    49846 GROUP PAIRS WERE FOUND FOR GROUP LIST
  3089456 GROUP PAIRS WERE BEYOND CUTOFFS
152225076 GROUP PAIRS WERE NOT SELECTED
 SPACE FOR        0 ATOM PAIRS AND  1676038 GROUP PAIRS

 Image group nonbond list generation found:
        0 GROUP PAIRS WERE FOUND FOR GROUP LIST
        0 GROUP PAIRS WERE BEYOND CUTOFFS
 GUPQME>    339 unique QM molecule-MM group interactions generated.
 GUPQME>      0 QM/MM group exclusions generated.
 GUPQMV>    339 group interactions generated for  17627 groups.
ENER ENR:  Eval#     ENERgy      Delta-E         GRMS
ENER INTERN:          BONDs       ANGLes       UREY-b    DIHEdrals    IMPRopers
ENER CROSS:           CMAPs        PMF1D        PMF2D        PRIMO
ENER EXTERN:        VDWaals         ELEC       HBONds          ASP         USER
ENER EWALD:          EWKSum       EWSElf       EWEXcl       EWQCor       EWUTil
ENER QUANTUM:        QMELec        QMVDw  
 ----------       ---------    ---------    ---------    ---------    ---------
ENER>        0 -35131.25776      0.15558      1.02276
ENER INTERN>       30.96720     86.54942      4.56869    285.18900      7.12042
ENER CROSS>       -16.89184      0.00000      0.00000      0.00000
ENER EXTERN>     -257.06462   -823.30860      0.00000      0.00000      0.00000
ENER EWALD>       2763.0939-1098967.0736 1062381.5305       0.0000       0.0000
ENER QUANTM>     -603.44728    -22.49083
 ----------       ---------    ---------    ---------    ---------    ---------
  
 CHARMM>       print resdistance
REDWRI:  Number of distance restraints=   1  Overall scale factor=      1.0000

 REDWRI: Evaluating restraint     1  KVAL=  2000.000 RVAL=     1.000
    Number of atom pairs=   2 Global Exponent=   2 Internal Exponent=   1 One sided mode= 0
      atom pair:  5685 HETA     223      C1       5695 HETA     223      C8         distance factor=      1.0000  Current distance=      2.506892
      atom pair:  5687 HETA     223      C3       5697 HETA     223      O4         distance factor=     -1.0000  Current distance=      1.494419
      Distance deviation=      0.012473  Energy=       0.15558 Force=      24.94596

 REDWRI:  Current number of restraints=   1

  
 CHARMM>       trajectory write
  
 CHARMM>       increase n by 1
 Parameter: N <- "32"
  
 CHARMM>       increase rc by 0.1
 Parameter: RC <- "1.1"
  
 CHARMM>    if rc le 2.0 goto loop
 Comparing "1.1" and "2.0".
 IF test evaluated as true.  Performing command
  
 CHARMM>       skip none
 SKIPE> The following energy terms will be computed :
  BOND ANGL UREY DIHE IMPR VDW  ELEC HBON USER HARM CDIH CIC  CDRO NOE  SBOU
  IMNB IMEL IMHB EWKS EWSE EXTE RXNF ST2  IMST TSM  QMEL QMVD ASP  EHAR GEO 
  MDIP PINT PRMS PANG SSBP BK4D SHEL RESD SHAP STRB OOPL PULL POLA DMC  RGY 
  EWEX EWQC EWUT PBEL PBNP MBDE STRS BNDB BNDT EBST MBST BBT  SST  GBEN HMCM
  ADUM HYDR GSBP FQPO GRVD GREL SASL CMAP ELRC OLAP UMBR RREP RPHO RHBN RBDO
  RBAC RARO PHEN MMPT VMOD CROS FCTP FCTN PATH PMF1 PMF2 PRIM VALB ECHD ECHA
  ECHT ECHR CPUC SMBP EEMA ERMD CSRE ECS  ERDC DEFE MSPT GRHB PCHA
  
 CHARMM>       resdistance reset
  RESDIST: Restrained distances restraints reset.
 RESDIST:  Current number of restraints=   0
  
 CHARMM>       resdistance kval 2000.0 rval @rc -
 CHARMM>       1.0 @atom1 @atom2 -1.0 @atom3 @atom4
 Parameter: RC -> "1.1"
 Parameter: ATOM1 -> "HETA 223 C1"
 Parameter: ATOM2 -> "HETA 223 C8"
 Parameter: ATOM3 -> "HETA 223 C3"
 Parameter: ATOM4 -> "HETA 223 O4"
 REDSET: Adding restraint     1  KVAL=  2000.000 RVAL=     1.100
     Number of atom pairs=   2 Global Exponent=   2 Internal Exponent=   1 One sided mode= 0
      atom pair:  5685 HETA     223      C1       5695 HETA     223      C8         distance factor=      1.0000
      atom pair:  5687 HETA     223      C3       5697 HETA     223      O4         distance factor=     -1.0000
 RESDIST:  Current number of restraints=   1
  
 CHARMM>       mini abnr nstep 2000 tolitr 2000 tolgrd 0.2 nprint 2000

 SELECTED IMAGES ATOMS BEING CENTERED ABOUT  0.000000  0.000000  0.000000

 <MKIMAT2>: updating the image atom lists and remapping
 Transformation   Atoms  Groups  Residues  Min-Distance
    1  N1N1N1R1 has       0       0       0        1.65
    2  N1Z0N1R1 has       0       0       0        0.89
    3  N1P1N1R1 has       0       0       0        2.98
    4  Z0N1N1R1 has       0       0       0        0.85
    5  Z0Z0N1R1 has       0       0       0        0.00
    6  Z0P1N1R1 has       0       0       0        0.12
    7  N1N1Z0R1 has       0       0       0        0.83
    8  N1Z0Z0R1 has       0       0       0        0.00
    9  N1P1Z0R1 has       0       0       0        1.61
   10  Z0N1Z0R1 has       0       0       0        0.00
   12  N1N1P1R1 has       0       0       0        1.50
   13  N1Z0P1R1 has       0       0       0        0.91
   14  N1P1P1R1 has       0       0       0        2.92
 Total of53479 atoms and17627 groups and16343 residues were included

 <MAKGRP> found      0 image group exclusions.

 NONBOND OPTION FLAGS: 
     ELEC     VDW      GROUps   CDIElec  SWITch   VGROup   VSWItch 
     BYGRoup  NOEXtnd  EWALd   
 CUTNB  = 14.000 CTEXNB =999.000 CTONNB = 12.000 CTOFNB = 13.000
 CGONNB =  0.000 CGOFNB = 10.000
 WMIN   =  0.500 WRNMXD =  0.500 E14FAC =  1.000 EPS    =  1.000
 NBXMOD =      5
 PME EWALD OPTIONS: KAPPA  =  0.340  QCOR =  0.000  Bspline order = 6
 FFTX=  90  FFTY=  90  FFTZ=  90
                Using Pub FFT
                Real-to-Complex FFT
 There are        0 atom  pairs and    78977 atom  exclusions.
 There are    49506 group pairs and     4702 group exclusions.
 Generating nonbond list with Exclusion mode = 5
 == PRIMARY == SPACE FOR 15367279 ATOM PAIRS AND  3080142 GROUP PAIRS

 General group nonbond list generation found:
    49846 GROUP PAIRS WERE FOUND FOR GROUP LIST
  3089456 GROUP PAIRS WERE BEYOND CUTOFFS
152225076 GROUP PAIRS WERE NOT SELECTED
 SPACE FOR        0 ATOM PAIRS AND  1676038 GROUP PAIRS

 Image group nonbond list generation found:
        0 GROUP PAIRS WERE FOUND FOR GROUP LIST
        0 GROUP PAIRS WERE BEYOND CUTOFFS
 GUPQME>    339 unique QM molecule-MM group interactions generated.
 GUPQME>      0 QM/MM group exclusions generated.
 GUPQMV>    339 group interactions generated for  17627 groups.


 ABNER> An energy minimization has been requested.

 EIGRNG =    0.0005000   MINDIM =            5
 NPRINT =         2000   NSTEP  =         2000
 PSTRCT =    0.0000000   SDSTP  =    0.0200000
 STPLIM =    1.0000000   STRICT =    0.1000000
 TOLFUN =    0.0000000   TOLGRD =    0.2000000
 TOLITR =         2000   TOLSTP =    0.0000000
 FMEM   =    0.0000000
MINI MIN: Cycle      ENERgy      Delta-E         GRMS    Step-size
MINI INTERN:          BONDs       ANGLes       UREY-b    DIHEdrals    IMPRopers
MINI CROSS:           CMAPs        PMF1D        PMF2D        PRIMO
MINI EXTERN:        VDWaals         ELEC       HBONds          ASP         USER
MINI EWALD:          EWKSum       EWSElf       EWEXcl       EWQCor       EWUTil
MINI CONSTR:       HARMonic    CDIHedral          CIC     RESDistance       NOE
MINI QUANTUM:        QMELec        QMVDw  
 ----------       ---------    ---------    ---------    ---------    ---------
MINI>        0 -35123.59678     -7.66098      9.10788      0.00000
MINI INTERN>       30.96720     86.54942      4.56869    285.18900      7.12042
MINI CROSS>       -16.89184      0.00000      0.00000      0.00000
MINI EXTERN>     -257.06462   -823.30860      0.00000      0.00000      0.00000
MINI EWALD>       2763.0939-1098967.0736 1062381.5305       0.0000       0.0000
MINI CONSTR>        0.00000      0.00000      0.00000      7.66098      0.00000
MINI QUANTM>     -603.44728    -22.49083
 ----------       ---------    ---------    ---------    ---------    ---------

 ABNER> Minimization exiting with gradient tolerance ( 0.2000000) satisfied.

ABNR MIN: Cycle      ENERgy      Delta-E         GRMS    Step-size
ABNR INTERN:          BONDs       ANGLes       UREY-b    DIHEdrals    IMPRopers
ABNR CROSS:           CMAPs        PMF1D        PMF2D        PRIMO
ABNR EXTERN:        VDWaals         ELEC       HBONds          ASP         USER
ABNR EWALD:          EWKSum       EWSElf       EWEXcl       EWQCor       EWUTil
ABNR CONSTR:       HARMonic    CDIHedral          CIC     RESDistance       NOE
ABNR QUANTUM:        QMELec        QMVDw  
 ----------       ---------    ---------    ---------    ---------    ---------
ABNR>       19 -35133.10056      9.50379      0.15379      0.00285
ABNR INTERN>       30.97510     86.61424      4.57199    285.15334      7.12166
ABNR CROSS>       -16.88561      0.00000      0.00000      0.00000
ABNR EXTERN>     -257.20778   -823.29061      0.00000      0.00000      0.00000
ABNR EWALD>       2763.1275-1098967.0736 1062381.5228       0.0000       0.0000
ABNR CONSTR>        0.00000      0.00000      0.00000      0.07114      0.00000
ABNR QUANTM>     -605.44309    -22.35761
 ----------       ---------    ---------    ---------    ---------    ---------
  
 CHARMM>       skip resd
 SKIPE> The following energy terms will be computed :
  BOND ANGL UREY DIHE IMPR VDW  ELEC HBON USER HARM CDIH CIC  CDRO NOE  SBOU
  IMNB IMEL IMHB EWKS EWSE EXTE RXNF ST2  IMST TSM  QMEL QMVD ASP  EHAR GEO 
  MDIP PINT PRMS PANG SSBP BK4D SHEL SHAP STRB OOPL PULL POLA DMC  RGY  EWEX
  EWQC EWUT PBEL PBNP MBDE STRS BNDB BNDT EBST MBST BBT  SST  GBEN HMCM ADUM
  HYDR GSBP FQPO GRVD GREL SASL CMAP ELRC OLAP UMBR RREP RPHO RHBN RBDO RBAC
  RARO PHEN MMPT VMOD CROS FCTP FCTN PATH PMF1 PMF2 PRIM VALB ECHD ECHA ECHT
  ECHR CPUC SMBP EEMA ERMD CSRE ECS  ERDC DEFE MSPT GRHB PCHA
  
 CHARMM>       energy

 SELECTED IMAGES ATOMS BEING CENTERED ABOUT  0.000000  0.000000  0.000000

 <MKIMAT2>: updating the image atom lists and remapping
 Transformation   Atoms  Groups  Residues  Min-Distance
    1  N1N1N1R1 has       0       0       0        1.65
    2  N1Z0N1R1 has       0       0       0        0.89
    3  N1P1N1R1 has       0       0       0        2.98
    4  Z0N1N1R1 has       0       0       0        0.85
    5  Z0Z0N1R1 has       0       0       0        0.00
    6  Z0P1N1R1 has       0       0       0        0.12
    7  N1N1Z0R1 has       0       0       0        0.83
    8  N1Z0Z0R1 has       0       0       0        0.00
    9  N1P1Z0R1 has       0       0       0        1.61
   10  Z0N1Z0R1 has       0       0       0        0.00
   12  N1N1P1R1 has       0       0       0        1.50
   13  N1Z0P1R1 has       0       0       0        0.91
   14  N1P1P1R1 has       0       0       0        2.92
 Total of53479 atoms and17627 groups and16343 residues were included

 <MAKGRP> found      0 image group exclusions.

 NONBOND OPTION FLAGS: 
     ELEC     VDW      GROUps   CDIElec  SWITch   VGROup   VSWItch 
     BYGRoup  NOEXtnd  EWALd   
 CUTNB  = 14.000 CTEXNB =999.000 CTONNB = 12.000 CTOFNB = 13.000
 CGONNB =  0.000 CGOFNB = 10.000
 WMIN   =  0.500 WRNMXD =  0.500 E14FAC =  1.000 EPS    =  1.000
 NBXMOD =      5
 PME EWALD OPTIONS: KAPPA  =  0.340  QCOR =  0.000  Bspline order = 6
 FFTX=  90  FFTY=  90  FFTZ=  90
                Using Pub FFT
                Real-to-Complex FFT
 There are        0 atom  pairs and    78977 atom  exclusions.
 There are    49506 group pairs and     4702 group exclusions.
 Generating nonbond list with Exclusion mode = 5
 == PRIMARY == SPACE FOR 15367279 ATOM PAIRS AND  3080142 GROUP PAIRS

 General group nonbond list generation found:
    49839 GROUP PAIRS WERE FOUND FOR GROUP LIST
  3089463 GROUP PAIRS WERE BEYOND CUTOFFS
152225076 GROUP PAIRS WERE NOT SELECTED
 SPACE FOR        0 ATOM PAIRS AND  1676038 GROUP PAIRS

 Image group nonbond list generation found:
        0 GROUP PAIRS WERE FOUND FOR GROUP LIST
        0 GROUP PAIRS WERE BEYOND CUTOFFS
 GUPQME>    339 unique QM molecule-MM group interactions generated.
 GUPQME>      0 QM/MM group exclusions generated.
 GUPQMV>    339 group interactions generated for  17627 groups.
ENER ENR:  Eval#     ENERgy      Delta-E         GRMS
ENER INTERN:          BONDs       ANGLes       UREY-b    DIHEdrals    IMPRopers
ENER CROSS:           CMAPs        PMF1D        PMF2D        PRIMO
ENER EXTERN:        VDWaals         ELEC       HBONds          ASP         USER
ENER EWALD:          EWKSum       EWSElf       EWEXcl       EWQCor       EWUTil
ENER QUANTUM:        QMELec        QMVDw  
 ----------       ---------    ---------    ---------    ---------    ---------
ENER>        0 -35133.17170      0.07114      0.85250
ENER INTERN>       30.97510     86.61424      4.57199    285.15334      7.12166
ENER CROSS>       -16.88561      0.00000      0.00000      0.00000
ENER EXTERN>     -257.20778   -823.29061      0.00000      0.00000      0.00000
ENER EWALD>       2763.1275-1098967.0736 1062381.5228       0.0000       0.0000
ENER QUANTM>     -605.44309    -22.35761
 ----------       ---------    ---------    ---------    ---------    ---------
  
 CHARMM>       print resdistance
REDWRI:  Number of distance restraints=   1  Overall scale factor=      1.0000

 REDWRI: Evaluating restraint     1  KVAL=  2000.000 RVAL=     1.100
    Number of atom pairs=   2 Global Exponent=   2 Internal Exponent=   1 One sided mode= 0
      atom pair:  5685 HETA     223      C1       5695 HETA     223      C8         distance factor=      1.0000  Current distance=      2.594472
      atom pair:  5687 HETA     223      C3       5697 HETA     223      O4         distance factor=     -1.0000  Current distance=      1.486038
      Distance deviation=      0.008435  Energy=       0.07114 Force=      16.86915

 REDWRI:  Current number of restraints=   1

  
 CHARMM>       trajectory write
  
 CHARMM>       increase n by 1
 Parameter: N <- "33"
  
 CHARMM>       increase rc by 0.1
 Parameter: RC <- "1.2"
  
 CHARMM>    if rc le 2.0 goto loop
 Comparing "1.2" and "2.0".
 IF test evaluated as true.  Performing command
  
 CHARMM>       skip none
 SKIPE> The following energy terms will be computed :
  BOND ANGL UREY DIHE IMPR VDW  ELEC HBON USER HARM CDIH CIC  CDRO NOE  SBOU
  IMNB IMEL IMHB EWKS EWSE EXTE RXNF ST2  IMST TSM  QMEL QMVD ASP  EHAR GEO 
  MDIP PINT PRMS PANG SSBP BK4D SHEL RESD SHAP STRB OOPL PULL POLA DMC  RGY 
  EWEX EWQC EWUT PBEL PBNP MBDE STRS BNDB BNDT EBST MBST BBT  SST  GBEN HMCM
  ADUM HYDR GSBP FQPO GRVD GREL SASL CMAP ELRC OLAP UMBR RREP RPHO RHBN RBDO
  RBAC RARO PHEN MMPT VMOD CROS FCTP FCTN PATH PMF1 PMF2 PRIM VALB ECHD ECHA
  ECHT ECHR CPUC SMBP EEMA ERMD CSRE ECS  ERDC DEFE MSPT GRHB PCHA
  
 CHARMM>       resdistance reset
  RESDIST: Restrained distances restraints reset.
 RESDIST:  Current number of restraints=   0
  
 CHARMM>       resdistance kval 2000.0 rval @rc -
 CHARMM>       1.0 @atom1 @atom2 -1.0 @atom3 @atom4
 Parameter: RC -> "1.2"
 Parameter: ATOM1 -> "HETA 223 C1"
 Parameter: ATOM2 -> "HETA 223 C8"
 Parameter: ATOM3 -> "HETA 223 C3"
 Parameter: ATOM4 -> "HETA 223 O4"
 REDSET: Adding restraint     1  KVAL=  2000.000 RVAL=     1.200
     Number of atom pairs=   2 Global Exponent=   2 Internal Exponent=   1 One sided mode= 0
      atom pair:  5685 HETA     223      C1       5695 HETA     223      C8         distance factor=      1.0000
      atom pair:  5687 HETA     223      C3       5697 HETA     223      O4         distance factor=     -1.0000
 RESDIST:  Current number of restraints=   1
  
 CHARMM>       mini abnr nstep 2000 tolitr 2000 tolgrd 0.2 nprint 2000

 SELECTED IMAGES ATOMS BEING CENTERED ABOUT  0.000000  0.000000  0.000000

 <MKIMAT2>: updating the image atom lists and remapping
 Transformation   Atoms  Groups  Residues  Min-Distance
    1  N1N1N1R1 has       0       0       0        1.65
    2  N1Z0N1R1 has       0       0       0        0.89
    3  N1P1N1R1 has       0       0       0        2.98
    4  Z0N1N1R1 has       0       0       0        0.85
    5  Z0Z0N1R1 has       0       0       0        0.00
    6  Z0P1N1R1 has       0       0       0        0.12
    7  N1N1Z0R1 has       0       0       0        0.83
    8  N1Z0Z0R1 has       0       0       0        0.00
    9  N1P1Z0R1 has       0       0       0        1.61
   10  Z0N1Z0R1 has       0       0       0        0.00
   12  N1N1P1R1 has       0       0       0        1.50
   13  N1Z0P1R1 has       0       0       0        0.91
   14  N1P1P1R1 has       0       0       0        2.92
 Total of53479 atoms and17627 groups and16343 residues were included

 <MAKGRP> found      0 image group exclusions.

 NONBOND OPTION FLAGS: 
     ELEC     VDW      GROUps   CDIElec  SWITch   VGROup   VSWItch 
     BYGRoup  NOEXtnd  EWALd   
 CUTNB  = 14.000 CTEXNB =999.000 CTONNB = 12.000 CTOFNB = 13.000
 CGONNB =  0.000 CGOFNB = 10.000
 WMIN   =  0.500 WRNMXD =  0.500 E14FAC =  1.000 EPS    =  1.000
 NBXMOD =      5
 PME EWALD OPTIONS: KAPPA  =  0.340  QCOR =  0.000  Bspline order = 6
 FFTX=  90  FFTY=  90  FFTZ=  90
                Using Pub FFT
                Real-to-Complex FFT
 There are        0 atom  pairs and    78977 atom  exclusions.
 There are    49499 group pairs and     4702 group exclusions.
 Generating nonbond list with Exclusion mode = 5
 == PRIMARY == SPACE FOR 15367279 ATOM PAIRS AND  3080142 GROUP PAIRS

 General group nonbond list generation found:
    49839 GROUP PAIRS WERE FOUND FOR GROUP LIST
  3089463 GROUP PAIRS WERE BEYOND CUTOFFS
152225076 GROUP PAIRS WERE NOT SELECTED
 SPACE FOR        0 ATOM PAIRS AND  1676038 GROUP PAIRS

 Image group nonbond list generation found:
        0 GROUP PAIRS WERE FOUND FOR GROUP LIST
        0 GROUP PAIRS WERE BEYOND CUTOFFS
 GUPQME>    339 unique QM molecule-MM group interactions generated.
 GUPQME>      0 QM/MM group exclusions generated.
 GUPQMV>    339 group interactions generated for  17627 groups.


 ABNER> An energy minimization has been requested.

 EIGRNG =    0.0005000   MINDIM =            5
 NPRINT =         2000   NSTEP  =         2000
 PSTRCT =    0.0000000   SDSTP  =    0.0200000
 STPLIM =    1.0000000   STRICT =    0.1000000
 TOLFUN =    0.0000000   TOLGRD =    0.2000000
 TOLITR =         2000   TOLSTP =    0.0000000
 FMEM   =    0.0000000
MINI MIN: Cycle      ENERgy      Delta-E         GRMS    Step-size
MINI INTERN:          BONDs       ANGLes       UREY-b    DIHEdrals    IMPRopers
MINI CROSS:           CMAPs        PMF1D        PMF2D        PRIMO
MINI EXTERN:        VDWaals         ELEC       HBONds          ASP         USER
MINI EWALD:          EWKSum       EWSElf       EWEXcl       EWQCor       EWUTil
MINI CONSTR:       HARMonic    CDIHedral          CIC     RESDistance       NOE
MINI QUANTUM:        QMELec        QMVDw  
 ----------       ---------    ---------    ---------    ---------    ---------
MINI>        0 -35124.78748     -8.38423      9.30702      0.00000
MINI INTERN>       30.97510     86.61424      4.57199    285.15334      7.12166
MINI CROSS>       -16.88561      0.00000      0.00000      0.00000
MINI EXTERN>     -257.20778   -823.29061      0.00000      0.00000      0.00000
MINI EWALD>       2763.1275-1098967.0736 1062381.5228       0.0000       0.0000
MINI CONSTR>        0.00000      0.00000      0.00000      8.38423      0.00000
MINI QUANTM>     -605.44309    -22.35761
 ----------       ---------    ---------    ---------    ---------    ---------

 ABNER> Minimization exiting with gradient tolerance ( 0.2000000) satisfied.

ABNR MIN: Cycle      ENERgy      Delta-E         GRMS    Step-size
ABNR INTERN:          BONDs       ANGLes       UREY-b    DIHEdrals    IMPRopers
ABNR CROSS:           CMAPs        PMF1D        PMF2D        PRIMO
ABNR EXTERN:        VDWaals         ELEC       HBONds          ASP         USER
ABNR EWALD:          EWKSum       EWSElf       EWEXcl       EWQCor       EWUTil
ABNR CONSTR:       HARMonic    CDIHedral          CIC     RESDistance       NOE
ABNR QUANTUM:        QMELec        QMVDw  
 ----------       ---------    ---------    ---------    ---------    ---------
ABNR>       18 -35134.62343      9.83595      0.11419      0.00527
ABNR INTERN>       30.96766     86.66316      4.56456    285.13650      7.10971
ABNR CROSS>       -16.89165      0.00000      0.00000      0.00000
ABNR EXTERN>     -257.03465   -823.49498      0.00000      0.00000      0.00000
ABNR EWALD>       2763.0865-1098967.0736 1062381.5270       0.0000       0.0000
ABNR CONSTR>        0.00000      0.00000      0.00000      0.04947      0.00000
ABNR QUANTM>     -606.96968    -22.26333
 ----------       ---------    ---------    ---------    ---------    ---------
  
 CHARMM>       skip resd
 SKIPE> The following energy terms will be computed :
  BOND ANGL UREY DIHE IMPR VDW  ELEC HBON USER HARM CDIH CIC  CDRO NOE  SBOU
  IMNB IMEL IMHB EWKS EWSE EXTE RXNF ST2  IMST TSM  QMEL QMVD ASP  EHAR GEO 
  MDIP PINT PRMS PANG SSBP BK4D SHEL SHAP STRB OOPL PULL POLA DMC  RGY  EWEX
  EWQC EWUT PBEL PBNP MBDE STRS BNDB BNDT EBST MBST BBT  SST  GBEN HMCM ADUM
  HYDR GSBP FQPO GRVD GREL SASL CMAP ELRC OLAP UMBR RREP RPHO RHBN RBDO RBAC
  RARO PHEN MMPT VMOD CROS FCTP FCTN PATH PMF1 PMF2 PRIM VALB ECHD ECHA ECHT
  ECHR CPUC SMBP EEMA ERMD CSRE ECS  ERDC DEFE MSPT GRHB PCHA
  
 CHARMM>       energy

 SELECTED IMAGES ATOMS BEING CENTERED ABOUT  0.000000  0.000000  0.000000

 <MKIMAT2>: updating the image atom lists and remapping
 Transformation   Atoms  Groups  Residues  Min-Distance
    1  N1N1N1R1 has       0       0       0        1.65
    2  N1Z0N1R1 has       0       0       0        0.89
    3  N1P1N1R1 has       0       0       0        2.98
    4  Z0N1N1R1 has       0       0       0        0.85
    5  Z0Z0N1R1 has       0       0       0        0.00
    6  Z0P1N1R1 has       0       0       0        0.12
    7  N1N1Z0R1 has       0       0       0        0.83
    8  N1Z0Z0R1 has       0       0       0        0.00
    9  N1P1Z0R1 has       0       0       0        1.61
   10  Z0N1Z0R1 has       0       0       0        0.00
   12  N1N1P1R1 has       0       0       0        1.50
   13  N1Z0P1R1 has       0       0       0        0.91
   14  N1P1P1R1 has       0       0       0        2.92
 Total of53479 atoms and17627 groups and16343 residues were included

 <MAKGRP> found      0 image group exclusions.

 NONBOND OPTION FLAGS: 
     ELEC     VDW      GROUps   CDIElec  SWITch   VGROup   VSWItch 
     BYGRoup  NOEXtnd  EWALd   
 CUTNB  = 14.000 CTEXNB =999.000 CTONNB = 12.000 CTOFNB = 13.000
 CGONNB =  0.000 CGOFNB = 10.000
 WMIN   =  0.500 WRNMXD =  0.500 E14FAC =  1.000 EPS    =  1.000
 NBXMOD =      5
 PME EWALD OPTIONS: KAPPA  =  0.340  QCOR =  0.000  Bspline order = 6
 FFTX=  90  FFTY=  90  FFTZ=  90
                Using Pub FFT
                Real-to-Complex FFT
 There are        0 atom  pairs and    78977 atom  exclusions.
 There are    49499 group pairs and     4702 group exclusions.
 Generating nonbond list with Exclusion mode = 5
 == PRIMARY == SPACE FOR 15367279 ATOM PAIRS AND  3080142 GROUP PAIRS

 General group nonbond list generation found:
    49843 GROUP PAIRS WERE FOUND FOR GROUP LIST
  3089459 GROUP PAIRS WERE BEYOND CUTOFFS
152225076 GROUP PAIRS WERE NOT SELECTED
 SPACE FOR        0 ATOM PAIRS AND  1676038 GROUP PAIRS

 Image group nonbond list generation found:
        0 GROUP PAIRS WERE FOUND FOR GROUP LIST
        0 GROUP PAIRS WERE BEYOND CUTOFFS
 GUPQME>    339 unique QM molecule-MM group interactions generated.
 GUPQME>      0 QM/MM group exclusions generated.
 GUPQMV>    339 group interactions generated for  17627 groups.
ENER ENR:  Eval#     ENERgy      Delta-E         GRMS
ENER INTERN:          BONDs       ANGLes       UREY-b    DIHEdrals    IMPRopers
ENER CROSS:           CMAPs        PMF1D        PMF2D        PRIMO
ENER EXTERN:        VDWaals         ELEC       HBONds          ASP         USER
ENER EWALD:          EWKSum       EWSElf       EWEXcl       EWQCor       EWUTil
ENER QUANTUM:        QMELec        QMVDw  
 ----------       ---------    ---------    ---------    ---------    ---------
ENER>        0 -35134.67290      0.04947      0.65394
ENER INTERN>       30.96766     86.66316      4.56456    285.13650      7.10971
ENER CROSS>       -16.89165      0.00000      0.00000      0.00000
ENER EXTERN>     -257.03465   -823.49498      0.00000      0.00000      0.00000
ENER EWALD>       2763.0865-1098967.0736 1062381.5270       0.0000       0.0000
ENER QUANTM>     -606.96968    -22.26333
 ----------       ---------    ---------    ---------    ---------    ---------
  
 CHARMM>       print resdistance
REDWRI:  Number of distance restraints=   1  Overall scale factor=      1.0000

 REDWRI: Evaluating restraint     1  KVAL=  2000.000 RVAL=     1.200
    Number of atom pairs=   2 Global Exponent=   2 Internal Exponent=   1 One sided mode= 0
      atom pair:  5685 HETA     223      C1       5695 HETA     223      C8         distance factor=      1.0000  Current distance=      2.683284
      atom pair:  5687 HETA     223      C3       5697 HETA     223      O4         distance factor=     -1.0000  Current distance=      1.476250
      Distance deviation=      0.007034  Energy=       0.04947 Force=      14.06713

 REDWRI:  Current number of restraints=   1

  
 CHARMM>       trajectory write
  
 CHARMM>       increase n by 1
 Parameter: N <- "34"
  
 CHARMM>       increase rc by 0.1
 Parameter: RC <- "1.3"
  
 CHARMM>    if rc le 2.0 goto loop
 Comparing "1.3" and "2.0".
 IF test evaluated as true.  Performing command
  
 CHARMM>       skip none
 SKIPE> The following energy terms will be computed :
  BOND ANGL UREY DIHE IMPR VDW  ELEC HBON USER HARM CDIH CIC  CDRO NOE  SBOU
  IMNB IMEL IMHB EWKS EWSE EXTE RXNF ST2  IMST TSM  QMEL QMVD ASP  EHAR GEO 
  MDIP PINT PRMS PANG SSBP BK4D SHEL RESD SHAP STRB OOPL PULL POLA DMC  RGY 
  EWEX EWQC EWUT PBEL PBNP MBDE STRS BNDB BNDT EBST MBST BBT  SST  GBEN HMCM
  ADUM HYDR GSBP FQPO GRVD GREL SASL CMAP ELRC OLAP UMBR RREP RPHO RHBN RBDO
  RBAC RARO PHEN MMPT VMOD CROS FCTP FCTN PATH PMF1 PMF2 PRIM VALB ECHD ECHA
  ECHT ECHR CPUC SMBP EEMA ERMD CSRE ECS  ERDC DEFE MSPT GRHB PCHA
  
 CHARMM>       resdistance reset
  RESDIST: Restrained distances restraints reset.
 RESDIST:  Current number of restraints=   0
  
 CHARMM>       resdistance kval 2000.0 rval @rc -
 CHARMM>       1.0 @atom1 @atom2 -1.0 @atom3 @atom4
 Parameter: RC -> "1.3"
 Parameter: ATOM1 -> "HETA 223 C1"
 Parameter: ATOM2 -> "HETA 223 C8"
 Parameter: ATOM3 -> "HETA 223 C3"
 Parameter: ATOM4 -> "HETA 223 O4"
 REDSET: Adding restraint     1  KVAL=  2000.000 RVAL=     1.300
     Number of atom pairs=   2 Global Exponent=   2 Internal Exponent=   1 One sided mode= 0
      atom pair:  5685 HETA     223      C1       5695 HETA     223      C8         distance factor=      1.0000
      atom pair:  5687 HETA     223      C3       5697 HETA     223      O4         distance factor=     -1.0000
 RESDIST:  Current number of restraints=   1
  
 CHARMM>       mini abnr nstep 2000 tolitr 2000 tolgrd 0.2 nprint 2000

 SELECTED IMAGES ATOMS BEING CENTERED ABOUT  0.000000  0.000000  0.000000

 <MKIMAT2>: updating the image atom lists and remapping
 Transformation   Atoms  Groups  Residues  Min-Distance
    1  N1N1N1R1 has       0       0       0        1.65
    2  N1Z0N1R1 has       0       0       0        0.89
    3  N1P1N1R1 has       0       0       0        2.98
    4  Z0N1N1R1 has       0       0       0        0.85
    5  Z0Z0N1R1 has       0       0       0        0.00
    6  Z0P1N1R1 has       0       0       0        0.12
    7  N1N1Z0R1 has       0       0       0        0.83
    8  N1Z0Z0R1 has       0       0       0        0.00
    9  N1P1Z0R1 has       0       0       0        1.61
   10  Z0N1Z0R1 has       0       0       0        0.00
   12  N1N1P1R1 has       0       0       0        1.50
   13  N1Z0P1R1 has       0       0       0        0.91
   14  N1P1P1R1 has       0       0       0        2.92
 Total of53479 atoms and17627 groups and16343 residues were included

 <MAKGRP> found      0 image group exclusions.

 NONBOND OPTION FLAGS: 
     ELEC     VDW      GROUps   CDIElec  SWITch   VGROup   VSWItch 
     BYGRoup  NOEXtnd  EWALd   
 CUTNB  = 14.000 CTEXNB =999.000 CTONNB = 12.000 CTOFNB = 13.000
 CGONNB =  0.000 CGOFNB = 10.000
 WMIN   =  0.500 WRNMXD =  0.500 E14FAC =  1.000 EPS    =  1.000
 NBXMOD =      5
 PME EWALD OPTIONS: KAPPA  =  0.340  QCOR =  0.000  Bspline order = 6
 FFTX=  90  FFTY=  90  FFTZ=  90
                Using Pub FFT
                Real-to-Complex FFT
 There are        0 atom  pairs and    78977 atom  exclusions.
 There are    49503 group pairs and     4702 group exclusions.
 Generating nonbond list with Exclusion mode = 5
 == PRIMARY == SPACE FOR 15367279 ATOM PAIRS AND  3080142 GROUP PAIRS

 General group nonbond list generation found:
    49843 GROUP PAIRS WERE FOUND FOR GROUP LIST
  3089459 GROUP PAIRS WERE BEYOND CUTOFFS
152225076 GROUP PAIRS WERE NOT SELECTED
 SPACE FOR        0 ATOM PAIRS AND  1676038 GROUP PAIRS

 Image group nonbond list generation found:
        0 GROUP PAIRS WERE FOUND FOR GROUP LIST
        0 GROUP PAIRS WERE BEYOND CUTOFFS
 GUPQME>    339 unique QM molecule-MM group interactions generated.
 GUPQME>      0 QM/MM group exclusions generated.
 GUPQMV>    339 group interactions generated for  17627 groups.


 ABNER> An energy minimization has been requested.

 EIGRNG =    0.0005000   MINDIM =            5
 NPRINT =         2000   NSTEP  =         2000
 PSTRCT =    0.0000000   SDSTP  =    0.0200000
 STPLIM =    1.0000000   STRICT =    0.1000000
 TOLFUN =    0.0000000   TOLGRD =    0.2000000
 TOLITR =         2000   TOLSTP =    0.0000000
 FMEM   =    0.0000000
MINI MIN: Cycle      ENERgy      Delta-E         GRMS    Step-size
MINI INTERN:          BONDs       ANGLes       UREY-b    DIHEdrals    IMPRopers
MINI CROSS:           CMAPs        PMF1D        PMF2D        PRIMO
MINI EXTERN:        VDWaals         ELEC       HBONds          ASP         USER
MINI EWALD:          EWKSum       EWSElf       EWEXcl       EWQCor       EWUTil
MINI CONSTR:       HARMonic    CDIHedral          CIC     RESDistance       NOE
MINI QUANTUM:        QMELec        QMVDw  
 ----------       ---------    ---------    ---------    ---------    ---------
MINI>        0 -35126.03014     -8.64276      9.23938      0.00000
MINI INTERN>       30.96766     86.66316      4.56456    285.13650      7.10971
MINI CROSS>       -16.89165      0.00000      0.00000      0.00000
MINI EXTERN>     -257.03465   -823.49498      0.00000      0.00000      0.00000
MINI EWALD>       2763.0865-1098967.0736 1062381.5270       0.0000       0.0000
MINI CONSTR>        0.00000      0.00000      0.00000      8.64276      0.00000
MINI QUANTM>     -606.96968    -22.26333
 ----------       ---------    ---------    ---------    ---------    ---------

 ABNER> Minimization exiting with gradient tolerance ( 0.2000000) satisfied.

ABNR MIN: Cycle      ENERgy      Delta-E         GRMS    Step-size
ABNR INTERN:          BONDs       ANGLes       UREY-b    DIHEdrals    IMPRopers
ABNR CROSS:           CMAPs        PMF1D        PMF2D        PRIMO
ABNR EXTERN:        VDWaals         ELEC       HBONds          ASP         USER
ABNR EWALD:          EWKSum       EWSElf       EWEXcl       EWQCor       EWUTil
ABNR CONSTR:       HARMonic    CDIHedral          CIC     RESDistance       NOE
ABNR QUANTUM:        QMELec        QMVDw  
 ----------       ---------    ---------    ---------    ---------    ---------
ABNR>       20 -35135.73759      9.70745      0.18447      0.00562
ABNR INTERN>       30.96093     86.68990      4.56543    285.12303      7.10923
ABNR CROSS>       -16.89599      0.00000      0.00000      0.00000
ABNR EXTERN>     -256.99280   -823.57314      0.00000      0.00000      0.00000
ABNR EWALD>       2763.0582-1098967.0736 1062381.5278       0.0000       0.0000
ABNR CONSTR>        0.00000      0.00000      0.00000      0.01980      0.00000
ABNR QUANTM>     -608.12040    -22.13594
 ----------       ---------    ---------    ---------    ---------    ---------
  
 CHARMM>       skip resd
 SKIPE> The following energy terms will be computed :
  BOND ANGL UREY DIHE IMPR VDW  ELEC HBON USER HARM CDIH CIC  CDRO NOE  SBOU
  IMNB IMEL IMHB EWKS EWSE EXTE RXNF ST2  IMST TSM  QMEL QMVD ASP  EHAR GEO 
  MDIP PINT PRMS PANG SSBP BK4D SHEL SHAP STRB OOPL PULL POLA DMC  RGY  EWEX
  EWQC EWUT PBEL PBNP MBDE STRS BNDB BNDT EBST MBST BBT  SST  GBEN HMCM ADUM
  HYDR GSBP FQPO GRVD GREL SASL CMAP ELRC OLAP UMBR RREP RPHO RHBN RBDO RBAC
  RARO PHEN MMPT VMOD CROS FCTP FCTN PATH PMF1 PMF2 PRIM VALB ECHD ECHA ECHT
  ECHR CPUC SMBP EEMA ERMD CSRE ECS  ERDC DEFE MSPT GRHB PCHA
  
 CHARMM>       energy

 SELECTED IMAGES ATOMS BEING CENTERED ABOUT  0.000000  0.000000  0.000000

 <MKIMAT2>: updating the image atom lists and remapping
 Transformation   Atoms  Groups  Residues  Min-Distance
    1  N1N1N1R1 has       0       0       0        1.65
    2  N1Z0N1R1 has       0       0       0        0.89
    3  N1P1N1R1 has       0       0       0        2.98
    4  Z0N1N1R1 has       0       0       0        0.85
    5  Z0Z0N1R1 has       0       0       0        0.00
    6  Z0P1N1R1 has       0       0       0        0.12
    7  N1N1Z0R1 has       0       0       0        0.83
    8  N1Z0Z0R1 has       0       0       0        0.00
    9  N1P1Z0R1 has       0       0       0        1.61
   10  Z0N1Z0R1 has       0       0       0        0.00
   12  N1N1P1R1 has       0       0       0        1.50
   13  N1Z0P1R1 has       0       0       0        0.91
   14  N1P1P1R1 has       0       0       0        2.92
 Total of53479 atoms and17627 groups and16343 residues were included

 <MAKGRP> found      0 image group exclusions.

 NONBOND OPTION FLAGS: 
     ELEC     VDW      GROUps   CDIElec  SWITch   VGROup   VSWItch 
     BYGRoup  NOEXtnd  EWALd   
 CUTNB  = 14.000 CTEXNB =999.000 CTONNB = 12.000 CTOFNB = 13.000
 CGONNB =  0.000 CGOFNB = 10.000
 WMIN   =  0.500 WRNMXD =  0.500 E14FAC =  1.000 EPS    =  1.000
 NBXMOD =      5
 PME EWALD OPTIONS: KAPPA  =  0.340  QCOR =  0.000  Bspline order = 6
 FFTX=  90  FFTY=  90  FFTZ=  90
                Using Pub FFT
                Real-to-Complex FFT
 There are        0 atom  pairs and    78977 atom  exclusions.
 There are    49503 group pairs and     4702 group exclusions.
 Generating nonbond list with Exclusion mode = 5
 == PRIMARY == SPACE FOR 15367279 ATOM PAIRS AND  3080142 GROUP PAIRS

 General group nonbond list generation found:
    49844 GROUP PAIRS WERE FOUND FOR GROUP LIST
  3089458 GROUP PAIRS WERE BEYOND CUTOFFS
152225076 GROUP PAIRS WERE NOT SELECTED
 SPACE FOR        0 ATOM PAIRS AND  1676038 GROUP PAIRS

 Image group nonbond list generation found:
        0 GROUP PAIRS WERE FOUND FOR GROUP LIST
        0 GROUP PAIRS WERE BEYOND CUTOFFS
 GUPQME>    340 unique QM molecule-MM group interactions generated.
 GUPQME>      0 QM/MM group exclusions generated.
 GUPQMV>    340 group interactions generated for  17627 groups.
ENER ENR:  Eval#     ENERgy      Delta-E         GRMS
ENER INTERN:          BONDs       ANGLes       UREY-b    DIHEdrals    IMPRopers
ENER CROSS:           CMAPs        PMF1D        PMF2D        PRIMO
ENER EXTERN:        VDWaals         ELEC       HBONds          ASP         USER
ENER EWALD:          EWKSum       EWSElf       EWEXcl       EWQCor       EWUTil
ENER QUANTUM:        QMELec        QMVDw  
 ----------       ---------    ---------    ---------    ---------    ---------
ENER>        0 -35135.75739      0.01980      0.47322
ENER INTERN>       30.96093     86.68990      4.56543    285.12303      7.10923
ENER CROSS>       -16.89599      0.00000      0.00000      0.00000
ENER EXTERN>     -256.99280   -823.57314      0.00000      0.00000      0.00000
ENER EWALD>       2763.0582-1098967.0736 1062381.5278       0.0000       0.0000
ENER QUANTM>     -608.12040    -22.13594
 ----------       ---------    ---------    ---------    ---------    ---------
  
 CHARMM>       print resdistance
REDWRI:  Number of distance restraints=   1  Overall scale factor=      1.0000

 REDWRI: Evaluating restraint     1  KVAL=  2000.000 RVAL=     1.300
    Number of atom pairs=   2 Global Exponent=   2 Internal Exponent=   1 One sided mode= 0
      atom pair:  5685 HETA     223      C1       5695 HETA     223      C8         distance factor=      1.0000  Current distance=      2.771639
      atom pair:  5687 HETA     223      C3       5697 HETA     223      O4         distance factor=     -1.0000  Current distance=      1.467189
      Distance deviation=      0.004450  Energy=       0.01980 Force=       8.89971

 REDWRI:  Current number of restraints=   1

  
 CHARMM>       trajectory write
  
 CHARMM>       increase n by 1
 Parameter: N <- "35"
  
 CHARMM>       increase rc by 0.1
 Parameter: RC <- "1.4"
  
 CHARMM>    if rc le 2.0 goto loop
 Comparing "1.4" and "2.0".
 IF test evaluated as true.  Performing command
  
 CHARMM>       skip none
 SKIPE> The following energy terms will be computed :
  BOND ANGL UREY DIHE IMPR VDW  ELEC HBON USER HARM CDIH CIC  CDRO NOE  SBOU
  IMNB IMEL IMHB EWKS EWSE EXTE RXNF ST2  IMST TSM  QMEL QMVD ASP  EHAR GEO 
  MDIP PINT PRMS PANG SSBP BK4D SHEL RESD SHAP STRB OOPL PULL POLA DMC  RGY 
  EWEX EWQC EWUT PBEL PBNP MBDE STRS BNDB BNDT EBST MBST BBT  SST  GBEN HMCM
  ADUM HYDR GSBP FQPO GRVD GREL SASL CMAP ELRC OLAP UMBR RREP RPHO RHBN RBDO
  RBAC RARO PHEN MMPT VMOD CROS FCTP FCTN PATH PMF1 PMF2 PRIM VALB ECHD ECHA
  ECHT ECHR CPUC SMBP EEMA ERMD CSRE ECS  ERDC DEFE MSPT GRHB PCHA
  
 CHARMM>       resdistance reset
  RESDIST: Restrained distances restraints reset.
 RESDIST:  Current number of restraints=   0
  
 CHARMM>       resdistance kval 2000.0 rval @rc -
 CHARMM>       1.0 @atom1 @atom2 -1.0 @atom3 @atom4
 Parameter: RC -> "1.4"
 Parameter: ATOM1 -> "HETA 223 C1"
 Parameter: ATOM2 -> "HETA 223 C8"
 Parameter: ATOM3 -> "HETA 223 C3"
 Parameter: ATOM4 -> "HETA 223 O4"
 REDSET: Adding restraint     1  KVAL=  2000.000 RVAL=     1.400
     Number of atom pairs=   2 Global Exponent=   2 Internal Exponent=   1 One sided mode= 0
      atom pair:  5685 HETA     223      C1       5695 HETA     223      C8         distance factor=      1.0000
      atom pair:  5687 HETA     223      C3       5697 HETA     223      O4         distance factor=     -1.0000
 RESDIST:  Current number of restraints=   1
  
 CHARMM>       mini abnr nstep 2000 tolitr 2000 tolgrd 0.2 nprint 2000

 SELECTED IMAGES ATOMS BEING CENTERED ABOUT  0.000000  0.000000  0.000000

 <MKIMAT2>: updating the image atom lists and remapping
 Transformation   Atoms  Groups  Residues  Min-Distance
    1  N1N1N1R1 has       0       0       0        1.65
    2  N1Z0N1R1 has       0       0       0        0.89
    3  N1P1N1R1 has       0       0       0        2.98
    4  Z0N1N1R1 has       0       0       0        0.85
    5  Z0Z0N1R1 has       0       0       0        0.00
    6  Z0P1N1R1 has       0       0       0        0.12
    7  N1N1Z0R1 has       0       0       0        0.83
    8  N1Z0Z0R1 has       0       0       0        0.00
    9  N1P1Z0R1 has       0       0       0        1.61
   10  Z0N1Z0R1 has       0       0       0        0.00
   12  N1N1P1R1 has       0       0       0        1.50
   13  N1Z0P1R1 has       0       0       0        0.91
   14  N1P1P1R1 has       0       0       0        2.92
 Total of53479 atoms and17627 groups and16343 residues were included

 <MAKGRP> found      0 image group exclusions.

 NONBOND OPTION FLAGS: 
     ELEC     VDW      GROUps   CDIElec  SWITch   VGROup   VSWItch 
     BYGRoup  NOEXtnd  EWALd   
 CUTNB  = 14.000 CTEXNB =999.000 CTONNB = 12.000 CTOFNB = 13.000
 CGONNB =  0.000 CGOFNB = 10.000
 WMIN   =  0.500 WRNMXD =  0.500 E14FAC =  1.000 EPS    =  1.000
 NBXMOD =      5
 PME EWALD OPTIONS: KAPPA  =  0.340  QCOR =  0.000  Bspline order = 6
 FFTX=  90  FFTY=  90  FFTZ=  90
                Using Pub FFT
                Real-to-Complex FFT
 There are        0 atom  pairs and    78977 atom  exclusions.
 There are    49503 group pairs and     4702 group exclusions.
 Generating nonbond list with Exclusion mode = 5
 == PRIMARY == SPACE FOR 15367279 ATOM PAIRS AND  3080142 GROUP PAIRS

 General group nonbond list generation found:
    49844 GROUP PAIRS WERE FOUND FOR GROUP LIST
  3089458 GROUP PAIRS WERE BEYOND CUTOFFS
152225076 GROUP PAIRS WERE NOT SELECTED
 SPACE FOR        0 ATOM PAIRS AND  1676038 GROUP PAIRS

 Image group nonbond list generation found:
        0 GROUP PAIRS WERE FOUND FOR GROUP LIST
        0 GROUP PAIRS WERE BEYOND CUTOFFS
 GUPQME>    340 unique QM molecule-MM group interactions generated.
 GUPQME>      0 QM/MM group exclusions generated.
 GUPQMV>    340 group interactions generated for  17627 groups.


 ABNER> An energy minimization has been requested.

 EIGRNG =    0.0005000   MINDIM =            5
 NPRINT =         2000   NSTEP  =         2000
 PSTRCT =    0.0000000   SDSTP  =    0.0200000
 STPLIM =    1.0000000   STRICT =    0.1000000
 TOLFUN =    0.0000000   TOLGRD =    0.2000000
 TOLITR =         2000   TOLSTP =    0.0000000
 FMEM   =    0.0000000
MINI MIN: Cycle      ENERgy      Delta-E         GRMS    Step-size
MINI INTERN:          BONDs       ANGLes       UREY-b    DIHEdrals    IMPRopers
MINI CROSS:           CMAPs        PMF1D        PMF2D        PRIMO
MINI EXTERN:        VDWaals         ELEC       HBONds          ASP         USER
MINI EWALD:          EWKSum       EWSElf       EWEXcl       EWQCor       EWUTil
MINI CONSTR:       HARMonic    CDIHedral          CIC     RESDistance       NOE
MINI QUANTUM:        QMELec        QMVDw  
 ----------       ---------    ---------    ---------    ---------    ---------
MINI>        0 -35126.62756     -9.12983      9.27193      0.00000
MINI INTERN>       30.96093     86.68990      4.56543    285.12303      7.10923
MINI CROSS>       -16.89599      0.00000      0.00000      0.00000
MINI EXTERN>     -256.99280   -823.57314      0.00000      0.00000      0.00000
MINI EWALD>       2763.0582-1098967.0736 1062381.5278       0.0000       0.0000
MINI CONSTR>        0.00000      0.00000      0.00000      9.12983      0.00000
MINI QUANTM>     -608.12040    -22.13594
 ----------       ---------    ---------    ---------    ---------    ---------

 ABNER> Minimization exiting with gradient tolerance ( 0.2000000) satisfied.

ABNR MIN: Cycle      ENERgy      Delta-E         GRMS    Step-size
ABNR INTERN:          BONDs       ANGLes       UREY-b    DIHEdrals    IMPRopers
ABNR CROSS:           CMAPs        PMF1D        PMF2D        PRIMO
ABNR EXTERN:        VDWaals         ELEC       HBONds          ASP         USER
ABNR EWALD:          EWKSum       EWSElf       EWEXcl       EWQCor       EWUTil
ABNR CONSTR:       HARMonic    CDIHedral          CIC     RESDistance       NOE
ABNR QUANTUM:        QMELec        QMVDw  
 ----------       ---------    ---------    ---------    ---------    ---------
ABNR>       23 -35136.62768     10.00011      0.11781      0.00246
ABNR INTERN>       30.94010     86.76504      4.55255    285.15865      7.10202
ABNR CROSS>       -16.91359      0.00000      0.00000      0.00000
ABNR EXTERN>     -256.78361   -823.80971      0.00000      0.00000      0.00000
ABNR EWALD>       2763.0180-1098967.0736 1062381.5339       0.0000       0.0000
ABNR CONSTR>        0.00000      0.00000      0.00000      0.00508      0.00000
ABNR QUANTM>     -609.11964    -22.00282
 ----------       ---------    ---------    ---------    ---------    ---------
  
 CHARMM>       skip resd
 SKIPE> The following energy terms will be computed :
  BOND ANGL UREY DIHE IMPR VDW  ELEC HBON USER HARM CDIH CIC  CDRO NOE  SBOU
  IMNB IMEL IMHB EWKS EWSE EXTE RXNF ST2  IMST TSM  QMEL QMVD ASP  EHAR GEO 
  MDIP PINT PRMS PANG SSBP BK4D SHEL SHAP STRB OOPL PULL POLA DMC  RGY  EWEX
  EWQC EWUT PBEL PBNP MBDE STRS BNDB BNDT EBST MBST BBT  SST  GBEN HMCM ADUM
  HYDR GSBP FQPO GRVD GREL SASL CMAP ELRC OLAP UMBR RREP RPHO RHBN RBDO RBAC
  RARO PHEN MMPT VMOD CROS FCTP FCTN PATH PMF1 PMF2 PRIM VALB ECHD ECHA ECHT
  ECHR CPUC SMBP EEMA ERMD CSRE ECS  ERDC DEFE MSPT GRHB PCHA
  
 CHARMM>       energy

 SELECTED IMAGES ATOMS BEING CENTERED ABOUT  0.000000  0.000000  0.000000

 <MKIMAT2>: updating the image atom lists and remapping
 Transformation   Atoms  Groups  Residues  Min-Distance
    1  N1N1N1R1 has       0       0       0        1.65
    2  N1Z0N1R1 has       0       0       0        0.89
    3  N1P1N1R1 has       0       0       0        2.98
    4  Z0N1N1R1 has       0       0       0        0.85
    5  Z0Z0N1R1 has       0       0       0        0.00
    6  Z0P1N1R1 has       0       0       0        0.12
    7  N1N1Z0R1 has       0       0       0        0.83
    8  N1Z0Z0R1 has       0       0       0        0.00
    9  N1P1Z0R1 has       0       0       0        1.61
   10  Z0N1Z0R1 has       0       0       0        0.00
   12  N1N1P1R1 has       0       0       0        1.50
   13  N1Z0P1R1 has       0       0       0        0.91
   14  N1P1P1R1 has       0       0       0        2.92
 Total of53479 atoms and17627 groups and16343 residues were included

 <MAKGRP> found      0 image group exclusions.

 NONBOND OPTION FLAGS: 
     ELEC     VDW      GROUps   CDIElec  SWITch   VGROup   VSWItch 
     BYGRoup  NOEXtnd  EWALd   
 CUTNB  = 14.000 CTEXNB =999.000 CTONNB = 12.000 CTOFNB = 13.000
 CGONNB =  0.000 CGOFNB = 10.000
 WMIN   =  0.500 WRNMXD =  0.500 E14FAC =  1.000 EPS    =  1.000
 NBXMOD =      5
 PME EWALD OPTIONS: KAPPA  =  0.340  QCOR =  0.000  Bspline order = 6
 FFTX=  90  FFTY=  90  FFTZ=  90
                Using Pub FFT
                Real-to-Complex FFT
 There are        0 atom  pairs and    78977 atom  exclusions.
 There are    49503 group pairs and     4702 group exclusions.
 Generating nonbond list with Exclusion mode = 5
 == PRIMARY == SPACE FOR 15367279 ATOM PAIRS AND  3080142 GROUP PAIRS

 General group nonbond list generation found:
    49847 GROUP PAIRS WERE FOUND FOR GROUP LIST
  3089455 GROUP PAIRS WERE BEYOND CUTOFFS
152225076 GROUP PAIRS WERE NOT SELECTED
 SPACE FOR        0 ATOM PAIRS AND  1676038 GROUP PAIRS

 Image group nonbond list generation found:
        0 GROUP PAIRS WERE FOUND FOR GROUP LIST
        0 GROUP PAIRS WERE BEYOND CUTOFFS
 GUPQME>    340 unique QM molecule-MM group interactions generated.
 GUPQME>      0 QM/MM group exclusions generated.
 GUPQMV>    340 group interactions generated for  17627 groups.
ENER ENR:  Eval#     ENERgy      Delta-E         GRMS
ENER INTERN:          BONDs       ANGLes       UREY-b    DIHEdrals    IMPRopers
ENER CROSS:           CMAPs        PMF1D        PMF2D        PRIMO
ENER EXTERN:        VDWaals         ELEC       HBONds          ASP         USER
ENER EWALD:          EWKSum       EWSElf       EWEXcl       EWQCor       EWUTil
ENER QUANTUM:        QMELec        QMVDw  
 ----------       ---------    ---------    ---------    ---------    ---------
ENER>        0 -35136.63275      0.00508      0.28299
ENER INTERN>       30.94010     86.76504      4.55255    285.15865      7.10202
ENER CROSS>       -16.91359      0.00000      0.00000      0.00000
ENER EXTERN>     -256.78361   -823.80971      0.00000      0.00000      0.00000
ENER EWALD>       2763.0180-1098967.0736 1062381.5339       0.0000       0.0000
ENER QUANTM>     -609.11964    -22.00282
 ----------       ---------    ---------    ---------    ---------    ---------
  
 CHARMM>       print resdistance
REDWRI:  Number of distance restraints=   1  Overall scale factor=      1.0000

 REDWRI: Evaluating restraint     1  KVAL=  2000.000 RVAL=     1.400
    Number of atom pairs=   2 Global Exponent=   2 Internal Exponent=   1 One sided mode= 0
      atom pair:  5685 HETA     223      C1       5695 HETA     223      C8         distance factor=      1.0000  Current distance=      2.861490
      atom pair:  5687 HETA     223      C3       5697 HETA     223      O4         distance factor=     -1.0000  Current distance=      1.459236
      Distance deviation=      0.002253  Energy=       0.00508 Force=       4.50697

 REDWRI:  Current number of restraints=   1

  
 CHARMM>       trajectory write
  
 CHARMM>       increase n by 1
 Parameter: N <- "36"
  
 CHARMM>       increase rc by 0.1
 Parameter: RC <- "1.5"
  
 CHARMM>    if rc le 2.0 goto loop
 Comparing "1.5" and "2.0".
 IF test evaluated as true.  Performing command
  
 CHARMM>       skip none
 SKIPE> The following energy terms will be computed :
  BOND ANGL UREY DIHE IMPR VDW  ELEC HBON USER HARM CDIH CIC  CDRO NOE  SBOU
  IMNB IMEL IMHB EWKS EWSE EXTE RXNF ST2  IMST TSM  QMEL QMVD ASP  EHAR GEO 
  MDIP PINT PRMS PANG SSBP BK4D SHEL RESD SHAP STRB OOPL PULL POLA DMC  RGY 
  EWEX EWQC EWUT PBEL PBNP MBDE STRS BNDB BNDT EBST MBST BBT  SST  GBEN HMCM
  ADUM HYDR GSBP FQPO GRVD GREL SASL CMAP ELRC OLAP UMBR RREP RPHO RHBN RBDO
  RBAC RARO PHEN MMPT VMOD CROS FCTP FCTN PATH PMF1 PMF2 PRIM VALB ECHD ECHA
  ECHT ECHR CPUC SMBP EEMA ERMD CSRE ECS  ERDC DEFE MSPT GRHB PCHA
  
 CHARMM>       resdistance reset
  RESDIST: Restrained distances restraints reset.
 RESDIST:  Current number of restraints=   0
  
 CHARMM>       resdistance kval 2000.0 rval @rc -
 CHARMM>       1.0 @atom1 @atom2 -1.0 @atom3 @atom4
 Parameter: RC -> "1.5"
 Parameter: ATOM1 -> "HETA 223 C1"
 Parameter: ATOM2 -> "HETA 223 C8"
 Parameter: ATOM3 -> "HETA 223 C3"
 Parameter: ATOM4 -> "HETA 223 O4"
 REDSET: Adding restraint     1  KVAL=  2000.000 RVAL=     1.500
     Number of atom pairs=   2 Global Exponent=   2 Internal Exponent=   1 One sided mode= 0
      atom pair:  5685 HETA     223      C1       5695 HETA     223      C8         distance factor=      1.0000
      atom pair:  5687 HETA     223      C3       5697 HETA     223      O4         distance factor=     -1.0000
 RESDIST:  Current number of restraints=   1
  
 CHARMM>       mini abnr nstep 2000 tolitr 2000 tolgrd 0.2 nprint 2000

 SELECTED IMAGES ATOMS BEING CENTERED ABOUT  0.000000  0.000000  0.000000

 <MKIMAT2>: updating the image atom lists and remapping
 Transformation   Atoms  Groups  Residues  Min-Distance
    1  N1N1N1R1 has       0       0       0        1.65
    2  N1Z0N1R1 has       0       0       0        0.89
    3  N1P1N1R1 has       0       0       0        2.98
    4  Z0N1N1R1 has       0       0       0        0.85
    5  Z0Z0N1R1 has       0       0       0        0.00
    6  Z0P1N1R1 has       0       0       0        0.12
    7  N1N1Z0R1 has       0       0       0        0.83
    8  N1Z0Z0R1 has       0       0       0        0.00
    9  N1P1Z0R1 has       0       0       0        1.61
   10  Z0N1Z0R1 has       0       0       0        0.00
   12  N1N1P1R1 has       0       0       0        1.50
   13  N1Z0P1R1 has       0       0       0        0.91
   14  N1P1P1R1 has       0       0       0        2.92
 Total of53479 atoms and17627 groups and16343 residues were included

 <MAKGRP> found      0 image group exclusions.

 NONBOND OPTION FLAGS: 
     ELEC     VDW      GROUps   CDIElec  SWITch   VGROup   VSWItch 
     BYGRoup  NOEXtnd  EWALd   
 CUTNB  = 14.000 CTEXNB =999.000 CTONNB = 12.000 CTOFNB = 13.000
 CGONNB =  0.000 CGOFNB = 10.000
 WMIN   =  0.500 WRNMXD =  0.500 E14FAC =  1.000 EPS    =  1.000
 NBXMOD =      5
 PME EWALD OPTIONS: KAPPA  =  0.340  QCOR =  0.000  Bspline order = 6
 FFTX=  90  FFTY=  90  FFTZ=  90
                Using Pub FFT
                Real-to-Complex FFT
 There are        0 atom  pairs and    78977 atom  exclusions.
 There are    49506 group pairs and     4702 group exclusions.
 Generating nonbond list with Exclusion mode = 5
 == PRIMARY == SPACE FOR 15367279 ATOM PAIRS AND  3080142 GROUP PAIRS

 General group nonbond list generation found:
    49847 GROUP PAIRS WERE FOUND FOR GROUP LIST
  3089455 GROUP PAIRS WERE BEYOND CUTOFFS
152225076 GROUP PAIRS WERE NOT SELECTED
 SPACE FOR        0 ATOM PAIRS AND  1676038 GROUP PAIRS

 Image group nonbond list generation found:
        0 GROUP PAIRS WERE FOUND FOR GROUP LIST
        0 GROUP PAIRS WERE BEYOND CUTOFFS
 GUPQME>    340 unique QM molecule-MM group interactions generated.
 GUPQME>      0 QM/MM group exclusions generated.
 GUPQMV>    340 group interactions generated for  17627 groups.


 ABNER> An energy minimization has been requested.

 EIGRNG =    0.0005000   MINDIM =            5
 NPRINT =         2000   NSTEP  =         2000
 PSTRCT =    0.0000000   SDSTP  =    0.0200000
 STPLIM =    1.0000000   STRICT =    0.1000000
 TOLFUN =    0.0000000   TOLGRD =    0.2000000
 TOLITR =         2000   TOLSTP =    0.0000000
 FMEM   =    0.0000000
MINI MIN: Cycle      ENERgy      Delta-E         GRMS    Step-size
MINI INTERN:          BONDs       ANGLes       UREY-b    DIHEdrals    IMPRopers
MINI CROSS:           CMAPs        PMF1D        PMF2D        PRIMO
MINI EXTERN:        VDWaals         ELEC       HBONds          ASP         USER
MINI EWALD:          EWKSum       EWSElf       EWEXcl       EWQCor       EWUTil
MINI CONSTR:       HARMonic    CDIHedral          CIC     RESDistance       NOE
MINI QUANTUM:        QMELec        QMVDw  
 ----------       ---------    ---------    ---------    ---------    ---------
MINI>        0 -35127.07837     -9.55438      9.30031      0.00000
MINI INTERN>       30.94010     86.76504      4.55255    285.15865      7.10202
MINI CROSS>       -16.91359      0.00000      0.00000      0.00000
MINI EXTERN>     -256.78361   -823.80971      0.00000      0.00000      0.00000
MINI EWALD>       2763.0180-1098967.0736 1062381.5339       0.0000       0.0000
MINI CONSTR>        0.00000      0.00000      0.00000      9.55438      0.00000
MINI QUANTM>     -609.11964    -22.00282
 ----------       ---------    ---------    ---------    ---------    ---------

 ABNER> Minimization exiting with gradient tolerance ( 0.2000000) satisfied.

ABNR MIN: Cycle      ENERgy      Delta-E         GRMS    Step-size
ABNR INTERN:          BONDs       ANGLes       UREY-b    DIHEdrals    IMPRopers
ABNR CROSS:           CMAPs        PMF1D        PMF2D        PRIMO
ABNR EXTERN:        VDWaals         ELEC       HBONds          ASP         USER
ABNR EWALD:          EWKSum       EWSElf       EWEXcl       EWQCor       EWUTil
ABNR CONSTR:       HARMonic    CDIHedral          CIC     RESDistance       NOE
ABNR QUANTUM:        QMELec        QMVDw  
 ----------       ---------    ---------    ---------    ---------    ---------
ABNR>       22 -35137.22842     10.15005      0.11802      0.00540
ABNR INTERN>       30.93276     86.80501      4.55305    285.20162      7.10227
ABNR CROSS>       -16.93597      0.00000      0.00000      0.00000
ABNR EXTERN>     -256.51175   -824.11337      0.00000      0.00000      0.00000
ABNR EWALD>       2763.0077-1098967.0736 1062381.5419       0.0000       0.0000
ABNR CONSTR>        0.00000      0.00000      0.00000      0.00790      0.00000
ABNR QUANTM>     -609.98115    -21.76485
 ----------       ---------    ---------    ---------    ---------    ---------
  
 CHARMM>       skip resd
 SKIPE> The following energy terms will be computed :
  BOND ANGL UREY DIHE IMPR VDW  ELEC HBON USER HARM CDIH CIC  CDRO NOE  SBOU
  IMNB IMEL IMHB EWKS EWSE EXTE RXNF ST2  IMST TSM  QMEL QMVD ASP  EHAR GEO 
  MDIP PINT PRMS PANG SSBP BK4D SHEL SHAP STRB OOPL PULL POLA DMC  RGY  EWEX
  EWQC EWUT PBEL PBNP MBDE STRS BNDB BNDT EBST MBST BBT  SST  GBEN HMCM ADUM
  HYDR GSBP FQPO GRVD GREL SASL CMAP ELRC OLAP UMBR RREP RPHO RHBN RBDO RBAC
  RARO PHEN MMPT VMOD CROS FCTP FCTN PATH PMF1 PMF2 PRIM VALB ECHD ECHA ECHT
  ECHR CPUC SMBP EEMA ERMD CSRE ECS  ERDC DEFE MSPT GRHB PCHA
  
 CHARMM>       energy

 SELECTED IMAGES ATOMS BEING CENTERED ABOUT  0.000000  0.000000  0.000000

 <MKIMAT2>: updating the image atom lists and remapping
 Transformation   Atoms  Groups  Residues  Min-Distance
    1  N1N1N1R1 has       0       0       0        1.65
    2  N1Z0N1R1 has       0       0       0        0.89
    3  N1P1N1R1 has       0       0       0        2.98
    4  Z0N1N1R1 has       0       0       0        0.85
    5  Z0Z0N1R1 has       0       0       0        0.00
    6  Z0P1N1R1 has       0       0       0        0.12
    7  N1N1Z0R1 has       0       0       0        0.83
    8  N1Z0Z0R1 has       0       0       0        0.00
    9  N1P1Z0R1 has       0       0       0        1.61
   10  Z0N1Z0R1 has       0       0       0        0.00
   12  N1N1P1R1 has       0       0       0        1.50
   13  N1Z0P1R1 has       0       0       0        0.91
   14  N1P1P1R1 has       0       0       0        2.92
 Total of53479 atoms and17627 groups and16343 residues were included

 <MAKGRP> found      0 image group exclusions.

 NONBOND OPTION FLAGS: 
     ELEC     VDW      GROUps   CDIElec  SWITch   VGROup   VSWItch 
     BYGRoup  NOEXtnd  EWALd   
 CUTNB  = 14.000 CTEXNB =999.000 CTONNB = 12.000 CTOFNB = 13.000
 CGONNB =  0.000 CGOFNB = 10.000
 WMIN   =  0.500 WRNMXD =  0.500 E14FAC =  1.000 EPS    =  1.000
 NBXMOD =      5
 PME EWALD OPTIONS: KAPPA  =  0.340  QCOR =  0.000  Bspline order = 6
 FFTX=  90  FFTY=  90  FFTZ=  90
                Using Pub FFT
                Real-to-Complex FFT
 There are        0 atom  pairs and    78977 atom  exclusions.
 There are    49506 group pairs and     4702 group exclusions.
 Generating nonbond list with Exclusion mode = 5
 == PRIMARY == SPACE FOR 15367279 ATOM PAIRS AND  3080142 GROUP PAIRS

 General group nonbond list generation found:
    49841 GROUP PAIRS WERE FOUND FOR GROUP LIST
  3089461 GROUP PAIRS WERE BEYOND CUTOFFS
152225076 GROUP PAIRS WERE NOT SELECTED
 SPACE FOR        0 ATOM PAIRS AND  1676038 GROUP PAIRS

 Image group nonbond list generation found:
        0 GROUP PAIRS WERE FOUND FOR GROUP LIST
        0 GROUP PAIRS WERE BEYOND CUTOFFS
 GUPQME>    340 unique QM molecule-MM group interactions generated.
 GUPQME>      0 QM/MM group exclusions generated.
 GUPQMV>    340 group interactions generated for  17627 groups.
ENER ENR:  Eval#     ENERgy      Delta-E         GRMS
ENER INTERN:          BONDs       ANGLes       UREY-b    DIHEdrals    IMPRopers
ENER CROSS:           CMAPs        PMF1D        PMF2D        PRIMO
ENER EXTERN:        VDWaals         ELEC       HBONds          ASP         USER
ENER EWALD:          EWKSum       EWSElf       EWEXcl       EWQCor       EWUTil
ENER QUANTUM:        QMELec        QMVDw  
 ----------       ---------    ---------    ---------    ---------    ---------
ENER>        0 -35137.23632      0.00790      0.24957
ENER INTERN>       30.93276     86.80501      4.55305    285.20162      7.10227
ENER CROSS>       -16.93597      0.00000      0.00000      0.00000
ENER EXTERN>     -256.51175   -824.11337      0.00000      0.00000      0.00000
ENER EWALD>       2763.0077-1098967.0736 1062381.5419       0.0000       0.0000
ENER QUANTM>     -609.98115    -21.76485
 ----------       ---------    ---------    ---------    ---------    ---------
  
 CHARMM>       print resdistance
REDWRI:  Number of distance restraints=   1  Overall scale factor=      1.0000

 REDWRI: Evaluating restraint     1  KVAL=  2000.000 RVAL=     1.500
    Number of atom pairs=   2 Global Exponent=   2 Internal Exponent=   1 One sided mode= 0
      atom pair:  5685 HETA     223      C1       5695 HETA     223      C8         distance factor=      1.0000  Current distance=      2.960096
      atom pair:  5687 HETA     223      C3       5697 HETA     223      O4         distance factor=     -1.0000  Current distance=      1.457285
      Distance deviation=      0.002811  Energy=       0.00790 Force=       5.62174

 REDWRI:  Current number of restraints=   1

  
 CHARMM>       trajectory write
  
 CHARMM>       increase n by 1
 Parameter: N <- "37"
  
 CHARMM>       increase rc by 0.1
 Parameter: RC <- "1.6"
  
 CHARMM>    if rc le 2.0 goto loop
 Comparing "1.6" and "2.0".
 IF test evaluated as true.  Performing command
  
 CHARMM>       skip none
 SKIPE> The following energy terms will be computed :
  BOND ANGL UREY DIHE IMPR VDW  ELEC HBON USER HARM CDIH CIC  CDRO NOE  SBOU
  IMNB IMEL IMHB EWKS EWSE EXTE RXNF ST2  IMST TSM  QMEL QMVD ASP  EHAR GEO 
  MDIP PINT PRMS PANG SSBP BK4D SHEL RESD SHAP STRB OOPL PULL POLA DMC  RGY 
  EWEX EWQC EWUT PBEL PBNP MBDE STRS BNDB BNDT EBST MBST BBT  SST  GBEN HMCM
  ADUM HYDR GSBP FQPO GRVD GREL SASL CMAP ELRC OLAP UMBR RREP RPHO RHBN RBDO
  RBAC RARO PHEN MMPT VMOD CROS FCTP FCTN PATH PMF1 PMF2 PRIM VALB ECHD ECHA
  ECHT ECHR CPUC SMBP EEMA ERMD CSRE ECS  ERDC DEFE MSPT GRHB PCHA
  
 CHARMM>       resdistance reset
  RESDIST: Restrained distances restraints reset.
 RESDIST:  Current number of restraints=   0
  
 CHARMM>       resdistance kval 2000.0 rval @rc -
 CHARMM>       1.0 @atom1 @atom2 -1.0 @atom3 @atom4
 Parameter: RC -> "1.6"
 Parameter: ATOM1 -> "HETA 223 C1"
 Parameter: ATOM2 -> "HETA 223 C8"
 Parameter: ATOM3 -> "HETA 223 C3"
 Parameter: ATOM4 -> "HETA 223 O4"
 REDSET: Adding restraint     1  KVAL=  2000.000 RVAL=     1.600
     Number of atom pairs=   2 Global Exponent=   2 Internal Exponent=   1 One sided mode= 0
      atom pair:  5685 HETA     223      C1       5695 HETA     223      C8         distance factor=      1.0000
      atom pair:  5687 HETA     223      C3       5697 HETA     223      O4         distance factor=     -1.0000
 RESDIST:  Current number of restraints=   1
  
 CHARMM>       mini abnr nstep 2000 tolitr 2000 tolgrd 0.2 nprint 2000

 SELECTED IMAGES ATOMS BEING CENTERED ABOUT  0.000000  0.000000  0.000000

 <MKIMAT2>: updating the image atom lists and remapping
 Transformation   Atoms  Groups  Residues  Min-Distance
    1  N1N1N1R1 has       0       0       0        1.65
    2  N1Z0N1R1 has       0       0       0        0.89
    3  N1P1N1R1 has       0       0       0        2.98
    4  Z0N1N1R1 has       0       0       0        0.85
    5  Z0Z0N1R1 has       0       0       0        0.00
    6  Z0P1N1R1 has       0       0       0        0.12
    7  N1N1Z0R1 has       0       0       0        0.83
    8  N1Z0Z0R1 has       0       0       0        0.00
    9  N1P1Z0R1 has       0       0       0        1.61
   10  Z0N1Z0R1 has       0       0       0        0.00
   12  N1N1P1R1 has       0       0       0        1.50
   13  N1Z0P1R1 has       0       0       0        0.91
   14  N1P1P1R1 has       0       0       0        2.92
 Total of53479 atoms and17627 groups and16343 residues were included

 <MAKGRP> found      0 image group exclusions.

 NONBOND OPTION FLAGS: 
     ELEC     VDW      GROUps   CDIElec  SWITch   VGROup   VSWItch 
     BYGRoup  NOEXtnd  EWALd   
 CUTNB  = 14.000 CTEXNB =999.000 CTONNB = 12.000 CTOFNB = 13.000
 CGONNB =  0.000 CGOFNB = 10.000
 WMIN   =  0.500 WRNMXD =  0.500 E14FAC =  1.000 EPS    =  1.000
 NBXMOD =      5
 PME EWALD OPTIONS: KAPPA  =  0.340  QCOR =  0.000  Bspline order = 6
 FFTX=  90  FFTY=  90  FFTZ=  90
                Using Pub FFT
                Real-to-Complex FFT
 There are        0 atom  pairs and    78977 atom  exclusions.
 There are    49500 group pairs and     4702 group exclusions.
 Generating nonbond list with Exclusion mode = 5
 == PRIMARY == SPACE FOR 15367279 ATOM PAIRS AND  3080142 GROUP PAIRS

 General group nonbond list generation found:
    49841 GROUP PAIRS WERE FOUND FOR GROUP LIST
  3089461 GROUP PAIRS WERE BEYOND CUTOFFS
152225076 GROUP PAIRS WERE NOT SELECTED
 SPACE FOR        0 ATOM PAIRS AND  1676038 GROUP PAIRS

 Image group nonbond list generation found:
        0 GROUP PAIRS WERE FOUND FOR GROUP LIST
        0 GROUP PAIRS WERE BEYOND CUTOFFS
 GUPQME>    340 unique QM molecule-MM group interactions generated.
 GUPQME>      0 QM/MM group exclusions generated.
 GUPQMV>    340 group interactions generated for  17627 groups.


 ABNER> An energy minimization has been requested.

 EIGRNG =    0.0005000   MINDIM =            5
 NPRINT =         2000   NSTEP  =         2000
 PSTRCT =    0.0000000   SDSTP  =    0.0200000
 STPLIM =    1.0000000   STRICT =    0.1000000
 TOLFUN =    0.0000000   TOLGRD =    0.2000000
 TOLITR =         2000   TOLSTP =    0.0000000
 FMEM   =    0.0000000
MINI MIN: Cycle      ENERgy      Delta-E         GRMS    Step-size
MINI INTERN:          BONDs       ANGLes       UREY-b    DIHEdrals    IMPRopers
MINI CROSS:           CMAPs        PMF1D        PMF2D        PRIMO
MINI EXTERN:        VDWaals         ELEC       HBONds          ASP         USER
MINI EWALD:          EWKSum       EWSElf       EWEXcl       EWQCor       EWUTil
MINI CONSTR:       HARMonic    CDIHedral          CIC     RESDistance       NOE
MINI QUANTUM:        QMELec        QMVDw  
 ----------       ---------    ---------    ---------    ---------    ---------
MINI>        0 -35127.79059     -9.44573      9.20879      0.00000
MINI INTERN>       30.93276     86.80501      4.55305    285.20162      7.10227
MINI CROSS>       -16.93597      0.00000      0.00000      0.00000
MINI EXTERN>     -256.51175   -824.11337      0.00000      0.00000      0.00000
MINI EWALD>       2763.0077-1098967.0736 1062381.5419       0.0000       0.0000
MINI CONSTR>        0.00000      0.00000      0.00000      9.44573      0.00000
MINI QUANTM>     -609.98115    -21.76485
 ----------       ---------    ---------    ---------    ---------    ---------

 ABNER> Minimization exiting with gradient tolerance ( 0.2000000) satisfied.

ABNR MIN: Cycle      ENERgy      Delta-E         GRMS    Step-size
ABNR INTERN:          BONDs       ANGLes       UREY-b    DIHEdrals    IMPRopers
ABNR CROSS:           CMAPs        PMF1D        PMF2D        PRIMO
ABNR EXTERN:        VDWaals         ELEC       HBONds          ASP         USER
ABNR EWALD:          EWKSum       EWSElf       EWEXcl       EWQCor       EWUTil
ABNR CONSTR:       HARMonic    CDIHedral          CIC     RESDistance       NOE
ABNR QUANTUM:        QMELec        QMVDw  
 ----------       ---------    ---------    ---------    ---------    ---------
ABNR>       17 -35137.45911      9.66851      0.17965      0.00463
ABNR INTERN>       30.92850     86.80926      4.55550    285.23727      7.10281
ABNR CROSS>       -16.94683      0.00000      0.00000      0.00000
ABNR EXTERN>     -256.38993   -824.24088      0.00000      0.00000      0.00000
ABNR EWALD>       2762.9923-1098967.0736 1062381.5482       0.0000       0.0000
ABNR CONSTR>        0.00000      0.00000      0.00000      0.00028      0.00000
ABNR QUANTM>     -610.48879    -21.49322
 ----------       ---------    ---------    ---------    ---------    ---------
  
 CHARMM>       skip resd
 SKIPE> The following energy terms will be computed :
  BOND ANGL UREY DIHE IMPR VDW  ELEC HBON USER HARM CDIH CIC  CDRO NOE  SBOU
  IMNB IMEL IMHB EWKS EWSE EXTE RXNF ST2  IMST TSM  QMEL QMVD ASP  EHAR GEO 
  MDIP PINT PRMS PANG SSBP BK4D SHEL SHAP STRB OOPL PULL POLA DMC  RGY  EWEX
  EWQC EWUT PBEL PBNP MBDE STRS BNDB BNDT EBST MBST BBT  SST  GBEN HMCM ADUM
  HYDR GSBP FQPO GRVD GREL SASL CMAP ELRC OLAP UMBR RREP RPHO RHBN RBDO RBAC
  RARO PHEN MMPT VMOD CROS FCTP FCTN PATH PMF1 PMF2 PRIM VALB ECHD ECHA ECHT
  ECHR CPUC SMBP EEMA ERMD CSRE ECS  ERDC DEFE MSPT GRHB PCHA
  
 CHARMM>       energy

 SELECTED IMAGES ATOMS BEING CENTERED ABOUT  0.000000  0.000000  0.000000

 <MKIMAT2>: updating the image atom lists and remapping
 Transformation   Atoms  Groups  Residues  Min-Distance
    1  N1N1N1R1 has       0       0       0        1.65
    2  N1Z0N1R1 has       0       0       0        0.89
    3  N1P1N1R1 has       0       0       0        2.98
    4  Z0N1N1R1 has       0       0       0        0.85
    5  Z0Z0N1R1 has       0       0       0        0.00
    6  Z0P1N1R1 has       0       0       0        0.12
    7  N1N1Z0R1 has       0       0       0        0.83
    8  N1Z0Z0R1 has       0       0       0        0.00
    9  N1P1Z0R1 has       0       0       0        1.61
   10  Z0N1Z0R1 has       0       0       0        0.00
   12  N1N1P1R1 has       0       0       0        1.50
   13  N1Z0P1R1 has       0       0       0        0.91
   14  N1P1P1R1 has       0       0       0        2.92
 Total of53479 atoms and17627 groups and16343 residues were included

 <MAKGRP> found      0 image group exclusions.

 NONBOND OPTION FLAGS: 
     ELEC     VDW      GROUps   CDIElec  SWITch   VGROup   VSWItch 
     BYGRoup  NOEXtnd  EWALd   
 CUTNB  = 14.000 CTEXNB =999.000 CTONNB = 12.000 CTOFNB = 13.000
 CGONNB =  0.000 CGOFNB = 10.000
 WMIN   =  0.500 WRNMXD =  0.500 E14FAC =  1.000 EPS    =  1.000
 NBXMOD =      5
 PME EWALD OPTIONS: KAPPA  =  0.340  QCOR =  0.000  Bspline order = 6
 FFTX=  90  FFTY=  90  FFTZ=  90
                Using Pub FFT
                Real-to-Complex FFT
 There are        0 atom  pairs and    78977 atom  exclusions.
 There are    49500 group pairs and     4702 group exclusions.
 Generating nonbond list with Exclusion mode = 5
 == PRIMARY == SPACE FOR 15367279 ATOM PAIRS AND  3080142 GROUP PAIRS

 General group nonbond list generation found:
    49839 GROUP PAIRS WERE FOUND FOR GROUP LIST
  3089463 GROUP PAIRS WERE BEYOND CUTOFFS
152225076 GROUP PAIRS WERE NOT SELECTED
 SPACE FOR        0 ATOM PAIRS AND  1676038 GROUP PAIRS

 Image group nonbond list generation found:
        0 GROUP PAIRS WERE FOUND FOR GROUP LIST
        0 GROUP PAIRS WERE BEYOND CUTOFFS
 GUPQME>    340 unique QM molecule-MM group interactions generated.
 GUPQME>      0 QM/MM group exclusions generated.
 GUPQMV>    340 group interactions generated for  17627 groups.
ENER ENR:  Eval#     ENERgy      Delta-E         GRMS
ENER INTERN:          BONDs       ANGLes       UREY-b    DIHEdrals    IMPRopers
ENER CROSS:           CMAPs        PMF1D        PMF2D        PRIMO
ENER EXTERN:        VDWaals         ELEC       HBONds          ASP         USER
ENER EWALD:          EWKSum       EWSElf       EWEXcl       EWQCor       EWUTil
ENER QUANTUM:        QMELec        QMVDw  
 ----------       ---------    ---------    ---------    ---------    ---------
ENER>        0 -35137.45939      0.00028      0.16471
ENER INTERN>       30.92850     86.80926      4.55550    285.23727      7.10281
ENER CROSS>       -16.94683      0.00000      0.00000      0.00000
ENER EXTERN>     -256.38993   -824.24088      0.00000      0.00000      0.00000
ENER EWALD>       2762.9923-1098967.0736 1062381.5482       0.0000       0.0000
ENER QUANTM>     -610.48879    -21.49322
 ----------       ---------    ---------    ---------    ---------    ---------
  
 CHARMM>       print resdistance
REDWRI:  Number of distance restraints=   1  Overall scale factor=      1.0000

 REDWRI: Evaluating restraint     1  KVAL=  2000.000 RVAL=     1.600
    Number of atom pairs=   2 Global Exponent=   2 Internal Exponent=   1 One sided mode= 0
      atom pair:  5685 HETA     223      C1       5695 HETA     223      C8         distance factor=      1.0000  Current distance=      3.051638
      atom pair:  5687 HETA     223      C3       5697 HETA     223      O4         distance factor=     -1.0000  Current distance=      1.452166
      Distance deviation=     -0.000528  Energy=       0.00028 Force=      -1.05509

 REDWRI:  Current number of restraints=   1

  
 CHARMM>       trajectory write
  
 CHARMM>       increase n by 1
 Parameter: N <- "38"
  
 CHARMM>       increase rc by 0.1
 Parameter: RC <- "1.7"
  
 CHARMM>    if rc le 2.0 goto loop
 Comparing "1.7" and "2.0".
 IF test evaluated as true.  Performing command
  
 CHARMM>       skip none
 SKIPE> The following energy terms will be computed :
  BOND ANGL UREY DIHE IMPR VDW  ELEC HBON USER HARM CDIH CIC  CDRO NOE  SBOU
  IMNB IMEL IMHB EWKS EWSE EXTE RXNF ST2  IMST TSM  QMEL QMVD ASP  EHAR GEO 
  MDIP PINT PRMS PANG SSBP BK4D SHEL RESD SHAP STRB OOPL PULL POLA DMC  RGY 
  EWEX EWQC EWUT PBEL PBNP MBDE STRS BNDB BNDT EBST MBST BBT  SST  GBEN HMCM
  ADUM HYDR GSBP FQPO GRVD GREL SASL CMAP ELRC OLAP UMBR RREP RPHO RHBN RBDO
  RBAC RARO PHEN MMPT VMOD CROS FCTP FCTN PATH PMF1 PMF2 PRIM VALB ECHD ECHA
  ECHT ECHR CPUC SMBP EEMA ERMD CSRE ECS  ERDC DEFE MSPT GRHB PCHA
  
 CHARMM>       resdistance reset
  RESDIST: Restrained distances restraints reset.
 RESDIST:  Current number of restraints=   0
  
 CHARMM>       resdistance kval 2000.0 rval @rc -
 CHARMM>       1.0 @atom1 @atom2 -1.0 @atom3 @atom4
 Parameter: RC -> "1.7"
 Parameter: ATOM1 -> "HETA 223 C1"
 Parameter: ATOM2 -> "HETA 223 C8"
 Parameter: ATOM3 -> "HETA 223 C3"
 Parameter: ATOM4 -> "HETA 223 O4"
 REDSET: Adding restraint     1  KVAL=  2000.000 RVAL=     1.700
     Number of atom pairs=   2 Global Exponent=   2 Internal Exponent=   1 One sided mode= 0
      atom pair:  5685 HETA     223      C1       5695 HETA     223      C8         distance factor=      1.0000
      atom pair:  5687 HETA     223      C3       5697 HETA     223      O4         distance factor=     -1.0000
 RESDIST:  Current number of restraints=   1
  
 CHARMM>       mini abnr nstep 2000 tolitr 2000 tolgrd 0.2 nprint 2000

 SELECTED IMAGES ATOMS BEING CENTERED ABOUT  0.000000  0.000000  0.000000

 <MKIMAT2>: updating the image atom lists and remapping
 Transformation   Atoms  Groups  Residues  Min-Distance
    1  N1N1N1R1 has       0       0       0        1.65
    2  N1Z0N1R1 has       0       0       0        0.89
    3  N1P1N1R1 has       0       0       0        2.98
    4  Z0N1N1R1 has       0       0       0        0.85
    5  Z0Z0N1R1 has       0       0       0        0.00
    6  Z0P1N1R1 has       0       0       0        0.12
    7  N1N1Z0R1 has       0       0       0        0.83
    8  N1Z0Z0R1 has       0       0       0        0.00
    9  N1P1Z0R1 has       0       0       0        1.61
   10  Z0N1Z0R1 has       0       0       0        0.00
   12  N1N1P1R1 has       0       0       0        1.50
   13  N1Z0P1R1 has       0       0       0        0.91
   14  N1P1P1R1 has       0       0       0        2.92
 Total of53479 atoms and17627 groups and16343 residues were included

 <MAKGRP> found      0 image group exclusions.

 NONBOND OPTION FLAGS: 
     ELEC     VDW      GROUps   CDIElec  SWITch   VGROup   VSWItch 
     BYGRoup  NOEXtnd  EWALd   
 CUTNB  = 14.000 CTEXNB =999.000 CTONNB = 12.000 CTOFNB = 13.000
 CGONNB =  0.000 CGOFNB = 10.000
 WMIN   =  0.500 WRNMXD =  0.500 E14FAC =  1.000 EPS    =  1.000
 NBXMOD =      5
 PME EWALD OPTIONS: KAPPA  =  0.340  QCOR =  0.000  Bspline order = 6
 FFTX=  90  FFTY=  90  FFTZ=  90
                Using Pub FFT
                Real-to-Complex FFT
 There are        0 atom  pairs and    78977 atom  exclusions.
 There are    49498 group pairs and     4702 group exclusions.
 Generating nonbond list with Exclusion mode = 5
 == PRIMARY == SPACE FOR 15367279 ATOM PAIRS AND  3080142 GROUP PAIRS

 General group nonbond list generation found:
    49839 GROUP PAIRS WERE FOUND FOR GROUP LIST
  3089463 GROUP PAIRS WERE BEYOND CUTOFFS
152225076 GROUP PAIRS WERE NOT SELECTED
 SPACE FOR        0 ATOM PAIRS AND  1676038 GROUP PAIRS

 Image group nonbond list generation found:
        0 GROUP PAIRS WERE FOUND FOR GROUP LIST
        0 GROUP PAIRS WERE BEYOND CUTOFFS
 GUPQME>    340 unique QM molecule-MM group interactions generated.
 GUPQME>      0 QM/MM group exclusions generated.
 GUPQMV>    340 group interactions generated for  17627 groups.


 ABNER> An energy minimization has been requested.

 EIGRNG =    0.0005000   MINDIM =            5
 NPRINT =         2000   NSTEP  =         2000
 PSTRCT =    0.0000000   SDSTP  =    0.0200000
 STPLIM =    1.0000000   STRICT =    0.1000000
 TOLFUN =    0.0000000   TOLGRD =    0.2000000
 TOLITR =         2000   TOLSTP =    0.0000000
 FMEM   =    0.0000000
MINI MIN: Cycle      ENERgy      Delta-E         GRMS    Step-size
MINI INTERN:          BONDs       ANGLes       UREY-b    DIHEdrals    IMPRopers
MINI CROSS:           CMAPs        PMF1D        PMF2D        PRIMO
MINI EXTERN:        VDWaals         ELEC       HBONds          ASP         USER
MINI EWALD:          EWKSum       EWSElf       EWEXcl       EWQCor       EWUTil
MINI CONSTR:       HARMonic    CDIHedral          CIC     RESDistance       NOE
MINI QUANTUM:        QMELec        QMVDw  
 ----------       ---------    ---------    ---------    ---------    ---------
MINI>        0 -35127.35360    -10.10579      9.32353      0.00000
MINI INTERN>       30.92850     86.80926      4.55550    285.23727      7.10281
MINI CROSS>       -16.94683      0.00000      0.00000      0.00000
MINI EXTERN>     -256.38993   -824.24088      0.00000      0.00000      0.00000
MINI EWALD>       2762.9923-1098967.0736 1062381.5482       0.0000       0.0000
MINI CONSTR>        0.00000      0.00000      0.00000     10.10579      0.00000
MINI QUANTM>     -610.48879    -21.49322
 ----------       ---------    ---------    ---------    ---------    ---------

 ABNER> Minimization exiting with gradient tolerance ( 0.2000000) satisfied.

ABNR MIN: Cycle      ENERgy      Delta-E         GRMS    Step-size
ABNR INTERN:          BONDs       ANGLes       UREY-b    DIHEdrals    IMPRopers
ABNR CROSS:           CMAPs        PMF1D        PMF2D        PRIMO
ABNR EXTERN:        VDWaals         ELEC       HBONds          ASP         USER
ABNR EWALD:          EWKSum       EWSElf       EWEXcl       EWQCor       EWUTil
ABNR CONSTR:       HARMonic    CDIHedral          CIC     RESDistance       NOE
ABNR QUANTUM:        QMELec        QMVDw  
 ----------       ---------    ---------    ---------    ---------    ---------
ABNR>       24 -35137.53734     10.18374      0.17804      0.00262
ABNR INTERN>       30.90767     86.86038      4.54361    285.32546      7.09828
ABNR CROSS>       -16.97719      0.00000      0.00000      0.00000
ABNR EXTERN>     -256.11282   -824.48020      0.00000      0.00000      0.00000
ABNR EWALD>       2762.9851-1098967.0736 1062381.5589       0.0000       0.0000
ABNR CONSTR>        0.00000      0.00000      0.00000      0.00015      0.00000
ABNR QUANTM>     -610.82839    -21.34463
 ----------       ---------    ---------    ---------    ---------    ---------
  
 CHARMM>       skip resd
 SKIPE> The following energy terms will be computed :
  BOND ANGL UREY DIHE IMPR VDW  ELEC HBON USER HARM CDIH CIC  CDRO NOE  SBOU
  IMNB IMEL IMHB EWKS EWSE EXTE RXNF ST2  IMST TSM  QMEL QMVD ASP  EHAR GEO 
  MDIP PINT PRMS PANG SSBP BK4D SHEL SHAP STRB OOPL PULL POLA DMC  RGY  EWEX
  EWQC EWUT PBEL PBNP MBDE STRS BNDB BNDT EBST MBST BBT  SST  GBEN HMCM ADUM
  HYDR GSBP FQPO GRVD GREL SASL CMAP ELRC OLAP UMBR RREP RPHO RHBN RBDO RBAC
  RARO PHEN MMPT VMOD CROS FCTP FCTN PATH PMF1 PMF2 PRIM VALB ECHD ECHA ECHT
  ECHR CPUC SMBP EEMA ERMD CSRE ECS  ERDC DEFE MSPT GRHB PCHA
  
 CHARMM>       energy

 SELECTED IMAGES ATOMS BEING CENTERED ABOUT  0.000000  0.000000  0.000000

 <MKIMAT2>: updating the image atom lists and remapping
 Transformation   Atoms  Groups  Residues  Min-Distance
    1  N1N1N1R1 has       0       0       0        1.65
    2  N1Z0N1R1 has       0       0       0        0.89
    3  N1P1N1R1 has       0       0       0        2.98
    4  Z0N1N1R1 has       0       0       0        0.85
    5  Z0Z0N1R1 has       0       0       0        0.00
    6  Z0P1N1R1 has       0       0       0        0.12
    7  N1N1Z0R1 has       0       0       0        0.83
    8  N1Z0Z0R1 has       0       0       0        0.00
    9  N1P1Z0R1 has       0       0       0        1.61
   10  Z0N1Z0R1 has       0       0       0        0.00
   12  N1N1P1R1 has       0       0       0        1.50
   13  N1Z0P1R1 has       0       0       0        0.91
   14  N1P1P1R1 has       0       0       0        2.92
 Total of53479 atoms and17627 groups and16343 residues were included

 <MAKGRP> found      0 image group exclusions.

 NONBOND OPTION FLAGS: 
     ELEC     VDW      GROUps   CDIElec  SWITch   VGROup   VSWItch 
     BYGRoup  NOEXtnd  EWALd   
 CUTNB  = 14.000 CTEXNB =999.000 CTONNB = 12.000 CTOFNB = 13.000
 CGONNB =  0.000 CGOFNB = 10.000
 WMIN   =  0.500 WRNMXD =  0.500 E14FAC =  1.000 EPS    =  1.000
 NBXMOD =      5
 PME EWALD OPTIONS: KAPPA  =  0.340  QCOR =  0.000  Bspline order = 6
 FFTX=  90  FFTY=  90  FFTZ=  90
                Using Pub FFT
                Real-to-Complex FFT
 There are        0 atom  pairs and    78977 atom  exclusions.
 There are    49498 group pairs and     4702 group exclusions.
 Generating nonbond list with Exclusion mode = 5
 == PRIMARY == SPACE FOR 15367279 ATOM PAIRS AND  3080142 GROUP PAIRS

 General group nonbond list generation found:
    49841 GROUP PAIRS WERE FOUND FOR GROUP LIST
  3089461 GROUP PAIRS WERE BEYOND CUTOFFS
152225076 GROUP PAIRS WERE NOT SELECTED
 SPACE FOR        0 ATOM PAIRS AND  1676038 GROUP PAIRS

 Image group nonbond list generation found:
        0 GROUP PAIRS WERE FOUND FOR GROUP LIST
        0 GROUP PAIRS WERE BEYOND CUTOFFS
 GUPQME>    340 unique QM molecule-MM group interactions generated.
 GUPQME>      0 QM/MM group exclusions generated.
 GUPQMV>    340 group interactions generated for  17627 groups.
ENER ENR:  Eval#     ENERgy      Delta-E         GRMS
ENER INTERN:          BONDs       ANGLes       UREY-b    DIHEdrals    IMPRopers
ENER CROSS:           CMAPs        PMF1D        PMF2D        PRIMO
ENER EXTERN:        VDWaals         ELEC       HBONds          ASP         USER
ENER EWALD:          EWKSum       EWSElf       EWEXcl       EWQCor       EWUTil
ENER QUANTUM:        QMELec        QMVDw  
 ----------       ---------    ---------    ---------    ---------    ---------
ENER>        0 -35137.53749      0.00015      0.20675
ENER INTERN>       30.90767     86.86038      4.54361    285.32546      7.09828
ENER CROSS>       -16.97719      0.00000      0.00000      0.00000
ENER EXTERN>     -256.11282   -824.48020      0.00000      0.00000      0.00000
ENER EWALD>       2762.9851-1098967.0736 1062381.5589       0.0000       0.0000
ENER QUANTM>     -610.82839    -21.34463
 ----------       ---------    ---------    ---------    ---------    ---------
  
 CHARMM>       print resdistance
REDWRI:  Number of distance restraints=   1  Overall scale factor=      1.0000

 REDWRI: Evaluating restraint     1  KVAL=  2000.000 RVAL=     1.700
    Number of atom pairs=   2 Global Exponent=   2 Internal Exponent=   1 One sided mode= 0
      atom pair:  5685 HETA     223      C1       5695 HETA     223      C8         distance factor=      1.0000  Current distance=      3.143195
      atom pair:  5687 HETA     223      C3       5697 HETA     223      O4         distance factor=     -1.0000  Current distance=      1.443580
      Distance deviation=     -0.000385  Energy=       0.00015 Force=      -0.77012

 REDWRI:  Current number of restraints=   1

  
 CHARMM>       trajectory write
  
 CHARMM>       increase n by 1
 Parameter: N <- "39"
  
 CHARMM>       increase rc by 0.1
 Parameter: RC <- "1.8"
  
 CHARMM>    if rc le 2.0 goto loop
 Comparing "1.8" and "2.0".
 IF test evaluated as true.  Performing command
  
 CHARMM>       skip none
 SKIPE> The following energy terms will be computed :
  BOND ANGL UREY DIHE IMPR VDW  ELEC HBON USER HARM CDIH CIC  CDRO NOE  SBOU
  IMNB IMEL IMHB EWKS EWSE EXTE RXNF ST2  IMST TSM  QMEL QMVD ASP  EHAR GEO 
  MDIP PINT PRMS PANG SSBP BK4D SHEL RESD SHAP STRB OOPL PULL POLA DMC  RGY 
  EWEX EWQC EWUT PBEL PBNP MBDE STRS BNDB BNDT EBST MBST BBT  SST  GBEN HMCM
  ADUM HYDR GSBP FQPO GRVD GREL SASL CMAP ELRC OLAP UMBR RREP RPHO RHBN RBDO
  RBAC RARO PHEN MMPT VMOD CROS FCTP FCTN PATH PMF1 PMF2 PRIM VALB ECHD ECHA
  ECHT ECHR CPUC SMBP EEMA ERMD CSRE ECS  ERDC DEFE MSPT GRHB PCHA
  
 CHARMM>       resdistance reset
  RESDIST: Restrained distances restraints reset.
 RESDIST:  Current number of restraints=   0
  
 CHARMM>       resdistance kval 2000.0 rval @rc -
 CHARMM>       1.0 @atom1 @atom2 -1.0 @atom3 @atom4
 Parameter: RC -> "1.8"
 Parameter: ATOM1 -> "HETA 223 C1"
 Parameter: ATOM2 -> "HETA 223 C8"
 Parameter: ATOM3 -> "HETA 223 C3"
 Parameter: ATOM4 -> "HETA 223 O4"
 REDSET: Adding restraint     1  KVAL=  2000.000 RVAL=     1.800
     Number of atom pairs=   2 Global Exponent=   2 Internal Exponent=   1 One sided mode= 0
      atom pair:  5685 HETA     223      C1       5695 HETA     223      C8         distance factor=      1.0000
      atom pair:  5687 HETA     223      C3       5697 HETA     223      O4         distance factor=     -1.0000
 RESDIST:  Current number of restraints=   1
  
 CHARMM>       mini abnr nstep 2000 tolitr 2000 tolgrd 0.2 nprint 2000

 SELECTED IMAGES ATOMS BEING CENTERED ABOUT  0.000000  0.000000  0.000000

 <MKIMAT2>: updating the image atom lists and remapping
 Transformation   Atoms  Groups  Residues  Min-Distance
    1  N1N1N1R1 has       0       0       0        1.65
    2  N1Z0N1R1 has       0       0       0        0.89
    3  N1P1N1R1 has       0       0       0        2.98
    4  Z0N1N1R1 has       0       0       0        0.85
    5  Z0Z0N1R1 has       0       0       0        0.00
    6  Z0P1N1R1 has       0       0       0        0.12
    7  N1N1Z0R1 has       0       0       0        0.83
    8  N1Z0Z0R1 has       0       0       0        0.00
    9  N1P1Z0R1 has       0       0       0        1.61
   10  Z0N1Z0R1 has       0       0       0        0.00
   12  N1N1P1R1 has       0       0       0        1.50
   13  N1Z0P1R1 has       0       0       0        0.91
   14  N1P1P1R1 has       0       0       0        2.92
 Total of53479 atoms and17627 groups and16343 residues were included

 <MAKGRP> found      0 image group exclusions.

 NONBOND OPTION FLAGS: 
     ELEC     VDW      GROUps   CDIElec  SWITch   VGROup   VSWItch 
     BYGRoup  NOEXtnd  EWALd   
 CUTNB  = 14.000 CTEXNB =999.000 CTONNB = 12.000 CTOFNB = 13.000
 CGONNB =  0.000 CGOFNB = 10.000
 WMIN   =  0.500 WRNMXD =  0.500 E14FAC =  1.000 EPS    =  1.000
 NBXMOD =      5
 PME EWALD OPTIONS: KAPPA  =  0.340  QCOR =  0.000  Bspline order = 6
 FFTX=  90  FFTY=  90  FFTZ=  90
                Using Pub FFT
                Real-to-Complex FFT
 There are        0 atom  pairs and    78977 atom  exclusions.
 There are    49500 group pairs and     4702 group exclusions.
 Generating nonbond list with Exclusion mode = 5
 == PRIMARY == SPACE FOR 15367279 ATOM PAIRS AND  3080142 GROUP PAIRS

 General group nonbond list generation found:
    49841 GROUP PAIRS WERE FOUND FOR GROUP LIST
  3089461 GROUP PAIRS WERE BEYOND CUTOFFS
152225076 GROUP PAIRS WERE NOT SELECTED
 SPACE FOR        0 ATOM PAIRS AND  1676038 GROUP PAIRS

 Image group nonbond list generation found:
        0 GROUP PAIRS WERE FOUND FOR GROUP LIST
        0 GROUP PAIRS WERE BEYOND CUTOFFS
 GUPQME>    340 unique QM molecule-MM group interactions generated.
 GUPQME>      0 QM/MM group exclusions generated.
 GUPQMV>    340 group interactions generated for  17627 groups.


 ABNER> An energy minimization has been requested.

 EIGRNG =    0.0005000   MINDIM =            5
 NPRINT =         2000   NSTEP  =         2000
 PSTRCT =    0.0000000   SDSTP  =    0.0200000
 STPLIM =    1.0000000   STRICT =    0.1000000
 TOLFUN =    0.0000000   TOLGRD =    0.2000000
 TOLITR =         2000   TOLSTP =    0.0000000
 FMEM   =    0.0000000
MINI MIN: Cycle      ENERgy      Delta-E         GRMS    Step-size
MINI INTERN:          BONDs       ANGLes       UREY-b    DIHEdrals    IMPRopers
MINI CROSS:           CMAPs        PMF1D        PMF2D        PRIMO
MINI EXTERN:        VDWaals         ELEC       HBONds          ASP         USER
MINI EWALD:          EWKSum       EWSElf       EWEXcl       EWQCor       EWUTil
MINI CONSTR:       HARMonic    CDIHedral          CIC     RESDistance       NOE
MINI QUANTUM:        QMELec        QMVDw  
 ----------       ---------    ---------    ---------    ---------    ---------
MINI>        0 -35127.46033    -10.07716      9.10836      0.00000
MINI INTERN>       30.90767     86.86038      4.54361    285.32546      7.09828
MINI CROSS>       -16.97719      0.00000      0.00000      0.00000
MINI EXTERN>     -256.11282   -824.48020      0.00000      0.00000      0.00000
MINI EWALD>       2762.9851-1098967.0736 1062381.5589       0.0000       0.0000
MINI CONSTR>        0.00000      0.00000      0.00000     10.07716      0.00000
MINI QUANTM>     -610.82839    -21.34463
 ----------       ---------    ---------    ---------    ---------    ---------

 ABNER> Minimization exiting with gradient tolerance ( 0.2000000) satisfied.

ABNR MIN: Cycle      ENERgy      Delta-E         GRMS    Step-size
ABNR INTERN:          BONDs       ANGLes       UREY-b    DIHEdrals    IMPRopers
ABNR CROSS:           CMAPs        PMF1D        PMF2D        PRIMO
ABNR EXTERN:        VDWaals         ELEC       HBONds          ASP         USER
ABNR EWALD:          EWKSum       EWSElf       EWEXcl       EWQCor       EWUTil
ABNR CONSTR:       HARMonic    CDIHedral          CIC     RESDistance       NOE
ABNR QUANTUM:        QMELec        QMVDw  
 ----------       ---------    ---------    ---------    ---------    ---------
ABNR>       17 -35137.19869      9.73836      0.19923      0.00463
ABNR INTERN>       30.91057     86.84329      4.55321    285.34504      7.10547
ABNR CROSS>       -16.98808      0.00000      0.00000      0.00000
ABNR EXTERN>     -255.97316   -824.60013      0.00000      0.00000      0.00000
ABNR EWALD>       2763.0000-1098967.0736 1062381.5697       0.0000       0.0000
ABNR CONSTR>        0.00000      0.00000      0.00000      0.00525      0.00000
ABNR QUANTM>     -610.94655    -20.94965
 ----------       ---------    ---------    ---------    ---------    ---------
  
 CHARMM>       skip resd
 SKIPE> The following energy terms will be computed :
  BOND ANGL UREY DIHE IMPR VDW  ELEC HBON USER HARM CDIH CIC  CDRO NOE  SBOU
  IMNB IMEL IMHB EWKS EWSE EXTE RXNF ST2  IMST TSM  QMEL QMVD ASP  EHAR GEO 
  MDIP PINT PRMS PANG SSBP BK4D SHEL SHAP STRB OOPL PULL POLA DMC  RGY  EWEX
  EWQC EWUT PBEL PBNP MBDE STRS BNDB BNDT EBST MBST BBT  SST  GBEN HMCM ADUM
  HYDR GSBP FQPO GRVD GREL SASL CMAP ELRC OLAP UMBR RREP RPHO RHBN RBDO RBAC
  RARO PHEN MMPT VMOD CROS FCTP FCTN PATH PMF1 PMF2 PRIM VALB ECHD ECHA ECHT
  ECHR CPUC SMBP EEMA ERMD CSRE ECS  ERDC DEFE MSPT GRHB PCHA
  
 CHARMM>       energy

 SELECTED IMAGES ATOMS BEING CENTERED ABOUT  0.000000  0.000000  0.000000

 <MKIMAT2>: updating the image atom lists and remapping
 Transformation   Atoms  Groups  Residues  Min-Distance
    1  N1N1N1R1 has       0       0       0        1.65
    2  N1Z0N1R1 has       0       0       0        0.89
    3  N1P1N1R1 has       0       0       0        2.98
    4  Z0N1N1R1 has       0       0       0        0.85
    5  Z0Z0N1R1 has       0       0       0        0.00
    6  Z0P1N1R1 has       0       0       0        0.12
    7  N1N1Z0R1 has       0       0       0        0.83
    8  N1Z0Z0R1 has       0       0       0        0.00
    9  N1P1Z0R1 has       0       0       0        1.61
   10  Z0N1Z0R1 has       0       0       0        0.00
   12  N1N1P1R1 has       0       0       0        1.50
   13  N1Z0P1R1 has       0       0       0        0.91
   14  N1P1P1R1 has       0       0       0        2.92
 Total of53479 atoms and17627 groups and16343 residues were included

 <MAKGRP> found      0 image group exclusions.

 NONBOND OPTION FLAGS: 
     ELEC     VDW      GROUps   CDIElec  SWITch   VGROup   VSWItch 
     BYGRoup  NOEXtnd  EWALd   
 CUTNB  = 14.000 CTEXNB =999.000 CTONNB = 12.000 CTOFNB = 13.000
 CGONNB =  0.000 CGOFNB = 10.000
 WMIN   =  0.500 WRNMXD =  0.500 E14FAC =  1.000 EPS    =  1.000
 NBXMOD =      5
 PME EWALD OPTIONS: KAPPA  =  0.340  QCOR =  0.000  Bspline order = 6
 FFTX=  90  FFTY=  90  FFTZ=  90
                Using Pub FFT
                Real-to-Complex FFT
 There are        0 atom  pairs and    78977 atom  exclusions.
 There are    49500 group pairs and     4702 group exclusions.
 Generating nonbond list with Exclusion mode = 5
 == PRIMARY == SPACE FOR 15367279 ATOM PAIRS AND  3080142 GROUP PAIRS

 General group nonbond list generation found:
    49835 GROUP PAIRS WERE FOUND FOR GROUP LIST
  3089467 GROUP PAIRS WERE BEYOND CUTOFFS
152225076 GROUP PAIRS WERE NOT SELECTED
 SPACE FOR        0 ATOM PAIRS AND  1676038 GROUP PAIRS

 Image group nonbond list generation found:
        0 GROUP PAIRS WERE FOUND FOR GROUP LIST
        0 GROUP PAIRS WERE BEYOND CUTOFFS
 GUPQME>    340 unique QM molecule-MM group interactions generated.
 GUPQME>      0 QM/MM group exclusions generated.
 GUPQMV>    340 group interactions generated for  17627 groups.
ENER ENR:  Eval#     ENERgy      Delta-E         GRMS
ENER INTERN:          BONDs       ANGLes       UREY-b    DIHEdrals    IMPRopers
ENER CROSS:           CMAPs        PMF1D        PMF2D        PRIMO
ENER EXTERN:        VDWaals         ELEC       HBONds          ASP         USER
ENER EWALD:          EWKSum       EWSElf       EWEXcl       EWQCor       EWUTil
ENER QUANTUM:        QMELec        QMVDw  
 ----------       ---------    ---------    ---------    ---------    ---------
ENER>        0 -35137.20394      0.00525      0.30260
ENER INTERN>       30.91057     86.84329      4.55321    285.34504      7.10547
ENER CROSS>       -16.98808      0.00000      0.00000      0.00000
ENER EXTERN>     -255.97316   -824.60013      0.00000      0.00000      0.00000
ENER EWALD>       2763.0000-1098967.0736 1062381.5697       0.0000       0.0000
ENER QUANTM>     -610.94655    -20.94965
 ----------       ---------    ---------    ---------    ---------    ---------
  
 CHARMM>       print resdistance
REDWRI:  Number of distance restraints=   1  Overall scale factor=      1.0000

 REDWRI: Evaluating restraint     1  KVAL=  2000.000 RVAL=     1.800
    Number of atom pairs=   2 Global Exponent=   2 Internal Exponent=   1 One sided mode= 0
      atom pair:  5685 HETA     223      C1       5695 HETA     223      C8         distance factor=      1.0000  Current distance=      3.240497
      atom pair:  5687 HETA     223      C3       5697 HETA     223      O4         distance factor=     -1.0000  Current distance=      1.442789
      Distance deviation=     -0.002292  Energy=       0.00525 Force=      -4.58385

 REDWRI:  Current number of restraints=   1

  
 CHARMM>       trajectory write
  
 CHARMM>       increase n by 1
 Parameter: N <- "40"
  
 CHARMM>       increase rc by 0.1
 Parameter: RC <- "1.9"
  
 CHARMM>    if rc le 2.0 goto loop
 Comparing "1.9" and "2.0".
 IF test evaluated as true.  Performing command
  
 CHARMM>       skip none
 SKIPE> The following energy terms will be computed :
  BOND ANGL UREY DIHE IMPR VDW  ELEC HBON USER HARM CDIH CIC  CDRO NOE  SBOU
  IMNB IMEL IMHB EWKS EWSE EXTE RXNF ST2  IMST TSM  QMEL QMVD ASP  EHAR GEO 
  MDIP PINT PRMS PANG SSBP BK4D SHEL RESD SHAP STRB OOPL PULL POLA DMC  RGY 
  EWEX EWQC EWUT PBEL PBNP MBDE STRS BNDB BNDT EBST MBST BBT  SST  GBEN HMCM
  ADUM HYDR GSBP FQPO GRVD GREL SASL CMAP ELRC OLAP UMBR RREP RPHO RHBN RBDO
  RBAC RARO PHEN MMPT VMOD CROS FCTP FCTN PATH PMF1 PMF2 PRIM VALB ECHD ECHA
  ECHT ECHR CPUC SMBP EEMA ERMD CSRE ECS  ERDC DEFE MSPT GRHB PCHA
  
 CHARMM>       resdistance reset
  RESDIST: Restrained distances restraints reset.
 RESDIST:  Current number of restraints=   0
  
 CHARMM>       resdistance kval 2000.0 rval @rc -
 CHARMM>       1.0 @atom1 @atom2 -1.0 @atom3 @atom4
 Parameter: RC -> "1.9"
 Parameter: ATOM1 -> "HETA 223 C1"
 Parameter: ATOM2 -> "HETA 223 C8"
 Parameter: ATOM3 -> "HETA 223 C3"
 Parameter: ATOM4 -> "HETA 223 O4"
 REDSET: Adding restraint     1  KVAL=  2000.000 RVAL=     1.900
     Number of atom pairs=   2 Global Exponent=   2 Internal Exponent=   1 One sided mode= 0
      atom pair:  5685 HETA     223      C1       5695 HETA     223      C8         distance factor=      1.0000
      atom pair:  5687 HETA     223      C3       5697 HETA     223      O4         distance factor=     -1.0000
 RESDIST:  Current number of restraints=   1
  
 CHARMM>       mini abnr nstep 2000 tolitr 2000 tolgrd 0.2 nprint 2000

 SELECTED IMAGES ATOMS BEING CENTERED ABOUT  0.000000  0.000000  0.000000

 <MKIMAT2>: updating the image atom lists and remapping
 Transformation   Atoms  Groups  Residues  Min-Distance
    1  N1N1N1R1 has       0       0       0        1.65
    2  N1Z0N1R1 has       0       0       0        0.89
    3  N1P1N1R1 has       0       0       0        2.98
    4  Z0N1N1R1 has       0       0       0        0.85
    5  Z0Z0N1R1 has       0       0       0        0.00
    6  Z0P1N1R1 has       0       0       0        0.12
    7  N1N1Z0R1 has       0       0       0        0.83
    8  N1Z0Z0R1 has       0       0       0        0.00
    9  N1P1Z0R1 has       0       0       0        1.61
   10  Z0N1Z0R1 has       0       0       0        0.00
   12  N1N1P1R1 has       0       0       0        1.50
   13  N1Z0P1R1 has       0       0       0        0.91
   14  N1P1P1R1 has       0       0       0        2.92
 Total of53479 atoms and17627 groups and16343 residues were included

 <MAKGRP> found      0 image group exclusions.

 NONBOND OPTION FLAGS: 
     ELEC     VDW      GROUps   CDIElec  SWITch   VGROup   VSWItch 
     BYGRoup  NOEXtnd  EWALd   
 CUTNB  = 14.000 CTEXNB =999.000 CTONNB = 12.000 CTOFNB = 13.000
 CGONNB =  0.000 CGOFNB = 10.000
 WMIN   =  0.500 WRNMXD =  0.500 E14FAC =  1.000 EPS    =  1.000
 NBXMOD =      5
 PME EWALD OPTIONS: KAPPA  =  0.340  QCOR =  0.000  Bspline order = 6
 FFTX=  90  FFTY=  90  FFTZ=  90
                Using Pub FFT
                Real-to-Complex FFT
 There are        0 atom  pairs and    78977 atom  exclusions.
 There are    49494 group pairs and     4702 group exclusions.
 Generating nonbond list with Exclusion mode = 5
 == PRIMARY == SPACE FOR 15367279 ATOM PAIRS AND  3080142 GROUP PAIRS

 General group nonbond list generation found:
    49835 GROUP PAIRS WERE FOUND FOR GROUP LIST
  3089467 GROUP PAIRS WERE BEYOND CUTOFFS
152225076 GROUP PAIRS WERE NOT SELECTED
 SPACE FOR        0 ATOM PAIRS AND  1676038 GROUP PAIRS

 Image group nonbond list generation found:
        0 GROUP PAIRS WERE FOUND FOR GROUP LIST
        0 GROUP PAIRS WERE BEYOND CUTOFFS
 GUPQME>    340 unique QM molecule-MM group interactions generated.
 GUPQME>      0 QM/MM group exclusions generated.
 GUPQMV>    340 group interactions generated for  17627 groups.


 ABNER> An energy minimization has been requested.

 EIGRNG =    0.0005000   MINDIM =            5
 NPRINT =         2000   NSTEP  =         2000
 PSTRCT =    0.0000000   SDSTP  =    0.0200000
 STPLIM =    1.0000000   STRICT =    0.1000000
 TOLFUN =    0.0000000   TOLGRD =    0.2000000
 TOLITR =         2000   TOLSTP =    0.0000000
 FMEM   =    0.0000000
MINI MIN: Cycle      ENERgy      Delta-E         GRMS    Step-size
MINI INTERN:          BONDs       ANGLes       UREY-b    DIHEdrals    IMPRopers
MINI CROSS:           CMAPs        PMF1D        PMF2D        PRIMO
MINI EXTERN:        VDWaals         ELEC       HBONds          ASP         USER
MINI EWALD:          EWKSum       EWSElf       EWEXcl       EWQCor       EWUTil
MINI CONSTR:       HARMonic    CDIHedral          CIC     RESDistance       NOE
MINI QUANTUM:        QMELec        QMVDw  
 ----------       ---------    ---------    ---------    ---------    ---------
MINI>        0 -35126.74030    -10.46364      9.23068      0.00000
MINI INTERN>       30.91057     86.84329      4.55321    285.34504      7.10547
MINI CROSS>       -16.98808      0.00000      0.00000      0.00000
MINI EXTERN>     -255.97316   -824.60013      0.00000      0.00000      0.00000
MINI EWALD>       2763.0000-1098967.0736 1062381.5697       0.0000       0.0000
MINI CONSTR>        0.00000      0.00000      0.00000     10.46364      0.00000
MINI QUANTM>     -610.94655    -20.94965
 ----------       ---------    ---------    ---------    ---------    ---------

 ABNER> Minimization exiting with gradient tolerance ( 0.2000000) satisfied.

ABNR MIN: Cycle      ENERgy      Delta-E         GRMS    Step-size
ABNR INTERN:          BONDs       ANGLes       UREY-b    DIHEdrals    IMPRopers
ABNR CROSS:           CMAPs        PMF1D        PMF2D        PRIMO
ABNR EXTERN:        VDWaals         ELEC       HBONds          ASP         USER
ABNR EWALD:          EWKSum       EWSElf       EWEXcl       EWQCor       EWUTil
ABNR CONSTR:       HARMonic    CDIHedral          CIC     RESDistance       NOE
ABNR QUANTUM:        QMELec        QMVDw  
 ----------       ---------    ---------    ---------    ---------    ---------
ABNR>       18 -35136.68209      9.94178      0.18024      0.00416
ABNR INTERN>       30.89356     86.87033      4.55035    285.38318      7.09456
ABNR CROSS>       -17.01177      0.00000      0.00000      0.00000
ABNR EXTERN>     -255.74363   -824.74873      0.00000      0.00000      0.00000
ABNR EWALD>       2762.9959-1098967.0736 1062381.5889       0.0000       0.0000
ABNR CONSTR>        0.00000      0.00000      0.00000      0.00441      0.00000
ABNR QUANTM>     -610.81068    -20.67484
 ----------       ---------    ---------    ---------    ---------    ---------
  
 CHARMM>       skip resd
 SKIPE> The following energy terms will be computed :
  BOND ANGL UREY DIHE IMPR VDW  ELEC HBON USER HARM CDIH CIC  CDRO NOE  SBOU
  IMNB IMEL IMHB EWKS EWSE EXTE RXNF ST2  IMST TSM  QMEL QMVD ASP  EHAR GEO 
  MDIP PINT PRMS PANG SSBP BK4D SHEL SHAP STRB OOPL PULL POLA DMC  RGY  EWEX
  EWQC EWUT PBEL PBNP MBDE STRS BNDB BNDT EBST MBST BBT  SST  GBEN HMCM ADUM
  HYDR GSBP FQPO GRVD GREL SASL CMAP ELRC OLAP UMBR RREP RPHO RHBN RBDO RBAC
  RARO PHEN MMPT VMOD CROS FCTP FCTN PATH PMF1 PMF2 PRIM VALB ECHD ECHA ECHT
  ECHR CPUC SMBP EEMA ERMD CSRE ECS  ERDC DEFE MSPT GRHB PCHA
  
 CHARMM>       energy

 SELECTED IMAGES ATOMS BEING CENTERED ABOUT  0.000000  0.000000  0.000000

 <MKIMAT2>: updating the image atom lists and remapping
 Transformation   Atoms  Groups  Residues  Min-Distance
    1  N1N1N1R1 has       0       0       0        1.65
    2  N1Z0N1R1 has       0       0       0        0.89
    3  N1P1N1R1 has       0       0       0        2.98
    4  Z0N1N1R1 has       0       0       0        0.85
    5  Z0Z0N1R1 has       0       0       0        0.00
    6  Z0P1N1R1 has       0       0       0        0.12
    7  N1N1Z0R1 has       0       0       0        0.83
    8  N1Z0Z0R1 has       0       0       0        0.00
    9  N1P1Z0R1 has       0       0       0        1.61
   10  Z0N1Z0R1 has       0       0       0        0.00
   12  N1N1P1R1 has       0       0       0        1.50
   13  N1Z0P1R1 has       0       0       0        0.91
   14  N1P1P1R1 has       0       0       0        2.92
 Total of53479 atoms and17627 groups and16343 residues were included

 <MAKGRP> found      0 image group exclusions.

 NONBOND OPTION FLAGS: 
     ELEC     VDW      GROUps   CDIElec  SWITch   VGROup   VSWItch 
     BYGRoup  NOEXtnd  EWALd   
 CUTNB  = 14.000 CTEXNB =999.000 CTONNB = 12.000 CTOFNB = 13.000
 CGONNB =  0.000 CGOFNB = 10.000
 WMIN   =  0.500 WRNMXD =  0.500 E14FAC =  1.000 EPS    =  1.000
 NBXMOD =      5
 PME EWALD OPTIONS: KAPPA  =  0.340  QCOR =  0.000  Bspline order = 6
 FFTX=  90  FFTY=  90  FFTZ=  90
                Using Pub FFT
                Real-to-Complex FFT
 There are        0 atom  pairs and    78977 atom  exclusions.
 There are    49494 group pairs and     4702 group exclusions.
 Generating nonbond list with Exclusion mode = 5
 == PRIMARY == SPACE FOR 15367279 ATOM PAIRS AND  3080142 GROUP PAIRS

 General group nonbond list generation found:
    49837 GROUP PAIRS WERE FOUND FOR GROUP LIST
  3089465 GROUP PAIRS WERE BEYOND CUTOFFS
152225076 GROUP PAIRS WERE NOT SELECTED
 SPACE FOR        0 ATOM PAIRS AND  1676038 GROUP PAIRS

 Image group nonbond list generation found:
        0 GROUP PAIRS WERE FOUND FOR GROUP LIST
        0 GROUP PAIRS WERE BEYOND CUTOFFS
 GUPQME>    340 unique QM molecule-MM group interactions generated.
 GUPQME>      0 QM/MM group exclusions generated.
 GUPQMV>    340 group interactions generated for  17627 groups.
ENER ENR:  Eval#     ENERgy      Delta-E         GRMS
ENER INTERN:          BONDs       ANGLes       UREY-b    DIHEdrals    IMPRopers
ENER CROSS:           CMAPs        PMF1D        PMF2D        PRIMO
ENER EXTERN:        VDWaals         ELEC       HBONds          ASP         USER
ENER EWALD:          EWKSum       EWSElf       EWEXcl       EWQCor       EWUTil
ENER QUANTUM:        QMELec        QMVDw  
 ----------       ---------    ---------    ---------    ---------    ---------
ENER>        0 -35136.68649      0.00441      0.31764
ENER INTERN>       30.89356     86.87033      4.55035    285.38318      7.09456
ENER CROSS>       -17.01177      0.00000      0.00000      0.00000
ENER EXTERN>     -255.74363   -824.74873      0.00000      0.00000      0.00000
ENER EWALD>       2762.9959-1098967.0736 1062381.5889       0.0000       0.0000
ENER QUANTM>     -610.81068    -20.67484
 ----------       ---------    ---------    ---------    ---------    ---------
  
 CHARMM>       print resdistance
REDWRI:  Number of distance restraints=   1  Overall scale factor=      1.0000

 REDWRI: Evaluating restraint     1  KVAL=  2000.000 RVAL=     1.900
    Number of atom pairs=   2 Global Exponent=   2 Internal Exponent=   1 One sided mode= 0
      atom pair:  5685 HETA     223      C1       5695 HETA     223      C8         distance factor=      1.0000  Current distance=      3.338091
      atom pair:  5687 HETA     223      C3       5697 HETA     223      O4         distance factor=     -1.0000  Current distance=      1.440191
      Distance deviation=     -0.002099  Energy=       0.00441 Force=      -4.19878

 REDWRI:  Current number of restraints=   1

  
 CHARMM>       trajectory write
  
 CHARMM>       increase n by 1
 Parameter: N <- "41"
  
 CHARMM>       increase rc by 0.1
 Parameter: RC <- "2"
  
 CHARMM>    if rc le 2.0 goto loop
 Comparing "2" and "2.0".
 IF test evaluated as true.  Performing command
  
 CHARMM>       skip none
 SKIPE> The following energy terms will be computed :
  BOND ANGL UREY DIHE IMPR VDW  ELEC HBON USER HARM CDIH CIC  CDRO NOE  SBOU
  IMNB IMEL IMHB EWKS EWSE EXTE RXNF ST2  IMST TSM  QMEL QMVD ASP  EHAR GEO 
  MDIP PINT PRMS PANG SSBP BK4D SHEL RESD SHAP STRB OOPL PULL POLA DMC  RGY 
  EWEX EWQC EWUT PBEL PBNP MBDE STRS BNDB BNDT EBST MBST BBT  SST  GBEN HMCM
  ADUM HYDR GSBP FQPO GRVD GREL SASL CMAP ELRC OLAP UMBR RREP RPHO RHBN RBDO
  RBAC RARO PHEN MMPT VMOD CROS FCTP FCTN PATH PMF1 PMF2 PRIM VALB ECHD ECHA
  ECHT ECHR CPUC SMBP EEMA ERMD CSRE ECS  ERDC DEFE MSPT GRHB PCHA
  
 CHARMM>       resdistance reset
  RESDIST: Restrained distances restraints reset.
 RESDIST:  Current number of restraints=   0
  
 CHARMM>       resdistance kval 2000.0 rval @rc -
 CHARMM>       1.0 @atom1 @atom2 -1.0 @atom3 @atom4
 Parameter: RC -> "2"
 Parameter: ATOM1 -> "HETA 223 C1"
 Parameter: ATOM2 -> "HETA 223 C8"
 Parameter: ATOM3 -> "HETA 223 C3"
 Parameter: ATOM4 -> "HETA 223 O4"
 REDSET: Adding restraint     1  KVAL=  2000.000 RVAL=     2.000
     Number of atom pairs=   2 Global Exponent=   2 Internal Exponent=   1 One sided mode= 0
      atom pair:  5685 HETA     223      C1       5695 HETA     223      C8         distance factor=      1.0000
      atom pair:  5687 HETA     223      C3       5697 HETA     223      O4         distance factor=     -1.0000
 RESDIST:  Current number of restraints=   1
  
 CHARMM>       mini abnr nstep 2000 tolitr 2000 tolgrd 0.2 nprint 2000

 SELECTED IMAGES ATOMS BEING CENTERED ABOUT  0.000000  0.000000  0.000000

 <MKIMAT2>: updating the image atom lists and remapping
 Transformation   Atoms  Groups  Residues  Min-Distance
    1  N1N1N1R1 has       0       0       0        1.65
    2  N1Z0N1R1 has       0       0       0        0.89
    3  N1P1N1R1 has       0       0       0        2.98
    4  Z0N1N1R1 has       0       0       0        0.85
    5  Z0Z0N1R1 has       0       0       0        0.00
    6  Z0P1N1R1 has       0       0       0        0.12
    7  N1N1Z0R1 has       0       0       0        0.83
    8  N1Z0Z0R1 has       0       0       0        0.00
    9  N1P1Z0R1 has       0       0       0        1.61
   10  Z0N1Z0R1 has       0       0       0        0.00
   12  N1N1P1R1 has       0       0       0        1.50
   13  N1Z0P1R1 has       0       0       0        0.91
   14  N1P1P1R1 has       0       0       0        2.92
 Total of53479 atoms and17627 groups and16343 residues were included

 <MAKGRP> found      0 image group exclusions.

 NONBOND OPTION FLAGS: 
     ELEC     VDW      GROUps   CDIElec  SWITch   VGROup   VSWItch 
     BYGRoup  NOEXtnd  EWALd   
 CUTNB  = 14.000 CTEXNB =999.000 CTONNB = 12.000 CTOFNB = 13.000
 CGONNB =  0.000 CGOFNB = 10.000
 WMIN   =  0.500 WRNMXD =  0.500 E14FAC =  1.000 EPS    =  1.000
 NBXMOD =      5
 PME EWALD OPTIONS: KAPPA  =  0.340  QCOR =  0.000  Bspline order = 6
 FFTX=  90  FFTY=  90  FFTZ=  90
                Using Pub FFT
                Real-to-Complex FFT
 There are        0 atom  pairs and    78977 atom  exclusions.
 There are    49496 group pairs and     4702 group exclusions.
 Generating nonbond list with Exclusion mode = 5
 == PRIMARY == SPACE FOR 15367279 ATOM PAIRS AND  3080142 GROUP PAIRS

 General group nonbond list generation found:
    49837 GROUP PAIRS WERE FOUND FOR GROUP LIST
  3089465 GROUP PAIRS WERE BEYOND CUTOFFS
152225076 GROUP PAIRS WERE NOT SELECTED
 SPACE FOR        0 ATOM PAIRS AND  1676038 GROUP PAIRS

 Image group nonbond list generation found:
        0 GROUP PAIRS WERE FOUND FOR GROUP LIST
        0 GROUP PAIRS WERE BEYOND CUTOFFS
 GUPQME>    340 unique QM molecule-MM group interactions generated.
 GUPQME>      0 QM/MM group exclusions generated.
 GUPQMV>    340 group interactions generated for  17627 groups.


 ABNER> An energy minimization has been requested.

 EIGRNG =    0.0005000   MINDIM =            5
 NPRINT =         2000   NSTEP  =         2000
 PSTRCT =    0.0000000   SDSTP  =    0.0200000
 STPLIM =    1.0000000   STRICT =    0.1000000
 TOLFUN =    0.0000000   TOLGRD =    0.2000000
 TOLITR =         2000   TOLSTP =    0.0000000
 FMEM   =    0.0000000
MINI MIN: Cycle      ENERgy      Delta-E         GRMS    Step-size
MINI INTERN:          BONDs       ANGLes       UREY-b    DIHEdrals    IMPRopers
MINI CROSS:           CMAPs        PMF1D        PMF2D        PRIMO
MINI EXTERN:        VDWaals         ELEC       HBONds          ASP         USER
MINI EWALD:          EWKSum       EWSElf       EWEXcl       EWQCor       EWUTil
MINI CONSTR:       HARMonic    CDIHedral          CIC     RESDistance       NOE
MINI QUANTUM:        QMELec        QMVDw  
 ----------       ---------    ---------    ---------    ---------    ---------
MINI>        0 -35126.26221    -10.42429      9.16724      0.00000
MINI INTERN>       30.89356     86.87033      4.55035    285.38318      7.09456
MINI CROSS>       -17.01177      0.00000      0.00000      0.00000
MINI EXTERN>     -255.74363   -824.74873      0.00000      0.00000      0.00000
MINI EWALD>       2762.9959-1098967.0736 1062381.5889       0.0000       0.0000
MINI CONSTR>        0.00000      0.00000      0.00000     10.42429      0.00000
MINI QUANTM>     -610.81068    -20.67484
 ----------       ---------    ---------    ---------    ---------    ---------

 ABNER> Minimization exiting with gradient tolerance ( 0.2000000) satisfied.

ABNR MIN: Cycle      ENERgy      Delta-E         GRMS    Step-size
ABNR INTERN:          BONDs       ANGLes       UREY-b    DIHEdrals    IMPRopers
ABNR CROSS:           CMAPs        PMF1D        PMF2D        PRIMO
ABNR EXTERN:        VDWaals         ELEC       HBONds          ASP         USER
ABNR EWALD:          EWKSum       EWSElf       EWEXcl       EWQCor       EWUTil
ABNR CONSTR:       HARMonic    CDIHedral          CIC     RESDistance       NOE
ABNR QUANTUM:        QMELec        QMVDw  
 ----------       ---------    ---------    ---------    ---------    ---------
ABNR>       24 -35136.57280     10.31060      0.17179      0.00615
ABNR INTERN>       30.89599     87.12765      4.55643    285.82038      7.12305
ABNR CROSS>       -17.07348      0.00000      0.00000      0.00000
ABNR EXTERN>     -255.03471   -825.26026      0.00000      0.00000      0.00000
ABNR EWALD>       2763.1780-1098967.0736 1062381.5826       0.0000       0.0000
ABNR CONSTR>        0.00000      0.00000      0.00000      0.00105      0.00000
ABNR QUANTM>     -611.86286    -20.55298
 ----------       ---------    ---------    ---------    ---------    ---------
  
 CHARMM>       skip resd
 SKIPE> The following energy terms will be computed :
  BOND ANGL UREY DIHE IMPR VDW  ELEC HBON USER HARM CDIH CIC  CDRO NOE  SBOU
  IMNB IMEL IMHB EWKS EWSE EXTE RXNF ST2  IMST TSM  QMEL QMVD ASP  EHAR GEO 
  MDIP PINT PRMS PANG SSBP BK4D SHEL SHAP STRB OOPL PULL POLA DMC  RGY  EWEX
  EWQC EWUT PBEL PBNP MBDE STRS BNDB BNDT EBST MBST BBT  SST  GBEN HMCM ADUM
  HYDR GSBP FQPO GRVD GREL SASL CMAP ELRC OLAP UMBR RREP RPHO RHBN RBDO RBAC
  RARO PHEN MMPT VMOD CROS FCTP FCTN PATH PMF1 PMF2 PRIM VALB ECHD ECHA ECHT
  ECHR CPUC SMBP EEMA ERMD CSRE ECS  ERDC DEFE MSPT GRHB PCHA
  
 CHARMM>       energy

 SELECTED IMAGES ATOMS BEING CENTERED ABOUT  0.000000  0.000000  0.000000

 <MKIMAT2>: updating the image atom lists and remapping
 Transformation   Atoms  Groups  Residues  Min-Distance
    1  N1N1N1R1 has       0       0       0        1.65
    2  N1Z0N1R1 has       0       0       0        0.89
    3  N1P1N1R1 has       0       0       0        2.98
    4  Z0N1N1R1 has       0       0       0        0.85
    5  Z0Z0N1R1 has       0       0       0        0.00
    6  Z0P1N1R1 has       0       0       0        0.12
    7  N1N1Z0R1 has       0       0       0        0.83
    8  N1Z0Z0R1 has       0       0       0        0.00
    9  N1P1Z0R1 has       0       0       0        1.61
   10  Z0N1Z0R1 has       0       0       0        0.00
   12  N1N1P1R1 has       0       0       0        1.50
   13  N1Z0P1R1 has       0       0       0        0.91
   14  N1P1P1R1 has       0       0       0        2.92
 Total of53479 atoms and17627 groups and16343 residues were included

 <MAKGRP> found      0 image group exclusions.

 NONBOND OPTION FLAGS: 
     ELEC     VDW      GROUps   CDIElec  SWITch   VGROup   VSWItch 
     BYGRoup  NOEXtnd  EWALd   
 CUTNB  = 14.000 CTEXNB =999.000 CTONNB = 12.000 CTOFNB = 13.000
 CGONNB =  0.000 CGOFNB = 10.000
 WMIN   =  0.500 WRNMXD =  0.500 E14FAC =  1.000 EPS    =  1.000
 NBXMOD =      5
 PME EWALD OPTIONS: KAPPA  =  0.340  QCOR =  0.000  Bspline order = 6
 FFTX=  90  FFTY=  90  FFTZ=  90
                Using Pub FFT
                Real-to-Complex FFT
 There are        0 atom  pairs and    78977 atom  exclusions.
 There are    49496 group pairs and     4702 group exclusions.
 Generating nonbond list with Exclusion mode = 5
 == PRIMARY == SPACE FOR 15367279 ATOM PAIRS AND  3080142 GROUP PAIRS

 General group nonbond list generation found:
    49833 GROUP PAIRS WERE FOUND FOR GROUP LIST
  3089469 GROUP PAIRS WERE BEYOND CUTOFFS
152225076 GROUP PAIRS WERE NOT SELECTED
 SPACE FOR        0 ATOM PAIRS AND  1676038 GROUP PAIRS

 Image group nonbond list generation found:
        0 GROUP PAIRS WERE FOUND FOR GROUP LIST
        0 GROUP PAIRS WERE BEYOND CUTOFFS
 GUPQME>    340 unique QM molecule-MM group interactions generated.
 GUPQME>      0 QM/MM group exclusions generated.
 GUPQMV>    340 group interactions generated for  17627 groups.
ENER ENR:  Eval#     ENERgy      Delta-E         GRMS
ENER INTERN:          BONDs       ANGLes       UREY-b    DIHEdrals    IMPRopers
ENER CROSS:           CMAPs        PMF1D        PMF2D        PRIMO
ENER EXTERN:        VDWaals         ELEC       HBONds          ASP         USER
ENER EWALD:          EWKSum       EWSElf       EWEXcl       EWQCor       EWUTil
ENER QUANTUM:        QMELec        QMVDw  
 ----------       ---------    ---------    ---------    ---------    ---------
ENER>        0 -35136.57385      0.00105      0.23787
ENER INTERN>       30.89599     87.12765      4.55643    285.82038      7.12305
ENER CROSS>       -17.07348      0.00000      0.00000      0.00000
ENER EXTERN>     -255.03471   -825.26026      0.00000      0.00000      0.00000
ENER EWALD>       2763.1780-1098967.0736 1062381.5826       0.0000       0.0000
ENER QUANTM>     -611.86286    -20.55298
 ----------       ---------    ---------    ---------    ---------    ---------
  
 CHARMM>       print resdistance
REDWRI:  Number of distance restraints=   1  Overall scale factor=      1.0000

 REDWRI: Evaluating restraint     1  KVAL=  2000.000 RVAL=     2.000
    Number of atom pairs=   2 Global Exponent=   2 Internal Exponent=   1 One sided mode= 0
      atom pair:  5685 HETA     223      C1       5695 HETA     223      C8         distance factor=      1.0000  Current distance=      3.441514
      atom pair:  5687 HETA     223      C3       5697 HETA     223      O4         distance factor=     -1.0000  Current distance=      1.442537
      Distance deviation=     -0.001023  Energy=       0.00105 Force=      -2.04587

 REDWRI:  Current number of restraints=   1

  
 CHARMM>       trajectory write
  
 CHARMM>       increase n by 1
 Parameter: N <- "42"
  
 CHARMM>       increase rc by 0.1
 Parameter: RC <- "2.1"
  
 CHARMM>    if rc le 2.0 goto loop
 Comparing "2.1" and "2.0".
 IF test evaluated as false.  Skipping command
  
 CHARMM>     
  
 CHARMM>     
  
 CHARMM>    stop
 VCLOSE: Closing unit   10 with status "KEEP"
 VCLOSE: Closing unit   20 with status "KEEP"
 VCLOSE: Closing unit   31 with status "KEEP"
$$$$$$  New timer profile $$$$$
   Shake Setup                     0.12 Other:            0.00
   Shake time                      0.83 Other:            0.00
      Image Update                    1.48 Other:            0.00
      NBONDS                          7.94 Other:            0.00
   List time                      25.93 Other:           16.51
               Fill charge grid               35.88 Other:            0.00
               Scalar sum                     16.86 Other:            0.00
               Grad sum                       29.91 Other:            0.00
               FFT                            21.26 Other:            0.00
            Recip Ewald time              104.58 Other:            0.66
         Ewald time                    104.58 Other:            0.00
      Nonbond force                 252.64 Other:          148.05
         Bond energy                     0.10 Other:            0.00
         Angle energy                    0.18 Other:            0.00
         Dihedral energy                 0.27 Other:            0.00
         Restraints energy              58.87 Other:            0.00
      INTRNL energy                  60.11 Other:            0.69
   Energy time                   312.74 Other:            0.00
 Total time                    339.62 Other:            0.00

                    NORMAL TERMINATION BY NORMAL STOP
                    MOST SEVERE WARNING WAS AT LEVEL -1

                    $$$$$ JOB ACCOUNTING INFORMATION $$$$$
                     ELAPSED TIME:     4.82  MINUTES 
                         CPU TIME:     6.01  MINUTES 
